Model,Model_0,precision_0,recall_0,f1-score_0,Model_1,precision_1,recall_1,f1-score_1,Model_accuracy,precision_accuracy,recall_accuracy,f1-score_accuracy,Model_macro_avg,precision_macro_avg,recall_macro_avg,f1-score_macro_avg,Model_weighted_avg,precision_weighted_avg,recall_weighted_avg,f1-score_weighted_avg
"ExtraTreesClassifier(criterion='entropy', max_features=120, n_estimators=80,
                     n_jobs=-1, random_state=42)",ExtraTreesClassifier(bootstrap_False)(ccp_alpha_0.0)(class_weight_None)(criterion_entropy)(max_depth_None)(max_features_120)(max_leaf_nodes_None)(max_samples_None)(min_impurity_decrease_0.0)(min_samples_leaf_1)(min_samples_split_2)(min_weight_fraction_leaf_0.0)(monotonic_cst_None)(n_estimators_80)(n_jobs_-1)(oob_score_False)(random_state_42)(verbose_0)(warm_start_False),0.9952837030304202,0.5880809595202399,0.6785244330290255,ExtraTreesClassifier(bootstrap_False)(ccp_alpha_0.0)(class_weight_None)(criterion_entropy)(max_depth_None)(max_features_120)(max_leaf_nodes_None)(max_samples_None)(min_impurity_decrease_0.0)(min_samples_leaf_1)(min_samples_split_2)(min_weight_fraction_leaf_0.0)(monotonic_cst_None)(n_estimators_80)(n_jobs_-1)(oob_score_False)(random_state_42)(verbose_0)(warm_start_False),0.0091111179091845,0.5,0.0172770995190529,ExtraTreesClassifier(bootstrap_False)(ccp_alpha_0.0)(class_weight_None)(criterion_entropy)(max_depth_None)(max_features_120)(max_leaf_nodes_None)(max_samples_None)(min_impurity_decrease_0.0)(min_samples_leaf_1)(min_samples_split_2)(min_weight_fraction_leaf_0.0)(monotonic_cst_None)(n_estimators_80)(n_jobs_-1)(oob_score_False)(random_state_42)(verbose_0)(warm_start_False),0.5874906924795235,0.5874906924795235,0.5874906924795235,ExtraTreesClassifier(bootstrap_False)(ccp_alpha_0.0)(class_weight_None)(criterion_entropy)(max_depth_None)(max_features_120)(max_leaf_nodes_None)(max_samples_None)(min_impurity_decrease_0.0)(min_samples_leaf_1)(min_samples_split_2)(min_weight_fraction_leaf_0.0)(monotonic_cst_None)(n_estimators_80)(n_jobs_-1)(oob_score_False)(random_state_42)(verbose_0)(warm_start_False),0.5021974104698024,0.5440404797601199,0.3479007662740392,ExtraTreesClassifier(bootstrap_False)(ccp_alpha_0.0)(class_weight_None)(criterion_entropy)(max_depth_None)(max_features_120)(max_leaf_nodes_None)(max_samples_None)(min_impurity_decrease_0.0)(min_samples_leaf_1)(min_samples_split_2)(min_weight_fraction_leaf_0.0)(monotonic_cst_None)(n_estimators_80)(n_jobs_-1)(oob_score_False)(random_state_42)(verbose_0)(warm_start_False),0.9886749515292356,0.5874906924795235,0.6740931403993979
"RandomForestClassifier(n_jobs=-1, random_state=42)",RandomForestClassifier(bootstrap_True)(ccp_alpha_0.0)(class_weight_None)(criterion_gini)(max_depth_None)(max_features_sqrt)(max_leaf_nodes_None)(max_samples_None)(min_impurity_decrease_0.0)(min_samples_leaf_1)(min_samples_split_2)(min_weight_fraction_leaf_0.0)(monotonic_cst_None)(n_estimators_100)(n_jobs_-1)(oob_score_False)(random_state_42)(verbose_0)(warm_start_False),0.9918675476772824,0.7065217391304348,0.807675504955909,RandomForestClassifier(bootstrap_True)(ccp_alpha_0.0)(class_weight_None)(criterion_gini)(max_depth_None)(max_features_sqrt)(max_leaf_nodes_None)(max_samples_None)(min_impurity_decrease_0.0)(min_samples_leaf_1)(min_samples_split_2)(min_weight_fraction_leaf_0.0)(monotonic_cst_None)(n_estimators_100)(n_jobs_-1)(oob_score_False)(random_state_42)(verbose_0)(warm_start_False),0.0022321428571428,0.1666666666666666,0.0044052863436123,RandomForestClassifier(bootstrap_True)(ccp_alpha_0.0)(class_weight_None)(criterion_gini)(max_depth_None)(max_features_sqrt)(max_leaf_nodes_None)(max_samples_None)(min_impurity_decrease_0.0)(min_samples_leaf_1)(min_samples_split_2)(min_weight_fraction_leaf_0.0)(monotonic_cst_None)(n_estimators_100)(n_jobs_-1)(oob_score_False)(random_state_42)(verbose_0)(warm_start_False),0.702903946388682,0.702903946388682,0.702903946388682,RandomForestClassifier(bootstrap_True)(ccp_alpha_0.0)(class_weight_None)(criterion_gini)(max_depth_None)(max_features_sqrt)(max_leaf_nodes_None)(max_samples_None)(min_impurity_decrease_0.0)(min_samples_leaf_1)(min_samples_split_2)(min_weight_fraction_leaf_0.0)(monotonic_cst_None)(n_estimators_100)(n_jobs_-1)(oob_score_False)(random_state_42)(verbose_0)(warm_start_False),0.4970498452672126,0.4365942028985507,0.4060403956497607,RandomForestClassifier(bootstrap_True)(ccp_alpha_0.0)(class_weight_None)(criterion_gini)(max_depth_None)(max_features_sqrt)(max_leaf_nodes_None)(max_samples_None)(min_impurity_decrease_0.0)(min_samples_leaf_1)(min_samples_split_2)(min_weight_fraction_leaf_0.0)(monotonic_cst_None)(n_estimators_100)(n_jobs_-1)(oob_score_False)(random_state_42)(verbose_0)(warm_start_False),0.9852355903851148,0.702903946388682,0.8022924580701976
"ExtraTreesClassifier(criterion='entropy', max_features=120, n_estimators=80,
                     n_jobs=-1, random_state=42)",ExtraTreesClassifier(bootstrap_False)(ccp_alpha_0.0)(class_weight_None)(criterion_entropy)(max_depth_None)(max_features_120)(max_leaf_nodes_None)(max_samples_None)(min_impurity_decrease_0.0)(min_samples_leaf_1)(min_samples_split_2)(min_weight_fraction_leaf_0.0)(monotonic_cst_None)(n_estimators_80)(n_jobs_-1)(oob_score_False)(random_state_42)(verbose_0)(warm_start_False),0.993592631270007,0.987631184407796,0.990582656439387,ExtraTreesClassifier(bootstrap_False)(ccp_alpha_0.0)(class_weight_None)(criterion_entropy)(max_depth_None)(max_features_120)(max_leaf_nodes_None)(max_samples_None)(min_impurity_decrease_0.0)(min_samples_leaf_1)(min_samples_split_2)(min_weight_fraction_leaf_0.0)(monotonic_cst_None)(n_estimators_80)(n_jobs_-1)(oob_score_False)(random_state_42)(verbose_0)(warm_start_False),0.0172413793103448,0.0555555555555555,0.0263157894736842,ExtraTreesClassifier(bootstrap_False)(ccp_alpha_0.0)(class_weight_None)(criterion_entropy)(max_depth_None)(max_features_120)(max_leaf_nodes_None)(max_samples_None)(min_impurity_decrease_0.0)(min_samples_leaf_1)(min_samples_split_2)(min_weight_fraction_leaf_0.0)(monotonic_cst_None)(n_estimators_80)(n_jobs_-1)(oob_score_False)(random_state_42)(verbose_0)(warm_start_False),0.98138495904691,0.98138495904691,0.98138495904691,ExtraTreesClassifier(bootstrap_False)(ccp_alpha_0.0)(class_weight_None)(criterion_entropy)(max_depth_None)(max_features_120)(max_leaf_nodes_None)(max_samples_None)(min_impurity_decrease_0.0)(min_samples_leaf_1)(min_samples_split_2)(min_weight_fraction_leaf_0.0)(monotonic_cst_None)(n_estimators_80)(n_jobs_-1)(oob_score_False)(random_state_42)(verbose_0)(warm_start_False),0.505417005290176,0.5215933699816758,0.5084492229565356,ExtraTreesClassifier(bootstrap_False)(ccp_alpha_0.0)(class_weight_None)(criterion_entropy)(max_depth_None)(max_features_120)(max_leaf_nodes_None)(max_samples_None)(min_impurity_decrease_0.0)(min_samples_leaf_1)(min_samples_split_2)(min_weight_fraction_leaf_0.0)(monotonic_cst_None)(n_estimators_80)(n_jobs_-1)(oob_score_False)(random_state_42)(verbose_0)(warm_start_False),0.9870496965956684,0.98138495904691,0.9841207042408082
"RandomForestClassifier(n_jobs=-1, random_state=42)",RandomForestClassifier(bootstrap_True)(ccp_alpha_0.0)(class_weight_None)(criterion_gini)(max_depth_None)(max_features_sqrt)(max_leaf_nodes_None)(max_samples_None)(min_impurity_decrease_0.0)(min_samples_leaf_1)(min_samples_split_2)(min_weight_fraction_leaf_0.0)(monotonic_cst_None)(n_estimators_100)(n_jobs_-1)(oob_score_False)(random_state_42)(verbose_0)(warm_start_False),0.994289119879402,0.975262368815592,0.9845828707220632,RandomForestClassifier(bootstrap_True)(ccp_alpha_0.0)(class_weight_None)(criterion_gini)(max_depth_None)(max_features_sqrt)(max_leaf_nodes_None)(max_samples_None)(min_impurity_decrease_0.0)(min_samples_leaf_1)(min_samples_split_2)(min_weight_fraction_leaf_0.0)(monotonic_cst_None)(n_estimators_100)(n_jobs_-1)(oob_score_False)(random_state_42)(verbose_0)(warm_start_False),0.0245901639344262,0.1666666666666666,0.0428571428571428,RandomForestClassifier(bootstrap_True)(ccp_alpha_0.0)(class_weight_None)(criterion_gini)(max_depth_None)(max_features_sqrt)(max_leaf_nodes_None)(max_samples_None)(min_impurity_decrease_0.0)(min_samples_leaf_1)(min_samples_split_2)(min_weight_fraction_leaf_0.0)(monotonic_cst_None)(n_estimators_100)(n_jobs_-1)(oob_score_False)(random_state_42)(verbose_0)(warm_start_False),0.969843633655994,0.969843633655994,0.969843633655994,RandomForestClassifier(bootstrap_True)(ccp_alpha_0.0)(class_weight_None)(criterion_gini)(max_depth_None)(max_features_sqrt)(max_leaf_nodes_None)(max_samples_None)(min_impurity_decrease_0.0)(min_samples_leaf_1)(min_samples_split_2)(min_weight_fraction_leaf_0.0)(monotonic_cst_None)(n_estimators_100)(n_jobs_-1)(oob_score_False)(random_state_42)(verbose_0)(warm_start_False),0.509439641906914,0.5709645177411294,0.5137200067896031,RandomForestClassifier(bootstrap_True)(ccp_alpha_0.0)(class_weight_None)(criterion_gini)(max_depth_None)(max_features_sqrt)(max_leaf_nodes_None)(max_samples_None)(min_impurity_decrease_0.0)(min_samples_leaf_1)(min_samples_split_2)(min_weight_fraction_leaf_0.0)(monotonic_cst_None)(n_estimators_100)(n_jobs_-1)(oob_score_False)(random_state_42)(verbose_0)(warm_start_False),0.9877907649996516,0.969843633655994,0.9782719760453809
"ExtraTreesClassifier(criterion='entropy', max_features=120, n_estimators=80,
                     n_jobs=-1, random_state=42)",ExtraTreesClassifier(bootstrap_False)(ccp_alpha_0.0)(class_weight_None)(criterion_entropy)(max_depth_None)(max_features_120)(max_leaf_nodes_None)(max_samples_None)(min_impurity_decrease_0.0)(min_samples_leaf_1)(min_samples_split_2)(min_weight_fraction_leaf_0.0)(monotonic_cst_None)(n_estimators_80)(n_jobs_-1)(oob_score_False)(random_state_42)(verbose_0)(warm_start_False),0.9949057422229386,0.9404047976011992,0.9666198324753006,ExtraTreesClassifier(bootstrap_False)(ccp_alpha_0.0)(class_weight_None)(criterion_entropy)(max_depth_None)(max_features_120)(max_leaf_nodes_None)(max_samples_None)(min_impurity_decrease_0.0)(min_samples_leaf_1)(min_samples_split_2)(min_weight_fraction_leaf_0.0)(monotonic_cst_None)(n_estimators_80)(n_jobs_-1)(oob_score_False)(random_state_42)(verbose_0)(warm_start_False),0.0201612903225806,0.2777777777777778,0.037593984962406,ExtraTreesClassifier(bootstrap_False)(ccp_alpha_0.0)(class_weight_None)(criterion_entropy)(max_depth_None)(max_features_120)(max_leaf_nodes_None)(max_samples_None)(min_impurity_decrease_0.0)(min_samples_leaf_1)(min_samples_split_2)(min_weight_fraction_leaf_0.0)(monotonic_cst_None)(n_estimators_80)(n_jobs_-1)(oob_score_False)(random_state_42)(verbose_0)(warm_start_False),0.9359642591213702,0.9359642591213702,0.9359642591213702,ExtraTreesClassifier(bootstrap_False)(ccp_alpha_0.0)(class_weight_None)(criterion_entropy)(max_depth_None)(max_features_120)(max_leaf_nodes_None)(max_samples_None)(min_impurity_decrease_0.0)(min_samples_leaf_1)(min_samples_split_2)(min_weight_fraction_leaf_0.0)(monotonic_cst_None)(n_estimators_80)(n_jobs_-1)(oob_score_False)(random_state_42)(verbose_0)(warm_start_False),0.5075335162727597,0.6090912876894886,0.5021069087188533,ExtraTreesClassifier(bootstrap_False)(ccp_alpha_0.0)(class_weight_None)(criterion_entropy)(max_depth_None)(max_features_120)(max_leaf_nodes_None)(max_samples_None)(min_impurity_decrease_0.0)(min_samples_leaf_1)(min_samples_split_2)(min_weight_fraction_leaf_0.0)(monotonic_cst_None)(n_estimators_80)(n_jobs_-1)(oob_score_False)(random_state_42)(verbose_0)(warm_start_False),0.9883735753822064,0.9359642591213702,0.9603940449640452
"RandomForestClassifier(n_jobs=-1, random_state=42)",RandomForestClassifier(bootstrap_True)(ccp_alpha_0.0)(class_weight_None)(criterion_gini)(max_depth_None)(max_features_sqrt)(max_leaf_nodes_None)(max_samples_None)(min_impurity_decrease_0.0)(min_samples_leaf_1)(min_samples_split_2)(min_weight_fraction_leaf_0.0)(monotonic_cst_None)(n_estimators_100)(n_jobs_-1)(oob_score_False)(random_state_42)(verbose_0)(warm_start_False),0.9948019871655136,0.9231634182908546,0.9568578168429942,RandomForestClassifier(bootstrap_True)(ccp_alpha_0.0)(class_weight_None)(criterion_gini)(max_depth_None)(max_features_sqrt)(max_leaf_nodes_None)(max_samples_None)(min_impurity_decrease_0.0)(min_samples_leaf_1)(min_samples_split_2)(min_weight_fraction_leaf_0.0)(monotonic_cst_None)(n_estimators_100)(n_jobs_-1)(oob_score_False)(random_state_42)(verbose_0)(warm_start_False),0.0260695187165775,0.2777777777777778,0.0448774355751099,RandomForestClassifier(bootstrap_True)(ccp_alpha_0.0)(class_weight_None)(criterion_gini)(max_depth_None)(max_features_sqrt)(max_leaf_nodes_None)(max_samples_None)(min_impurity_decrease_0.0)(min_samples_leaf_1)(min_samples_split_2)(min_weight_fraction_leaf_0.0)(monotonic_cst_None)(n_estimators_100)(n_jobs_-1)(oob_score_False)(random_state_42)(verbose_0)(warm_start_False),0.9188384214445272,0.9188384214445272,0.9188384214445272,RandomForestClassifier(bootstrap_True)(ccp_alpha_0.0)(class_weight_None)(criterion_gini)(max_depth_None)(max_features_sqrt)(max_leaf_nodes_None)(max_samples_None)(min_impurity_decrease_0.0)(min_samples_leaf_1)(min_samples_split_2)(min_weight_fraction_leaf_0.0)(monotonic_cst_None)(n_estimators_100)(n_jobs_-1)(oob_score_False)(random_state_42)(verbose_0)(warm_start_False),0.5104357529410455,0.6004705980343161,0.5008676262090521,RandomForestClassifier(bootstrap_True)(ccp_alpha_0.0)(class_weight_None)(criterion_gini)(max_depth_None)(max_features_sqrt)(max_leaf_nodes_None)(max_samples_None)(min_impurity_decrease_0.0)(min_samples_leaf_1)(min_samples_split_2)(min_weight_fraction_leaf_0.0)(monotonic_cst_None)(n_estimators_100)(n_jobs_-1)(oob_score_False)(random_state_42)(verbose_0)(warm_start_False),0.988310109119318,0.9188384214445272,0.950746258070536
"ExtraTreesClassifier(criterion='entropy', max_features=120, n_estimators=80,
                     n_jobs=-1, random_state=42)",ExtraTreesClassifier(bootstrap_False)(ccp_alpha_0.0)(class_weight_None)(criterion_entropy)(max_depth_None)(max_features_120)(max_leaf_nodes_None)(max_samples_None)(min_impurity_decrease_0.0)(min_samples_leaf_1)(min_samples_split_2)(min_weight_fraction_leaf_0.0)(monotonic_cst_None)(n_estimators_80)(n_jobs_-1)(oob_score_False)(random_state_42)(verbose_0)(warm_start_False),0.9949057422229386,0.9404047976011992,0.9666198324753006,ExtraTreesClassifier(bootstrap_False)(ccp_alpha_0.0)(class_weight_None)(criterion_entropy)(max_depth_None)(max_features_120)(max_leaf_nodes_None)(max_samples_None)(min_impurity_decrease_0.0)(min_samples_leaf_1)(min_samples_split_2)(min_weight_fraction_leaf_0.0)(monotonic_cst_None)(n_estimators_80)(n_jobs_-1)(oob_score_False)(random_state_42)(verbose_0)(warm_start_False),0.0201612903225806,0.2777777777777778,0.037593984962406,ExtraTreesClassifier(bootstrap_False)(ccp_alpha_0.0)(class_weight_None)(criterion_entropy)(max_depth_None)(max_features_120)(max_leaf_nodes_None)(max_samples_None)(min_impurity_decrease_0.0)(min_samples_leaf_1)(min_samples_split_2)(min_weight_fraction_leaf_0.0)(monotonic_cst_None)(n_estimators_80)(n_jobs_-1)(oob_score_False)(random_state_42)(verbose_0)(warm_start_False),0.9359642591213702,0.9359642591213702,0.9359642591213702,ExtraTreesClassifier(bootstrap_False)(ccp_alpha_0.0)(class_weight_None)(criterion_entropy)(max_depth_None)(max_features_120)(max_leaf_nodes_None)(max_samples_None)(min_impurity_decrease_0.0)(min_samples_leaf_1)(min_samples_split_2)(min_weight_fraction_leaf_0.0)(monotonic_cst_None)(n_estimators_80)(n_jobs_-1)(oob_score_False)(random_state_42)(verbose_0)(warm_start_False),0.5075335162727597,0.6090912876894886,0.5021069087188533,ExtraTreesClassifier(bootstrap_False)(ccp_alpha_0.0)(class_weight_None)(criterion_entropy)(max_depth_None)(max_features_120)(max_leaf_nodes_None)(max_samples_None)(min_impurity_decrease_0.0)(min_samples_leaf_1)(min_samples_split_2)(min_weight_fraction_leaf_0.0)(monotonic_cst_None)(n_estimators_80)(n_jobs_-1)(oob_score_False)(random_state_42)(verbose_0)(warm_start_False),0.9883735753822064,0.9359642591213702,0.9603940449640452
"RandomForestClassifier(n_jobs=-1, random_state=42)",RandomForestClassifier(bootstrap_True)(ccp_alpha_0.0)(class_weight_None)(criterion_gini)(max_depth_None)(max_features_sqrt)(max_leaf_nodes_None)(max_samples_None)(min_impurity_decrease_0.0)(min_samples_leaf_1)(min_samples_split_2)(min_weight_fraction_leaf_0.0)(monotonic_cst_None)(n_estimators_100)(n_jobs_-1)(oob_score_False)(random_state_42)(verbose_0)(warm_start_False),0.9948019871655136,0.9231634182908546,0.9568578168429942,RandomForestClassifier(bootstrap_True)(ccp_alpha_0.0)(class_weight_None)(criterion_gini)(max_depth_None)(max_features_sqrt)(max_leaf_nodes_None)(max_samples_None)(min_impurity_decrease_0.0)(min_samples_leaf_1)(min_samples_split_2)(min_weight_fraction_leaf_0.0)(monotonic_cst_None)(n_estimators_100)(n_jobs_-1)(oob_score_False)(random_state_42)(verbose_0)(warm_start_False),0.0260695187165775,0.2777777777777778,0.0448774355751099,RandomForestClassifier(bootstrap_True)(ccp_alpha_0.0)(class_weight_None)(criterion_gini)(max_depth_None)(max_features_sqrt)(max_leaf_nodes_None)(max_samples_None)(min_impurity_decrease_0.0)(min_samples_leaf_1)(min_samples_split_2)(min_weight_fraction_leaf_0.0)(monotonic_cst_None)(n_estimators_100)(n_jobs_-1)(oob_score_False)(random_state_42)(verbose_0)(warm_start_False),0.9188384214445272,0.9188384214445272,0.9188384214445272,RandomForestClassifier(bootstrap_True)(ccp_alpha_0.0)(class_weight_None)(criterion_gini)(max_depth_None)(max_features_sqrt)(max_leaf_nodes_None)(max_samples_None)(min_impurity_decrease_0.0)(min_samples_leaf_1)(min_samples_split_2)(min_weight_fraction_leaf_0.0)(monotonic_cst_None)(n_estimators_100)(n_jobs_-1)(oob_score_False)(random_state_42)(verbose_0)(warm_start_False),0.5104357529410455,0.6004705980343161,0.5008676262090521,RandomForestClassifier(bootstrap_True)(ccp_alpha_0.0)(class_weight_None)(criterion_gini)(max_depth_None)(max_features_sqrt)(max_leaf_nodes_None)(max_samples_None)(min_impurity_decrease_0.0)(min_samples_leaf_1)(min_samples_split_2)(min_weight_fraction_leaf_0.0)(monotonic_cst_None)(n_estimators_100)(n_jobs_-1)(oob_score_False)(random_state_42)(verbose_0)(warm_start_False),0.988310109119318,0.9188384214445272,0.950746258070536
"ExtraTreesClassifier(criterion='entropy', max_features=120, n_estimators=80,
                     n_jobs=-1, random_state=42)",ExtraTreesClassifier(bootstrap_False)(ccp_alpha_0.0)(class_weight_None)(criterion_entropy)(max_depth_None)(max_features_120)(max_leaf_nodes_None)(max_samples_None)(min_impurity_decrease_0.0)(min_samples_leaf_1)(min_samples_split_2)(min_weight_fraction_leaf_0.0)(monotonic_cst_None)(n_estimators_80)(n_jobs_-1)(oob_score_False)(random_state_42)(verbose_0)(warm_start_False),0.9949057422229386,0.9404047976011992,0.9666198324753006,ExtraTreesClassifier(bootstrap_False)(ccp_alpha_0.0)(class_weight_None)(criterion_entropy)(max_depth_None)(max_features_120)(max_leaf_nodes_None)(max_samples_None)(min_impurity_decrease_0.0)(min_samples_leaf_1)(min_samples_split_2)(min_weight_fraction_leaf_0.0)(monotonic_cst_None)(n_estimators_80)(n_jobs_-1)(oob_score_False)(random_state_42)(verbose_0)(warm_start_False),0.0201612903225806,0.2777777777777778,0.037593984962406,ExtraTreesClassifier(bootstrap_False)(ccp_alpha_0.0)(class_weight_None)(criterion_entropy)(max_depth_None)(max_features_120)(max_leaf_nodes_None)(max_samples_None)(min_impurity_decrease_0.0)(min_samples_leaf_1)(min_samples_split_2)(min_weight_fraction_leaf_0.0)(monotonic_cst_None)(n_estimators_80)(n_jobs_-1)(oob_score_False)(random_state_42)(verbose_0)(warm_start_False),0.9359642591213702,0.9359642591213702,0.9359642591213702,ExtraTreesClassifier(bootstrap_False)(ccp_alpha_0.0)(class_weight_None)(criterion_entropy)(max_depth_None)(max_features_120)(max_leaf_nodes_None)(max_samples_None)(min_impurity_decrease_0.0)(min_samples_leaf_1)(min_samples_split_2)(min_weight_fraction_leaf_0.0)(monotonic_cst_None)(n_estimators_80)(n_jobs_-1)(oob_score_False)(random_state_42)(verbose_0)(warm_start_False),0.5075335162727597,0.6090912876894886,0.5021069087188533,ExtraTreesClassifier(bootstrap_False)(ccp_alpha_0.0)(class_weight_None)(criterion_entropy)(max_depth_None)(max_features_120)(max_leaf_nodes_None)(max_samples_None)(min_impurity_decrease_0.0)(min_samples_leaf_1)(min_samples_split_2)(min_weight_fraction_leaf_0.0)(monotonic_cst_None)(n_estimators_80)(n_jobs_-1)(oob_score_False)(random_state_42)(verbose_0)(warm_start_False),0.9883735753822064,0.9359642591213702,0.9603940449640452
"RandomForestClassifier(n_jobs=-1, random_state=42)",RandomForestClassifier(bootstrap_True)(ccp_alpha_0.0)(class_weight_None)(criterion_gini)(max_depth_None)(max_features_sqrt)(max_leaf_nodes_None)(max_samples_None)(min_impurity_decrease_0.0)(min_samples_leaf_1)(min_samples_split_2)(min_weight_fraction_leaf_0.0)(monotonic_cst_None)(n_estimators_100)(n_jobs_-1)(oob_score_False)(random_state_42)(verbose_0)(warm_start_False),0.9948019871655136,0.9231634182908546,0.9568578168429942,RandomForestClassifier(bootstrap_True)(ccp_alpha_0.0)(class_weight_None)(criterion_gini)(max_depth_None)(max_features_sqrt)(max_leaf_nodes_None)(max_samples_None)(min_impurity_decrease_0.0)(min_samples_leaf_1)(min_samples_split_2)(min_weight_fraction_leaf_0.0)(monotonic_cst_None)(n_estimators_100)(n_jobs_-1)(oob_score_False)(random_state_42)(verbose_0)(warm_start_False),0.0260695187165775,0.2777777777777778,0.0448774355751099,RandomForestClassifier(bootstrap_True)(ccp_alpha_0.0)(class_weight_None)(criterion_gini)(max_depth_None)(max_features_sqrt)(max_leaf_nodes_None)(max_samples_None)(min_impurity_decrease_0.0)(min_samples_leaf_1)(min_samples_split_2)(min_weight_fraction_leaf_0.0)(monotonic_cst_None)(n_estimators_100)(n_jobs_-1)(oob_score_False)(random_state_42)(verbose_0)(warm_start_False),0.9188384214445272,0.9188384214445272,0.9188384214445272,RandomForestClassifier(bootstrap_True)(ccp_alpha_0.0)(class_weight_None)(criterion_gini)(max_depth_None)(max_features_sqrt)(max_leaf_nodes_None)(max_samples_None)(min_impurity_decrease_0.0)(min_samples_leaf_1)(min_samples_split_2)(min_weight_fraction_leaf_0.0)(monotonic_cst_None)(n_estimators_100)(n_jobs_-1)(oob_score_False)(random_state_42)(verbose_0)(warm_start_False),0.5104357529410455,0.6004705980343161,0.5008676262090521,RandomForestClassifier(bootstrap_True)(ccp_alpha_0.0)(class_weight_None)(criterion_gini)(max_depth_None)(max_features_sqrt)(max_leaf_nodes_None)(max_samples_None)(min_impurity_decrease_0.0)(min_samples_leaf_1)(min_samples_split_2)(min_weight_fraction_leaf_0.0)(monotonic_cst_None)(n_estimators_100)(n_jobs_-1)(oob_score_False)(random_state_42)(verbose_0)(warm_start_False),0.988310109119318,0.9188384214445272,0.950746258070536
"RandomForestClassifier(n_estimators=200, n_jobs=-1, random_state=42)",RandomForestClassifier(bootstrap_True)(ccp_alpha_0.0)(class_weight_None)(criterion_gini)(max_depth_None)(max_features_sqrt)(max_leaf_nodes_None)(max_samples_None)(min_impurity_decrease_0.0)(min_samples_leaf_1)(min_samples_split_2)(min_weight_fraction_leaf_0.0)(monotonic_cst_None)(n_estimators_200)(n_jobs_-1)(oob_score_False)(random_state_42)(verbose_0)(warm_start_False),0.994278093271382,0.676911544227886,0.7861666654535426,RandomForestClassifier(bootstrap_True)(ccp_alpha_0.0)(class_weight_None)(criterion_gini)(max_depth_None)(max_features_sqrt)(max_leaf_nodes_None)(max_samples_None)(min_impurity_decrease_0.0)(min_samples_leaf_1)(min_samples_split_2)(min_weight_fraction_leaf_0.0)(monotonic_cst_None)(n_estimators_200)(n_jobs_-1)(oob_score_False)(random_state_42)(verbose_0)(warm_start_False),0.0159434100571763,0.45,0.0302009998979695,RandomForestClassifier(bootstrap_True)(ccp_alpha_0.0)(class_weight_None)(criterion_gini)(max_depth_None)(max_features_sqrt)(max_leaf_nodes_None)(max_samples_None)(min_impurity_decrease_0.0)(min_samples_leaf_1)(min_samples_split_2)(min_weight_fraction_leaf_0.0)(monotonic_cst_None)(n_estimators_200)(n_jobs_-1)(oob_score_False)(random_state_42)(verbose_0)(warm_start_False),0.6751971559860904,0.6751971559860904,0.6751971559860904,RandomForestClassifier(bootstrap_True)(ccp_alpha_0.0)(class_weight_None)(criterion_gini)(max_depth_None)(max_features_sqrt)(max_leaf_nodes_None)(max_samples_None)(min_impurity_decrease_0.0)(min_samples_leaf_1)(min_samples_split_2)(min_weight_fraction_leaf_0.0)(monotonic_cst_None)(n_estimators_200)(n_jobs_-1)(oob_score_False)(random_state_42)(verbose_0)(warm_start_False),0.5051107516642791,0.563455772113943,0.4081838326757561,RandomForestClassifier(bootstrap_True)(ccp_alpha_0.0)(class_weight_None)(criterion_gini)(max_depth_None)(max_features_sqrt)(max_leaf_nodes_None)(max_samples_None)(min_impurity_decrease_0.0)(min_samples_leaf_1)(min_samples_split_2)(min_weight_fraction_leaf_0.0)(monotonic_cst_None)(n_estimators_200)(n_jobs_-1)(oob_score_False)(random_state_42)(verbose_0)(warm_start_False),0.9877295680127612,0.6751971559860904,0.7810021667763594
"KNeighborsClassifier(metric='manhattan', n_neighbors=2, weights='distance')",KNeighborsClassifier(algorithm_auto)(leaf_size_30)(metric_manhattan)(metric_params_None)(n_jobs_None)(n_neighbors_2)(p_2)(weights_distance),0.9927256105524356,0.7136431784107946,0.8301771654142432,KNeighborsClassifier(algorithm_auto)(leaf_size_30)(metric_manhattan)(metric_params_None)(n_jobs_None)(n_neighbors_2)(p_2)(weights_distance),0.0052361732300643,0.225,0.0102263856362217,KNeighborsClassifier(algorithm_auto)(leaf_size_30)(metric_manhattan)(metric_params_None)(n_jobs_None)(n_neighbors_2)(p_2)(weights_distance),0.7103348325172095,0.7103348325172095,0.7103348325172095,KNeighborsClassifier(algorithm_auto)(leaf_size_30)(metric_manhattan)(metric_params_None)(n_jobs_None)(n_neighbors_2)(p_2)(weights_distance),0.49898089189125,0.4693215892053973,0.4202017755252324,KNeighborsClassifier(algorithm_auto)(leaf_size_30)(metric_manhattan)(metric_params_None)(n_jobs_None)(n_neighbors_2)(p_2)(weights_distance),0.9861094690277952,0.7103348325172095,0.8246730089301069
"XGBClassifier(base_score=None, booster=None, callbacks=None,
              colsample_bylevel=None, colsample_bynode=None,
              colsample_bytree=None, device=None, early_stopping_rounds=None,
              enable_categorical=False, eval_metric=None, feature_types=None,
              feature_weights=None, gamma=0, grow_policy=None,
              importance_type=None, interaction_constraints=None,
              learning_rate=0.3, max_bin=None, max_cat_threshold=None,
              max_cat_to_onehot=None, max_delta_step=None, max_depth=6,
              max_leaves=None, min_child_weight=None, missing=nan,
              monotone_constraints=None, multi_strategy=None, n_estimators=100,
              n_jobs=-1, num_parallel_tree=None, ...)",XGBClassifier(objective_binary:logistic)(base_score_None)(booster_None)(callbacks_None)(colsample_bylevel_None)(colsample_bynode_None)(colsample_bytree_None)(device_None)(early_stopping_rounds_None)(enable_categorical_False)(eval_metric_None)(feature_types_None)(feature_weights_None)(gamma_0)(grow_policy_None)(importance_type_None)(interaction_constraints_None)(learning_rate_0.3)(max_bin_None)(max_cat_threshold_None)(max_cat_to_onehot_None)(max_delta_step_None)(max_depth_6)(max_leaves_None)(min_child_weight_None)(missing_nan)(monotone_constraints_None)(multi_strategy_None)(n_estimators_100)(n_jobs_-1)(num_parallel_tree_None)(random_state_42)(reg_alpha_None)(reg_lambda_None)(sampling_method_None)(scale_pos_weight_None)(subsample_1)(tree_method_None)(validate_parameters_None)(verbosity_None),0.9949603371191966,0.8628185907046477,0.9189039487851238,XGBClassifier(objective_binary:logistic)(base_score_None)(booster_None)(callbacks_None)(colsample_bylevel_None)(colsample_bynode_None)(colsample_bytree_None)(device_None)(early_stopping_rounds_None)(enable_categorical_False)(eval_metric_None)(feature_types_None)(feature_weights_None)(gamma_0)(grow_policy_None)(importance_type_None)(interaction_constraints_None)(learning_rate_0.3)(max_bin_None)(max_cat_threshold_None)(max_cat_to_onehot_None)(max_delta_step_None)(max_depth_6)(max_leaves_None)(min_child_weight_None)(missing_nan)(monotone_constraints_None)(multi_strategy_None)(n_estimators_100)(n_jobs_-1)(num_parallel_tree_None)(random_state_42)(reg_alpha_None)(reg_lambda_None)(sampling_method_None)(scale_pos_weight_None)(subsample_1)(tree_method_None)(validate_parameters_None)(verbosity_None),0.0082872928176795,0.3,0.0161290322580645,XGBClassifier(objective_binary:logistic)(base_score_None)(booster_None)(callbacks_None)(colsample_bylevel_None)(colsample_bynode_None)(colsample_bytree_None)(device_None)(early_stopping_rounds_None)(enable_categorical_False)(eval_metric_None)(feature_types_None)(feature_weights_None)(gamma_0)(grow_policy_None)(importance_type_None)(interaction_constraints_None)(learning_rate_0.3)(max_bin_None)(max_cat_threshold_None)(max_cat_to_onehot_None)(max_delta_step_None)(max_depth_6)(max_leaves_None)(min_child_weight_None)(missing_nan)(monotone_constraints_None)(multi_strategy_None)(n_estimators_100)(n_jobs_-1)(num_parallel_tree_None)(random_state_42)(reg_alpha_None)(reg_lambda_None)(sampling_method_None)(scale_pos_weight_None)(subsample_1)(tree_method_None)(validate_parameters_None)(verbosity_None),0.859365020225676,0.859365020225676,0.859365020225676,XGBClassifier(objective_binary:logistic)(base_score_None)(booster_None)(callbacks_None)(colsample_bylevel_None)(colsample_bynode_None)(colsample_bytree_None)(device_None)(early_stopping_rounds_None)(enable_categorical_False)(eval_metric_None)(feature_types_None)(feature_weights_None)(gamma_0)(grow_policy_None)(importance_type_None)(interaction_constraints_None)(learning_rate_0.3)(max_bin_None)(max_cat_threshold_None)(max_cat_to_onehot_None)(max_delta_step_None)(max_depth_6)(max_leaves_None)(min_child_weight_None)(missing_nan)(monotone_constraints_None)(multi_strategy_None)(n_estimators_100)(n_jobs_-1)(num_parallel_tree_None)(random_state_42)(reg_alpha_None)(reg_lambda_None)(sampling_method_None)(scale_pos_weight_None)(subsample_1)(tree_method_None)(validate_parameters_None)(verbosity_None),0.5016238149684381,0.5814092953523238,0.4675164905215941,XGBClassifier(objective_binary:logistic)(base_score_None)(booster_None)(callbacks_None)(colsample_bylevel_None)(colsample_bynode_None)(colsample_bytree_None)(device_None)(early_stopping_rounds_None)(enable_categorical_False)(eval_metric_None)(feature_types_None)(feature_weights_None)(gamma_0)(grow_policy_None)(importance_type_None)(interaction_constraints_None)(learning_rate_0.3)(max_bin_None)(max_cat_threshold_None)(max_cat_to_onehot_None)(max_delta_step_None)(max_depth_6)(max_leaves_None)(min_child_weight_None)(missing_nan)(monotone_constraints_None)(multi_strategy_None)(n_estimators_100)(n_jobs_-1)(num_parallel_tree_None)(random_state_42)(reg_alpha_None)(reg_lambda_None)(sampling_method_None)(scale_pos_weight_None)(subsample_1)(tree_method_None)(validate_parameters_None)(verbosity_None),0.9883541898739812,0.859365020225676,0.9129214920466242
SVC(C=20),SVC(C_20)(break_ties_False)(cache_size_200)(class_weight_None)(coef0_0.0)(decision_function_shape_ovr)(degree_3)(gamma_scale)(kernel_rbf)(max_iter_-1)(probability_False)(random_state_None)(shrinking_True)(tol_0.001)(verbose_False),0.9948173868312756,0.5389805097451275,0.6818015463176754,SVC(C_20)(break_ties_False)(cache_size_200)(class_weight_None)(coef0_0.0)(decision_function_shape_ovr)(degree_3)(gamma_scale)(kernel_rbf)(max_iter_-1)(probability_False)(random_state_None)(shrinking_True)(tol_0.001)(verbose_False),0.0087130062305295,0.575,0.0170967287084038,SVC(C_20)(break_ties_False)(cache_size_200)(class_weight_None)(coef0_0.0)(decision_function_shape_ovr)(degree_3)(gamma_scale)(kernel_rbf)(max_iter_-1)(probability_False)(random_state_None)(shrinking_True)(tol_0.001)(verbose_False),0.5389621478248527,0.5389621478248527,0.5389621478248527,SVC(C_20)(break_ties_False)(cache_size_200)(class_weight_None)(coef0_0.0)(decision_function_shape_ovr)(degree_3)(gamma_scale)(kernel_rbf)(max_iter_-1)(probability_False)(random_state_None)(shrinking_True)(tol_0.001)(verbose_False),0.5017651965309027,0.5569902548725637,0.3494491375130396,SVC(C_20)(break_ties_False)(cache_size_200)(class_weight_None)(coef0_0.0)(decision_function_shape_ovr)(degree_3)(gamma_scale)(kernel_rbf)(max_iter_-1)(probability_False)(random_state_None)(shrinking_True)(tol_0.001)(verbose_False),0.9882116849610184,0.5389621478248527,0.6772389296972583
"ExtraTreesClassifier(criterion='entropy', max_features=80, n_estimators=80,
                     random_state=42)",ExtraTreesClassifier(bootstrap_False)(ccp_alpha_0.0)(class_weight_None)(criterion_entropy)(max_depth_None)(max_features_80)(max_leaf_nodes_None)(max_samples_None)(min_impurity_decrease_0.0)(min_samples_leaf_1)(min_samples_split_2)(min_weight_fraction_leaf_0.0)(monotonic_cst_None)(n_estimators_80)(n_jobs_None)(oob_score_False)(random_state_42)(verbose_0)(warm_start_False),0.997971602434077,0.4992503748125937,0.6311143418789418,ExtraTreesClassifier(bootstrap_False)(ccp_alpha_0.0)(class_weight_None)(criterion_entropy)(max_depth_None)(max_features_80)(max_leaf_nodes_None)(max_samples_None)(min_impurity_decrease_0.0)(min_samples_leaf_1)(min_samples_split_2)(min_weight_fraction_leaf_0.0)(monotonic_cst_None)(n_estimators_80)(n_jobs_None)(oob_score_False)(random_state_42)(verbose_0)(warm_start_False),0.0124121463326725,0.8,0.0243043478260869,ExtraTreesClassifier(bootstrap_False)(ccp_alpha_0.0)(class_weight_None)(criterion_entropy)(max_depth_None)(max_features_80)(max_leaf_nodes_None)(max_samples_None)(min_impurity_decrease_0.0)(min_samples_leaf_1)(min_samples_split_2)(min_weight_fraction_leaf_0.0)(monotonic_cst_None)(n_estimators_80)(n_jobs_None)(oob_score_False)(random_state_42)(verbose_0)(warm_start_False),0.5009425342417146,0.5009425342417146,0.5009425342417146,ExtraTreesClassifier(bootstrap_False)(ccp_alpha_0.0)(class_weight_None)(criterion_entropy)(max_depth_None)(max_features_80)(max_leaf_nodes_None)(max_samples_None)(min_impurity_decrease_0.0)(min_samples_leaf_1)(min_samples_split_2)(min_weight_fraction_leaf_0.0)(monotonic_cst_None)(n_estimators_80)(n_jobs_None)(oob_score_False)(random_state_42)(verbose_0)(warm_start_False),0.5051918743833748,0.6496251874062968,0.3277093448525143,ExtraTreesClassifier(bootstrap_False)(ccp_alpha_0.0)(class_weight_None)(criterion_entropy)(max_depth_None)(max_features_80)(max_leaf_nodes_None)(max_samples_None)(min_impurity_decrease_0.0)(min_samples_leaf_1)(min_samples_split_2)(min_weight_fraction_leaf_0.0)(monotonic_cst_None)(n_estimators_80)(n_jobs_None)(oob_score_False)(random_state_42)(verbose_0)(warm_start_False),0.991372218316224,0.5009425342417146,0.626894992506971
"RandomForestClassifier(n_estimators=200, n_jobs=-1, random_state=42)",RandomForestClassifier(bootstrap_True)(ccp_alpha_0.0)(class_weight_None)(criterion_gini)(max_depth_None)(max_features_sqrt)(max_leaf_nodes_None)(max_samples_None)(min_impurity_decrease_0.0)(min_samples_leaf_1)(min_samples_split_2)(min_weight_fraction_leaf_0.0)(monotonic_cst_None)(n_estimators_200)(n_jobs_-1)(oob_score_False)(random_state_42)(verbose_0)(warm_start_False),0.994278093271382,0.676911544227886,0.7861666654535426,RandomForestClassifier(bootstrap_True)(ccp_alpha_0.0)(class_weight_None)(criterion_gini)(max_depth_None)(max_features_sqrt)(max_leaf_nodes_None)(max_samples_None)(min_impurity_decrease_0.0)(min_samples_leaf_1)(min_samples_split_2)(min_weight_fraction_leaf_0.0)(monotonic_cst_None)(n_estimators_200)(n_jobs_-1)(oob_score_False)(random_state_42)(verbose_0)(warm_start_False),0.0159434100571763,0.45,0.0302009998979695,RandomForestClassifier(bootstrap_True)(ccp_alpha_0.0)(class_weight_None)(criterion_gini)(max_depth_None)(max_features_sqrt)(max_leaf_nodes_None)(max_samples_None)(min_impurity_decrease_0.0)(min_samples_leaf_1)(min_samples_split_2)(min_weight_fraction_leaf_0.0)(monotonic_cst_None)(n_estimators_200)(n_jobs_-1)(oob_score_False)(random_state_42)(verbose_0)(warm_start_False),0.6751971559860904,0.6751971559860904,0.6751971559860904,RandomForestClassifier(bootstrap_True)(ccp_alpha_0.0)(class_weight_None)(criterion_gini)(max_depth_None)(max_features_sqrt)(max_leaf_nodes_None)(max_samples_None)(min_impurity_decrease_0.0)(min_samples_leaf_1)(min_samples_split_2)(min_weight_fraction_leaf_0.0)(monotonic_cst_None)(n_estimators_200)(n_jobs_-1)(oob_score_False)(random_state_42)(verbose_0)(warm_start_False),0.5051107516642791,0.563455772113943,0.4081838326757561,RandomForestClassifier(bootstrap_True)(ccp_alpha_0.0)(class_weight_None)(criterion_gini)(max_depth_None)(max_features_sqrt)(max_leaf_nodes_None)(max_samples_None)(min_impurity_decrease_0.0)(min_samples_leaf_1)(min_samples_split_2)(min_weight_fraction_leaf_0.0)(monotonic_cst_None)(n_estimators_200)(n_jobs_-1)(oob_score_False)(random_state_42)(verbose_0)(warm_start_False),0.9877295680127612,0.6751971559860904,0.7810021667763594
"KNeighborsClassifier(metric='manhattan', n_neighbors=2, weights='distance')",KNeighborsClassifier(algorithm_auto)(leaf_size_30)(metric_manhattan)(metric_params_None)(n_jobs_None)(n_neighbors_2)(p_2)(weights_distance),0.9927256105524356,0.7136431784107946,0.8301771654142432,KNeighborsClassifier(algorithm_auto)(leaf_size_30)(metric_manhattan)(metric_params_None)(n_jobs_None)(n_neighbors_2)(p_2)(weights_distance),0.0052361732300643,0.225,0.0102263856362217,KNeighborsClassifier(algorithm_auto)(leaf_size_30)(metric_manhattan)(metric_params_None)(n_jobs_None)(n_neighbors_2)(p_2)(weights_distance),0.7103348325172095,0.7103348325172095,0.7103348325172095,KNeighborsClassifier(algorithm_auto)(leaf_size_30)(metric_manhattan)(metric_params_None)(n_jobs_None)(n_neighbors_2)(p_2)(weights_distance),0.49898089189125,0.4693215892053973,0.4202017755252324,KNeighborsClassifier(algorithm_auto)(leaf_size_30)(metric_manhattan)(metric_params_None)(n_jobs_None)(n_neighbors_2)(p_2)(weights_distance),0.9861094690277952,0.7103348325172095,0.8246730089301069
"XGBClassifier(base_score=None, booster=None, callbacks=None,
              colsample_bylevel=None, colsample_bynode=None,
              colsample_bytree=None, device=None, early_stopping_rounds=None,
              enable_categorical=False, eval_metric=None, feature_types=None,
              feature_weights=None, gamma=0, grow_policy=None,
              importance_type=None, interaction_constraints=None,
              learning_rate=0.3, max_bin=None, max_cat_threshold=None,
              max_cat_to_onehot=None, max_delta_step=None, max_depth=6,
              max_leaves=None, min_child_weight=None, missing=nan,
              monotone_constraints=None, multi_strategy=None, n_estimators=100,
              n_jobs=-1, num_parallel_tree=None, ...)",XGBClassifier(objective_binary:logistic)(base_score_None)(booster_None)(callbacks_None)(colsample_bylevel_None)(colsample_bynode_None)(colsample_bytree_None)(device_None)(early_stopping_rounds_None)(enable_categorical_False)(eval_metric_None)(feature_types_None)(feature_weights_None)(gamma_0)(grow_policy_None)(importance_type_None)(interaction_constraints_None)(learning_rate_0.3)(max_bin_None)(max_cat_threshold_None)(max_cat_to_onehot_None)(max_delta_step_None)(max_depth_6)(max_leaves_None)(min_child_weight_None)(missing_nan)(monotone_constraints_None)(multi_strategy_None)(n_estimators_100)(n_jobs_-1)(num_parallel_tree_None)(random_state_42)(reg_alpha_None)(reg_lambda_None)(sampling_method_None)(scale_pos_weight_None)(subsample_1)(tree_method_None)(validate_parameters_None)(verbosity_None),0.9949603371191966,0.8628185907046477,0.9189039487851238,XGBClassifier(objective_binary:logistic)(base_score_None)(booster_None)(callbacks_None)(colsample_bylevel_None)(colsample_bynode_None)(colsample_bytree_None)(device_None)(early_stopping_rounds_None)(enable_categorical_False)(eval_metric_None)(feature_types_None)(feature_weights_None)(gamma_0)(grow_policy_None)(importance_type_None)(interaction_constraints_None)(learning_rate_0.3)(max_bin_None)(max_cat_threshold_None)(max_cat_to_onehot_None)(max_delta_step_None)(max_depth_6)(max_leaves_None)(min_child_weight_None)(missing_nan)(monotone_constraints_None)(multi_strategy_None)(n_estimators_100)(n_jobs_-1)(num_parallel_tree_None)(random_state_42)(reg_alpha_None)(reg_lambda_None)(sampling_method_None)(scale_pos_weight_None)(subsample_1)(tree_method_None)(validate_parameters_None)(verbosity_None),0.0082872928176795,0.3,0.0161290322580645,XGBClassifier(objective_binary:logistic)(base_score_None)(booster_None)(callbacks_None)(colsample_bylevel_None)(colsample_bynode_None)(colsample_bytree_None)(device_None)(early_stopping_rounds_None)(enable_categorical_False)(eval_metric_None)(feature_types_None)(feature_weights_None)(gamma_0)(grow_policy_None)(importance_type_None)(interaction_constraints_None)(learning_rate_0.3)(max_bin_None)(max_cat_threshold_None)(max_cat_to_onehot_None)(max_delta_step_None)(max_depth_6)(max_leaves_None)(min_child_weight_None)(missing_nan)(monotone_constraints_None)(multi_strategy_None)(n_estimators_100)(n_jobs_-1)(num_parallel_tree_None)(random_state_42)(reg_alpha_None)(reg_lambda_None)(sampling_method_None)(scale_pos_weight_None)(subsample_1)(tree_method_None)(validate_parameters_None)(verbosity_None),0.859365020225676,0.859365020225676,0.859365020225676,XGBClassifier(objective_binary:logistic)(base_score_None)(booster_None)(callbacks_None)(colsample_bylevel_None)(colsample_bynode_None)(colsample_bytree_None)(device_None)(early_stopping_rounds_None)(enable_categorical_False)(eval_metric_None)(feature_types_None)(feature_weights_None)(gamma_0)(grow_policy_None)(importance_type_None)(interaction_constraints_None)(learning_rate_0.3)(max_bin_None)(max_cat_threshold_None)(max_cat_to_onehot_None)(max_delta_step_None)(max_depth_6)(max_leaves_None)(min_child_weight_None)(missing_nan)(monotone_constraints_None)(multi_strategy_None)(n_estimators_100)(n_jobs_-1)(num_parallel_tree_None)(random_state_42)(reg_alpha_None)(reg_lambda_None)(sampling_method_None)(scale_pos_weight_None)(subsample_1)(tree_method_None)(validate_parameters_None)(verbosity_None),0.5016238149684381,0.5814092953523238,0.4675164905215941,XGBClassifier(objective_binary:logistic)(base_score_None)(booster_None)(callbacks_None)(colsample_bylevel_None)(colsample_bynode_None)(colsample_bytree_None)(device_None)(early_stopping_rounds_None)(enable_categorical_False)(eval_metric_None)(feature_types_None)(feature_weights_None)(gamma_0)(grow_policy_None)(importance_type_None)(interaction_constraints_None)(learning_rate_0.3)(max_bin_None)(max_cat_threshold_None)(max_cat_to_onehot_None)(max_delta_step_None)(max_depth_6)(max_leaves_None)(min_child_weight_None)(missing_nan)(monotone_constraints_None)(multi_strategy_None)(n_estimators_100)(n_jobs_-1)(num_parallel_tree_None)(random_state_42)(reg_alpha_None)(reg_lambda_None)(sampling_method_None)(scale_pos_weight_None)(subsample_1)(tree_method_None)(validate_parameters_None)(verbosity_None),0.9883541898739812,0.859365020225676,0.9129214920466242
SVC(C=20),SVC(C_20)(break_ties_False)(cache_size_200)(class_weight_None)(coef0_0.0)(decision_function_shape_ovr)(degree_3)(gamma_scale)(kernel_rbf)(max_iter_-1)(probability_False)(random_state_None)(shrinking_True)(tol_0.001)(verbose_False),0.9948173868312756,0.5389805097451275,0.6818015463176754,SVC(C_20)(break_ties_False)(cache_size_200)(class_weight_None)(coef0_0.0)(decision_function_shape_ovr)(degree_3)(gamma_scale)(kernel_rbf)(max_iter_-1)(probability_False)(random_state_None)(shrinking_True)(tol_0.001)(verbose_False),0.0087130062305295,0.575,0.0170967287084038,SVC(C_20)(break_ties_False)(cache_size_200)(class_weight_None)(coef0_0.0)(decision_function_shape_ovr)(degree_3)(gamma_scale)(kernel_rbf)(max_iter_-1)(probability_False)(random_state_None)(shrinking_True)(tol_0.001)(verbose_False),0.5389621478248527,0.5389621478248527,0.5389621478248527,SVC(C_20)(break_ties_False)(cache_size_200)(class_weight_None)(coef0_0.0)(decision_function_shape_ovr)(degree_3)(gamma_scale)(kernel_rbf)(max_iter_-1)(probability_False)(random_state_None)(shrinking_True)(tol_0.001)(verbose_False),0.5017651965309027,0.5569902548725637,0.3494491375130396,SVC(C_20)(break_ties_False)(cache_size_200)(class_weight_None)(coef0_0.0)(decision_function_shape_ovr)(degree_3)(gamma_scale)(kernel_rbf)(max_iter_-1)(probability_False)(random_state_None)(shrinking_True)(tol_0.001)(verbose_False),0.9882116849610184,0.5389621478248527,0.6772389296972583
"ExtraTreesClassifier(criterion='entropy', max_features=80, n_estimators=80,
                     random_state=42)",ExtraTreesClassifier(bootstrap_False)(ccp_alpha_0.0)(class_weight_None)(criterion_entropy)(max_depth_None)(max_features_80)(max_leaf_nodes_None)(max_samples_None)(min_impurity_decrease_0.0)(min_samples_leaf_1)(min_samples_split_2)(min_weight_fraction_leaf_0.0)(monotonic_cst_None)(n_estimators_80)(n_jobs_None)(oob_score_False)(random_state_42)(verbose_0)(warm_start_False),0.997971602434077,0.4992503748125937,0.6311143418789418,ExtraTreesClassifier(bootstrap_False)(ccp_alpha_0.0)(class_weight_None)(criterion_entropy)(max_depth_None)(max_features_80)(max_leaf_nodes_None)(max_samples_None)(min_impurity_decrease_0.0)(min_samples_leaf_1)(min_samples_split_2)(min_weight_fraction_leaf_0.0)(monotonic_cst_None)(n_estimators_80)(n_jobs_None)(oob_score_False)(random_state_42)(verbose_0)(warm_start_False),0.0124121463326725,0.8,0.0243043478260869,ExtraTreesClassifier(bootstrap_False)(ccp_alpha_0.0)(class_weight_None)(criterion_entropy)(max_depth_None)(max_features_80)(max_leaf_nodes_None)(max_samples_None)(min_impurity_decrease_0.0)(min_samples_leaf_1)(min_samples_split_2)(min_weight_fraction_leaf_0.0)(monotonic_cst_None)(n_estimators_80)(n_jobs_None)(oob_score_False)(random_state_42)(verbose_0)(warm_start_False),0.5009425342417146,0.5009425342417146,0.5009425342417146,ExtraTreesClassifier(bootstrap_False)(ccp_alpha_0.0)(class_weight_None)(criterion_entropy)(max_depth_None)(max_features_80)(max_leaf_nodes_None)(max_samples_None)(min_impurity_decrease_0.0)(min_samples_leaf_1)(min_samples_split_2)(min_weight_fraction_leaf_0.0)(monotonic_cst_None)(n_estimators_80)(n_jobs_None)(oob_score_False)(random_state_42)(verbose_0)(warm_start_False),0.5051918743833748,0.6496251874062968,0.3277093448525143,ExtraTreesClassifier(bootstrap_False)(ccp_alpha_0.0)(class_weight_None)(criterion_entropy)(max_depth_None)(max_features_80)(max_leaf_nodes_None)(max_samples_None)(min_impurity_decrease_0.0)(min_samples_leaf_1)(min_samples_split_2)(min_weight_fraction_leaf_0.0)(monotonic_cst_None)(n_estimators_80)(n_jobs_None)(oob_score_False)(random_state_42)(verbose_0)(warm_start_False),0.991372218316224,0.5009425342417146,0.626894992506971
"RandomForestClassifier(n_estimators=200, n_jobs=-1, random_state=42)",RandomForestClassifier(bootstrap_True)(ccp_alpha_0.0)(class_weight_None)(criterion_gini)(max_depth_None)(max_features_sqrt)(max_leaf_nodes_None)(max_samples_None)(min_impurity_decrease_0.0)(min_samples_leaf_1)(min_samples_split_2)(min_weight_fraction_leaf_0.0)(monotonic_cst_None)(n_estimators_200)(n_jobs_-1)(oob_score_False)(random_state_42)(verbose_0)(warm_start_False),0.9950200829441922,0.7413793103448276,0.8479677663280534,RandomForestClassifier(bootstrap_True)(ccp_alpha_0.0)(class_weight_None)(criterion_gini)(max_depth_None)(max_features_sqrt)(max_leaf_nodes_None)(max_samples_None)(min_impurity_decrease_0.0)(min_samples_leaf_1)(min_samples_split_2)(min_weight_fraction_leaf_0.0)(monotonic_cst_None)(n_estimators_200)(n_jobs_-1)(oob_score_False)(random_state_42)(verbose_0)(warm_start_False),0.0122585177379697,0.45,0.0237834246802856,RandomForestClassifier(bootstrap_True)(ccp_alpha_0.0)(class_weight_None)(criterion_gini)(max_depth_None)(max_features_sqrt)(max_leaf_nodes_None)(max_samples_None)(min_impurity_decrease_0.0)(min_samples_leaf_1)(min_samples_split_2)(min_weight_fraction_leaf_0.0)(monotonic_cst_None)(n_estimators_200)(n_jobs_-1)(oob_score_False)(random_state_42)(verbose_0)(warm_start_False),0.7393404921581151,0.7393404921581151,0.7393404921581151,RandomForestClassifier(bootstrap_True)(ccp_alpha_0.0)(class_weight_None)(criterion_gini)(max_depth_None)(max_features_sqrt)(max_leaf_nodes_None)(max_samples_None)(min_impurity_decrease_0.0)(min_samples_leaf_1)(min_samples_split_2)(min_weight_fraction_leaf_0.0)(monotonic_cst_None)(n_estimators_200)(n_jobs_-1)(oob_score_False)(random_state_42)(verbose_0)(warm_start_False),0.5036393003410811,0.5956896551724138,0.4358755955041695,RandomForestClassifier(bootstrap_True)(ccp_alpha_0.0)(class_weight_None)(criterion_gini)(max_depth_None)(max_features_sqrt)(max_leaf_nodes_None)(max_samples_None)(min_impurity_decrease_0.0)(min_samples_leaf_1)(min_samples_split_2)(min_weight_fraction_leaf_0.0)(monotonic_cst_None)(n_estimators_200)(n_jobs_-1)(oob_score_False)(random_state_42)(verbose_0)(warm_start_False),0.9884374540119746,0.7393404921581151,0.8424170381016904
"KNeighborsClassifier(metric='manhattan', n_neighbors=2, weights='distance')",KNeighborsClassifier(algorithm_auto)(leaf_size_30)(metric_manhattan)(metric_params_None)(n_jobs_None)(n_neighbors_2)(p_2)(weights_distance),0.9936409715670496,0.6934032983508246,0.8163839780858502,KNeighborsClassifier(algorithm_auto)(leaf_size_30)(metric_manhattan)(metric_params_None)(n_jobs_None)(n_neighbors_2)(p_2)(weights_distance),0.007107989046315,0.35,0.0139211665527455,KNeighborsClassifier(algorithm_auto)(leaf_size_30)(metric_manhattan)(metric_params_None)(n_jobs_None)(n_neighbors_2)(p_2)(weights_distance),0.6909685260095095,0.6909685260095095,0.6909685260095095,KNeighborsClassifier(algorithm_auto)(leaf_size_30)(metric_manhattan)(metric_params_None)(n_jobs_None)(n_neighbors_2)(p_2)(weights_distance),0.5003744803066823,0.5217016491754123,0.4151525723192978,KNeighborsClassifier(algorithm_auto)(leaf_size_30)(metric_manhattan)(metric_params_None)(n_jobs_None)(n_neighbors_2)(p_2)(weights_distance),0.9870304605702244,0.6909685260095095,0.8109889597928022
"XGBClassifier(base_score=None, booster=None, callbacks=None,
              colsample_bylevel=None, colsample_bynode=None,
              colsample_bytree=None, device=None, early_stopping_rounds=None,
              enable_categorical=False, eval_metric=None, feature_types=None,
              feature_weights=None, gamma=0, grow_policy=None,
              importance_type=None, interaction_constraints=None,
              learning_rate=0.3, max_bin=None, max_cat_threshold=None,
              max_cat_to_onehot=None, max_delta_step=None, max_depth=6,
              max_leaves=None, min_child_weight=None, missing=nan,
              monotone_constraints=None, multi_strategy=None, n_estimators=100,
              n_jobs=-1, num_parallel_tree=None, ...)",XGBClassifier(objective_binary:logistic)(base_score_None)(booster_None)(callbacks_None)(colsample_bylevel_None)(colsample_bynode_None)(colsample_bytree_None)(device_None)(early_stopping_rounds_None)(enable_categorical_False)(eval_metric_None)(feature_types_None)(feature_weights_None)(gamma_0)(grow_policy_None)(importance_type_None)(interaction_constraints_None)(learning_rate_0.3)(max_bin_None)(max_cat_threshold_None)(max_cat_to_onehot_None)(max_delta_step_None)(max_depth_6)(max_leaves_None)(min_child_weight_None)(missing_nan)(monotone_constraints_None)(multi_strategy_None)(n_estimators_100)(n_jobs_-1)(num_parallel_tree_None)(random_state_42)(reg_alpha_None)(reg_lambda_None)(sampling_method_None)(scale_pos_weight_None)(subsample_1)(tree_method_None)(validate_parameters_None)(verbosity_None),0.994746830845229,0.8628185907046477,0.9211431304864964,XGBClassifier(objective_binary:logistic)(base_score_None)(booster_None)(callbacks_None)(colsample_bylevel_None)(colsample_bynode_None)(colsample_bytree_None)(device_None)(early_stopping_rounds_None)(enable_categorical_False)(eval_metric_None)(feature_types_None)(feature_weights_None)(gamma_0)(grow_policy_None)(importance_type_None)(interaction_constraints_None)(learning_rate_0.3)(max_bin_None)(max_cat_threshold_None)(max_cat_to_onehot_None)(max_delta_step_None)(max_depth_6)(max_leaves_None)(min_child_weight_None)(missing_nan)(monotone_constraints_None)(multi_strategy_None)(n_estimators_100)(n_jobs_-1)(num_parallel_tree_None)(random_state_42)(reg_alpha_None)(reg_lambda_None)(sampling_method_None)(scale_pos_weight_None)(subsample_1)(tree_method_None)(validate_parameters_None)(verbosity_None),0.0248078266946191,0.325,0.0444531864673485,XGBClassifier(objective_binary:logistic)(base_score_None)(booster_None)(callbacks_None)(colsample_bylevel_None)(colsample_bynode_None)(colsample_bytree_None)(device_None)(early_stopping_rounds_None)(enable_categorical_False)(eval_metric_None)(feature_types_None)(feature_weights_None)(gamma_0)(grow_policy_None)(importance_type_None)(interaction_constraints_None)(learning_rate_0.3)(max_bin_None)(max_cat_threshold_None)(max_cat_to_onehot_None)(max_delta_step_None)(max_depth_6)(max_leaves_None)(min_child_weight_None)(missing_nan)(monotone_constraints_None)(multi_strategy_None)(n_estimators_100)(n_jobs_-1)(num_parallel_tree_None)(random_state_42)(reg_alpha_None)(reg_lambda_None)(sampling_method_None)(scale_pos_weight_None)(subsample_1)(tree_method_None)(validate_parameters_None)(verbosity_None),0.8593428429494003,0.8593428429494003,0.8593428429494003,XGBClassifier(objective_binary:logistic)(base_score_None)(booster_None)(callbacks_None)(colsample_bylevel_None)(colsample_bynode_None)(colsample_bytree_None)(device_None)(early_stopping_rounds_None)(enable_categorical_False)(eval_metric_None)(feature_types_None)(feature_weights_None)(gamma_0)(grow_policy_None)(importance_type_None)(interaction_constraints_None)(learning_rate_0.3)(max_bin_None)(max_cat_threshold_None)(max_cat_to_onehot_None)(max_delta_step_None)(max_depth_6)(max_leaves_None)(min_child_weight_None)(missing_nan)(monotone_constraints_None)(multi_strategy_None)(n_estimators_100)(n_jobs_-1)(num_parallel_tree_None)(random_state_42)(reg_alpha_None)(reg_lambda_None)(sampling_method_None)(scale_pos_weight_None)(subsample_1)(tree_method_None)(validate_parameters_None)(verbosity_None),0.5097773287699241,0.5939092953523238,0.4827981584769224,XGBClassifier(objective_binary:logistic)(base_score_None)(booster_None)(callbacks_None)(colsample_bylevel_None)(colsample_bynode_None)(colsample_bytree_None)(device_None)(early_stopping_rounds_None)(enable_categorical_False)(eval_metric_None)(feature_types_None)(feature_weights_None)(gamma_0)(grow_policy_None)(importance_type_None)(interaction_constraints_None)(learning_rate_0.3)(max_bin_None)(max_cat_threshold_None)(max_cat_to_onehot_None)(max_delta_step_None)(max_depth_6)(max_leaves_None)(min_child_weight_None)(missing_nan)(monotone_constraints_None)(multi_strategy_None)(n_estimators_100)(n_jobs_-1)(num_parallel_tree_None)(random_state_42)(reg_alpha_None)(reg_lambda_None)(sampling_method_None)(scale_pos_weight_None)(subsample_1)(tree_method_None)(validate_parameters_None)(verbosity_None),0.9882387965010426,0.8593428429494003,0.9152956744769002
SVC(C=20),SVC(C_20)(break_ties_False)(cache_size_200)(class_weight_None)(coef0_0.0)(decision_function_shape_ovr)(degree_3)(gamma_scale)(kernel_rbf)(max_iter_-1)(probability_False)(random_state_None)(shrinking_True)(tol_0.001)(verbose_False),0.9947028167490172,0.5284857571214392,0.6716010498687663,SVC(C_20)(break_ties_False)(cache_size_200)(class_weight_None)(coef0_0.0)(decision_function_shape_ovr)(degree_3)(gamma_scale)(kernel_rbf)(max_iter_-1)(probability_False)(random_state_None)(shrinking_True)(tol_0.001)(verbose_False),0.0085266983505731,0.575,0.0167375790729609,SVC(C_20)(break_ties_False)(cache_size_200)(class_weight_None)(coef0_0.0)(decision_function_shape_ovr)(degree_3)(gamma_scale)(kernel_rbf)(max_iter_-1)(probability_False)(random_state_None)(shrinking_True)(tol_0.001)(verbose_False),0.5285343925200483,0.5285343925200483,0.5285343925200483,SVC(C_20)(break_ties_False)(cache_size_200)(class_weight_None)(coef0_0.0)(decision_function_shape_ovr)(degree_3)(gamma_scale)(kernel_rbf)(max_iter_-1)(probability_False)(random_state_None)(shrinking_True)(tol_0.001)(verbose_False),0.5016147575497951,0.5517428785607197,0.3441693144708637,SVC(C_20)(break_ties_False)(cache_size_200)(class_weight_None)(coef0_0.0)(decision_function_shape_ovr)(degree_3)(gamma_scale)(kernel_rbf)(max_iter_-1)(probability_False)(random_state_None)(shrinking_True)(tol_0.001)(verbose_False),0.9880965688463794,0.5285343925200482,0.6670998249821734
"ExtraTreesClassifier(criterion='entropy', max_features=80, n_estimators=80,
                     random_state=42)",ExtraTreesClassifier(bootstrap_False)(ccp_alpha_0.0)(class_weight_None)(criterion_entropy)(max_depth_None)(max_features_80)(max_leaf_nodes_None)(max_samples_None)(min_impurity_decrease_0.0)(min_samples_leaf_1)(min_samples_split_2)(min_weight_fraction_leaf_0.0)(monotonic_cst_None)(n_estimators_80)(n_jobs_None)(oob_score_False)(random_state_42)(verbose_0)(warm_start_False),0.9963156157147574,0.5907046476761619,0.7361451185832646,ExtraTreesClassifier(bootstrap_False)(ccp_alpha_0.0)(class_weight_None)(criterion_entropy)(max_depth_None)(max_features_80)(max_leaf_nodes_None)(max_samples_None)(min_impurity_decrease_0.0)(min_samples_leaf_1)(min_samples_split_2)(min_weight_fraction_leaf_0.0)(monotonic_cst_None)(n_estimators_80)(n_jobs_None)(oob_score_False)(random_state_42)(verbose_0)(warm_start_False),0.0116168135136651,0.675,0.0227894380501015,ExtraTreesClassifier(bootstrap_False)(ccp_alpha_0.0)(class_weight_None)(criterion_entropy)(max_depth_None)(max_features_80)(max_leaf_nodes_None)(max_samples_None)(min_impurity_decrease_0.0)(min_samples_leaf_1)(min_samples_split_2)(min_weight_fraction_leaf_0.0)(monotonic_cst_None)(n_estimators_80)(n_jobs_None)(oob_score_False)(random_state_42)(verbose_0)(warm_start_False),0.5911364079909162,0.5911364079909162,0.5911364079909162,ExtraTreesClassifier(bootstrap_False)(ccp_alpha_0.0)(class_weight_None)(criterion_entropy)(max_depth_None)(max_features_80)(max_leaf_nodes_None)(max_samples_None)(min_impurity_decrease_0.0)(min_samples_leaf_1)(min_samples_split_2)(min_weight_fraction_leaf_0.0)(monotonic_cst_None)(n_estimators_80)(n_jobs_None)(oob_score_False)(random_state_42)(verbose_0)(warm_start_False),0.5039662146142113,0.632852323838081,0.379467278316683,ExtraTreesClassifier(bootstrap_False)(ccp_alpha_0.0)(class_weight_None)(criterion_entropy)(max_depth_None)(max_features_80)(max_leaf_nodes_None)(max_samples_None)(min_impurity_decrease_0.0)(min_samples_leaf_1)(min_samples_split_2)(min_weight_fraction_leaf_0.0)(monotonic_cst_None)(n_estimators_80)(n_jobs_None)(oob_score_False)(random_state_42)(verbose_0)(warm_start_False),0.989719911334018,0.5911364079909162,0.7313078673134064
"RandomForestClassifier(n_estimators=200, n_jobs=-1, random_state=42)",RandomForestClassifier(bootstrap_True)(ccp_alpha_0.0)(class_weight_None)(criterion_gini)(max_depth_None)(max_features_sqrt)(max_leaf_nodes_None)(max_samples_None)(min_impurity_decrease_0.0)(min_samples_leaf_1)(min_samples_split_2)(min_weight_fraction_leaf_0.0)(monotonic_cst_None)(n_estimators_200)(n_jobs_-1)(oob_score_False)(random_state_42)(verbose_0)(warm_start_False),0.9950200829441922,0.7413793103448276,0.8479677663280534,RandomForestClassifier(bootstrap_True)(ccp_alpha_0.0)(class_weight_None)(criterion_gini)(max_depth_None)(max_features_sqrt)(max_leaf_nodes_None)(max_samples_None)(min_impurity_decrease_0.0)(min_samples_leaf_1)(min_samples_split_2)(min_weight_fraction_leaf_0.0)(monotonic_cst_None)(n_estimators_200)(n_jobs_-1)(oob_score_False)(random_state_42)(verbose_0)(warm_start_False),0.0122585177379697,0.45,0.0237834246802856,RandomForestClassifier(bootstrap_True)(ccp_alpha_0.0)(class_weight_None)(criterion_gini)(max_depth_None)(max_features_sqrt)(max_leaf_nodes_None)(max_samples_None)(min_impurity_decrease_0.0)(min_samples_leaf_1)(min_samples_split_2)(min_weight_fraction_leaf_0.0)(monotonic_cst_None)(n_estimators_200)(n_jobs_-1)(oob_score_False)(random_state_42)(verbose_0)(warm_start_False),0.7393404921581151,0.7393404921581151,0.7393404921581151,RandomForestClassifier(bootstrap_True)(ccp_alpha_0.0)(class_weight_None)(criterion_gini)(max_depth_None)(max_features_sqrt)(max_leaf_nodes_None)(max_samples_None)(min_impurity_decrease_0.0)(min_samples_leaf_1)(min_samples_split_2)(min_weight_fraction_leaf_0.0)(monotonic_cst_None)(n_estimators_200)(n_jobs_-1)(oob_score_False)(random_state_42)(verbose_0)(warm_start_False),0.5036393003410811,0.5956896551724138,0.4358755955041695,RandomForestClassifier(bootstrap_True)(ccp_alpha_0.0)(class_weight_None)(criterion_gini)(max_depth_None)(max_features_sqrt)(max_leaf_nodes_None)(max_samples_None)(min_impurity_decrease_0.0)(min_samples_leaf_1)(min_samples_split_2)(min_weight_fraction_leaf_0.0)(monotonic_cst_None)(n_estimators_200)(n_jobs_-1)(oob_score_False)(random_state_42)(verbose_0)(warm_start_False),0.9884374540119746,0.7393404921581151,0.8424170381016904
"KNeighborsClassifier(metric='manhattan', n_neighbors=2, weights='distance')",KNeighborsClassifier(algorithm_auto)(leaf_size_30)(metric_manhattan)(metric_params_None)(n_jobs_None)(n_neighbors_2)(p_2)(weights_distance),0.9936409715670496,0.6934032983508246,0.8163839780858502,KNeighborsClassifier(algorithm_auto)(leaf_size_30)(metric_manhattan)(metric_params_None)(n_jobs_None)(n_neighbors_2)(p_2)(weights_distance),0.007107989046315,0.35,0.0139211665527455,KNeighborsClassifier(algorithm_auto)(leaf_size_30)(metric_manhattan)(metric_params_None)(n_jobs_None)(n_neighbors_2)(p_2)(weights_distance),0.6909685260095095,0.6909685260095095,0.6909685260095095,KNeighborsClassifier(algorithm_auto)(leaf_size_30)(metric_manhattan)(metric_params_None)(n_jobs_None)(n_neighbors_2)(p_2)(weights_distance),0.5003744803066823,0.5217016491754123,0.4151525723192978,KNeighborsClassifier(algorithm_auto)(leaf_size_30)(metric_manhattan)(metric_params_None)(n_jobs_None)(n_neighbors_2)(p_2)(weights_distance),0.9870304605702244,0.6909685260095095,0.8109889597928022
"XGBClassifier(base_score=None, booster=None, callbacks=None,
              colsample_bylevel=None, colsample_bynode=None,
              colsample_bytree=None, device=None, early_stopping_rounds=None,
              enable_categorical=False, eval_metric=None, feature_types=None,
              feature_weights=None, gamma=0, grow_policy=None,
              importance_type=None, interaction_constraints=None,
              learning_rate=0.3, max_bin=None, max_cat_threshold=None,
              max_cat_to_onehot=None, max_delta_step=None, max_depth=6,
              max_leaves=None, min_child_weight=None, missing=nan,
              monotone_constraints=None, multi_strategy=None, n_estimators=100,
              n_jobs=-1, num_parallel_tree=None, ...)",XGBClassifier(objective_binary:logistic)(base_score_None)(booster_None)(callbacks_None)(colsample_bylevel_None)(colsample_bynode_None)(colsample_bytree_None)(device_None)(early_stopping_rounds_None)(enable_categorical_False)(eval_metric_None)(feature_types_None)(feature_weights_None)(gamma_0)(grow_policy_None)(importance_type_None)(interaction_constraints_None)(learning_rate_0.3)(max_bin_None)(max_cat_threshold_None)(max_cat_to_onehot_None)(max_delta_step_None)(max_depth_6)(max_leaves_None)(min_child_weight_None)(missing_nan)(monotone_constraints_None)(multi_strategy_None)(n_estimators_100)(n_jobs_-1)(num_parallel_tree_None)(random_state_42)(reg_alpha_None)(reg_lambda_None)(sampling_method_None)(scale_pos_weight_None)(subsample_1)(tree_method_None)(validate_parameters_None)(verbosity_None),0.994746830845229,0.8628185907046477,0.9211431304864964,XGBClassifier(objective_binary:logistic)(base_score_None)(booster_None)(callbacks_None)(colsample_bylevel_None)(colsample_bynode_None)(colsample_bytree_None)(device_None)(early_stopping_rounds_None)(enable_categorical_False)(eval_metric_None)(feature_types_None)(feature_weights_None)(gamma_0)(grow_policy_None)(importance_type_None)(interaction_constraints_None)(learning_rate_0.3)(max_bin_None)(max_cat_threshold_None)(max_cat_to_onehot_None)(max_delta_step_None)(max_depth_6)(max_leaves_None)(min_child_weight_None)(missing_nan)(monotone_constraints_None)(multi_strategy_None)(n_estimators_100)(n_jobs_-1)(num_parallel_tree_None)(random_state_42)(reg_alpha_None)(reg_lambda_None)(sampling_method_None)(scale_pos_weight_None)(subsample_1)(tree_method_None)(validate_parameters_None)(verbosity_None),0.0248078266946191,0.325,0.0444531864673485,XGBClassifier(objective_binary:logistic)(base_score_None)(booster_None)(callbacks_None)(colsample_bylevel_None)(colsample_bynode_None)(colsample_bytree_None)(device_None)(early_stopping_rounds_None)(enable_categorical_False)(eval_metric_None)(feature_types_None)(feature_weights_None)(gamma_0)(grow_policy_None)(importance_type_None)(interaction_constraints_None)(learning_rate_0.3)(max_bin_None)(max_cat_threshold_None)(max_cat_to_onehot_None)(max_delta_step_None)(max_depth_6)(max_leaves_None)(min_child_weight_None)(missing_nan)(monotone_constraints_None)(multi_strategy_None)(n_estimators_100)(n_jobs_-1)(num_parallel_tree_None)(random_state_42)(reg_alpha_None)(reg_lambda_None)(sampling_method_None)(scale_pos_weight_None)(subsample_1)(tree_method_None)(validate_parameters_None)(verbosity_None),0.8593428429494003,0.8593428429494003,0.8593428429494003,XGBClassifier(objective_binary:logistic)(base_score_None)(booster_None)(callbacks_None)(colsample_bylevel_None)(colsample_bynode_None)(colsample_bytree_None)(device_None)(early_stopping_rounds_None)(enable_categorical_False)(eval_metric_None)(feature_types_None)(feature_weights_None)(gamma_0)(grow_policy_None)(importance_type_None)(interaction_constraints_None)(learning_rate_0.3)(max_bin_None)(max_cat_threshold_None)(max_cat_to_onehot_None)(max_delta_step_None)(max_depth_6)(max_leaves_None)(min_child_weight_None)(missing_nan)(monotone_constraints_None)(multi_strategy_None)(n_estimators_100)(n_jobs_-1)(num_parallel_tree_None)(random_state_42)(reg_alpha_None)(reg_lambda_None)(sampling_method_None)(scale_pos_weight_None)(subsample_1)(tree_method_None)(validate_parameters_None)(verbosity_None),0.5097773287699241,0.5939092953523238,0.4827981584769224,XGBClassifier(objective_binary:logistic)(base_score_None)(booster_None)(callbacks_None)(colsample_bylevel_None)(colsample_bynode_None)(colsample_bytree_None)(device_None)(early_stopping_rounds_None)(enable_categorical_False)(eval_metric_None)(feature_types_None)(feature_weights_None)(gamma_0)(grow_policy_None)(importance_type_None)(interaction_constraints_None)(learning_rate_0.3)(max_bin_None)(max_cat_threshold_None)(max_cat_to_onehot_None)(max_delta_step_None)(max_depth_6)(max_leaves_None)(min_child_weight_None)(missing_nan)(monotone_constraints_None)(multi_strategy_None)(n_estimators_100)(n_jobs_-1)(num_parallel_tree_None)(random_state_42)(reg_alpha_None)(reg_lambda_None)(sampling_method_None)(scale_pos_weight_None)(subsample_1)(tree_method_None)(validate_parameters_None)(verbosity_None),0.9882387965010426,0.8593428429494003,0.9152956744769002
SVC(C=20),SVC(C_20)(break_ties_False)(cache_size_200)(class_weight_None)(coef0_0.0)(decision_function_shape_ovr)(degree_3)(gamma_scale)(kernel_rbf)(max_iter_-1)(probability_False)(random_state_None)(shrinking_True)(tol_0.001)(verbose_False),0.9947028167490172,0.5284857571214392,0.6716010498687663,SVC(C_20)(break_ties_False)(cache_size_200)(class_weight_None)(coef0_0.0)(decision_function_shape_ovr)(degree_3)(gamma_scale)(kernel_rbf)(max_iter_-1)(probability_False)(random_state_None)(shrinking_True)(tol_0.001)(verbose_False),0.0085266983505731,0.575,0.0167375790729609,SVC(C_20)(break_ties_False)(cache_size_200)(class_weight_None)(coef0_0.0)(decision_function_shape_ovr)(degree_3)(gamma_scale)(kernel_rbf)(max_iter_-1)(probability_False)(random_state_None)(shrinking_True)(tol_0.001)(verbose_False),0.5285343925200483,0.5285343925200483,0.5285343925200483,SVC(C_20)(break_ties_False)(cache_size_200)(class_weight_None)(coef0_0.0)(decision_function_shape_ovr)(degree_3)(gamma_scale)(kernel_rbf)(max_iter_-1)(probability_False)(random_state_None)(shrinking_True)(tol_0.001)(verbose_False),0.5016147575497951,0.5517428785607197,0.3441693144708637,SVC(C_20)(break_ties_False)(cache_size_200)(class_weight_None)(coef0_0.0)(decision_function_shape_ovr)(degree_3)(gamma_scale)(kernel_rbf)(max_iter_-1)(probability_False)(random_state_None)(shrinking_True)(tol_0.001)(verbose_False),0.9880965688463794,0.5285343925200482,0.6670998249821734
"ExtraTreesClassifier(criterion='entropy', max_features=80, n_estimators=80,
                     random_state=42)",ExtraTreesClassifier(bootstrap_False)(ccp_alpha_0.0)(class_weight_None)(criterion_entropy)(max_depth_None)(max_features_80)(max_leaf_nodes_None)(max_samples_None)(min_impurity_decrease_0.0)(min_samples_leaf_1)(min_samples_split_2)(min_weight_fraction_leaf_0.0)(monotonic_cst_None)(n_estimators_80)(n_jobs_None)(oob_score_False)(random_state_42)(verbose_0)(warm_start_False),0.9963156157147574,0.5907046476761619,0.7361451185832646,ExtraTreesClassifier(bootstrap_False)(ccp_alpha_0.0)(class_weight_None)(criterion_entropy)(max_depth_None)(max_features_80)(max_leaf_nodes_None)(max_samples_None)(min_impurity_decrease_0.0)(min_samples_leaf_1)(min_samples_split_2)(min_weight_fraction_leaf_0.0)(monotonic_cst_None)(n_estimators_80)(n_jobs_None)(oob_score_False)(random_state_42)(verbose_0)(warm_start_False),0.0116168135136651,0.675,0.0227894380501015,ExtraTreesClassifier(bootstrap_False)(ccp_alpha_0.0)(class_weight_None)(criterion_entropy)(max_depth_None)(max_features_80)(max_leaf_nodes_None)(max_samples_None)(min_impurity_decrease_0.0)(min_samples_leaf_1)(min_samples_split_2)(min_weight_fraction_leaf_0.0)(monotonic_cst_None)(n_estimators_80)(n_jobs_None)(oob_score_False)(random_state_42)(verbose_0)(warm_start_False),0.5911364079909162,0.5911364079909162,0.5911364079909162,ExtraTreesClassifier(bootstrap_False)(ccp_alpha_0.0)(class_weight_None)(criterion_entropy)(max_depth_None)(max_features_80)(max_leaf_nodes_None)(max_samples_None)(min_impurity_decrease_0.0)(min_samples_leaf_1)(min_samples_split_2)(min_weight_fraction_leaf_0.0)(monotonic_cst_None)(n_estimators_80)(n_jobs_None)(oob_score_False)(random_state_42)(verbose_0)(warm_start_False),0.5039662146142113,0.632852323838081,0.379467278316683,ExtraTreesClassifier(bootstrap_False)(ccp_alpha_0.0)(class_weight_None)(criterion_entropy)(max_depth_None)(max_features_80)(max_leaf_nodes_None)(max_samples_None)(min_impurity_decrease_0.0)(min_samples_leaf_1)(min_samples_split_2)(min_weight_fraction_leaf_0.0)(monotonic_cst_None)(n_estimators_80)(n_jobs_None)(oob_score_False)(random_state_42)(verbose_0)(warm_start_False),0.989719911334018,0.5911364079909162,0.7313078673134064
"RandomForestClassifier(n_estimators=200, n_jobs=-1, random_state=42)",RandomForestClassifier(bootstrap_True)(ccp_alpha_0.0)(class_weight_None)(criterion_gini)(max_depth_None)(max_features_sqrt)(max_leaf_nodes_None)(max_samples_None)(min_impurity_decrease_0.0)(min_samples_leaf_1)(min_samples_split_2)(min_weight_fraction_leaf_0.0)(monotonic_cst_None)(n_estimators_200)(n_jobs_-1)(oob_score_False)(random_state_42)(verbose_0)(warm_start_False),0.9962918838421444,0.6124437781109445,0.7583348854535295,RandomForestClassifier(bootstrap_True)(ccp_alpha_0.0)(class_weight_None)(criterion_gini)(max_depth_None)(max_features_sqrt)(max_leaf_nodes_None)(max_samples_None)(min_impurity_decrease_0.0)(min_samples_leaf_1)(min_samples_split_2)(min_weight_fraction_leaf_0.0)(monotonic_cst_None)(n_estimators_200)(n_jobs_-1)(oob_score_False)(random_state_42)(verbose_0)(warm_start_False),0.0115127234304834,0.675,0.0226382978723404,RandomForestClassifier(bootstrap_True)(ccp_alpha_0.0)(class_weight_None)(criterion_gini)(max_depth_None)(max_features_sqrt)(max_leaf_nodes_None)(max_samples_None)(min_impurity_decrease_0.0)(min_samples_leaf_1)(min_samples_split_2)(min_weight_fraction_leaf_0.0)(monotonic_cst_None)(n_estimators_200)(n_jobs_-1)(oob_score_False)(random_state_42)(verbose_0)(warm_start_False),0.6128246753246753,0.6128246753246753,0.6128246753246753,RandomForestClassifier(bootstrap_True)(ccp_alpha_0.0)(class_weight_None)(criterion_gini)(max_depth_None)(max_features_sqrt)(max_leaf_nodes_None)(max_samples_None)(min_impurity_decrease_0.0)(min_samples_leaf_1)(min_samples_split_2)(min_weight_fraction_leaf_0.0)(monotonic_cst_None)(n_estimators_200)(n_jobs_-1)(oob_score_False)(random_state_42)(verbose_0)(warm_start_False),0.5039023036363139,0.6437218890554723,0.390486591662935,RandomForestClassifier(bootstrap_True)(ccp_alpha_0.0)(class_weight_None)(criterion_gini)(max_depth_None)(max_features_sqrt)(max_leaf_nodes_None)(max_samples_None)(min_impurity_decrease_0.0)(min_samples_leaf_1)(min_samples_split_2)(min_weight_fraction_leaf_0.0)(monotonic_cst_None)(n_estimators_200)(n_jobs_-1)(oob_score_False)(random_state_42)(verbose_0)(warm_start_False),0.989693510185568,0.6128246753246753,0.7534175526561029
"KNeighborsClassifier(metric='manhattan', n_neighbors=2, weights='distance')",KNeighborsClassifier(algorithm_auto)(leaf_size_30)(metric_manhattan)(metric_params_None)(n_jobs_None)(n_neighbors_2)(p_2)(weights_distance),0.9929846938775512,0.6251874062968515,0.7664782327011268,KNeighborsClassifier(algorithm_auto)(leaf_size_30)(metric_manhattan)(metric_params_None)(n_jobs_None)(n_neighbors_2)(p_2)(weights_distance),0.0058163722478238,0.35,0.0114339500362615,KNeighborsClassifier(algorithm_auto)(leaf_size_30)(metric_manhattan)(metric_params_None)(n_jobs_None)(n_neighbors_2)(p_2)(weights_distance),0.6232025317578596,0.6232025317578596,0.6232025317578596,KNeighborsClassifier(algorithm_auto)(leaf_size_30)(metric_manhattan)(metric_params_None)(n_jobs_None)(n_neighbors_2)(p_2)(weights_distance),0.4994005330626875,0.4875937031484257,0.3889560913686941,KNeighborsClassifier(algorithm_auto)(leaf_size_30)(metric_manhattan)(metric_params_None)(n_jobs_None)(n_neighbors_2)(p_2)(weights_distance),0.986370228237507,0.6232025317578596,0.7613946466455513
"XGBClassifier(base_score=None, booster=None, callbacks=None,
              colsample_bylevel=None, colsample_bynode=None,
              colsample_bytree=None, device=None, early_stopping_rounds=None,
              enable_categorical=False, eval_metric=None, feature_types=None,
              feature_weights=None, gamma=0, grow_policy=None,
              importance_type=None, interaction_constraints=None,
              learning_rate=0.3, max_bin=None, max_cat_threshold=None,
              max_cat_to_onehot=None, max_delta_step=None, max_depth=6,
              max_leaves=None, min_child_weight=None, missing=nan,
              monotone_constraints=None, multi_strategy=None, n_estimators=100,
              n_jobs=-1, num_parallel_tree=None, ...)",XGBClassifier(objective_binary:logistic)(base_score_None)(booster_None)(callbacks_None)(colsample_bylevel_None)(colsample_bynode_None)(colsample_bytree_None)(device_None)(early_stopping_rounds_None)(enable_categorical_False)(eval_metric_None)(feature_types_None)(feature_weights_None)(gamma_0)(grow_policy_None)(importance_type_None)(interaction_constraints_None)(learning_rate_0.3)(max_bin_None)(max_cat_threshold_None)(max_cat_to_onehot_None)(max_delta_step_None)(max_depth_6)(max_leaves_None)(min_child_weight_None)(missing_nan)(monotone_constraints_None)(multi_strategy_None)(n_estimators_100)(n_jobs_-1)(num_parallel_tree_None)(random_state_42)(reg_alpha_None)(reg_lambda_None)(sampling_method_None)(scale_pos_weight_None)(subsample_1)(tree_method_None)(validate_parameters_None)(verbosity_None),0.9945962137550924,0.5299850074962519,0.6900171978596517,XGBClassifier(objective_binary:logistic)(base_score_None)(booster_None)(callbacks_None)(colsample_bylevel_None)(colsample_bynode_None)(colsample_bytree_None)(device_None)(early_stopping_rounds_None)(enable_categorical_False)(eval_metric_None)(feature_types_None)(feature_weights_None)(gamma_0)(grow_policy_None)(importance_type_None)(interaction_constraints_None)(learning_rate_0.3)(max_bin_None)(max_cat_threshold_None)(max_cat_to_onehot_None)(max_delta_step_None)(max_depth_6)(max_leaves_None)(min_child_weight_None)(missing_nan)(monotone_constraints_None)(multi_strategy_None)(n_estimators_100)(n_jobs_-1)(num_parallel_tree_None)(random_state_42)(reg_alpha_None)(reg_lambda_None)(sampling_method_None)(scale_pos_weight_None)(subsample_1)(tree_method_None)(validate_parameters_None)(verbosity_None),0.0078318135764944,0.575,0.015443217386169,XGBClassifier(objective_binary:logistic)(base_score_None)(booster_None)(callbacks_None)(colsample_bylevel_None)(colsample_bynode_None)(colsample_bytree_None)(device_None)(early_stopping_rounds_None)(enable_categorical_False)(eval_metric_None)(feature_types_None)(feature_weights_None)(gamma_0)(grow_policy_None)(importance_type_None)(interaction_constraints_None)(learning_rate_0.3)(max_bin_None)(max_cat_threshold_None)(max_cat_to_onehot_None)(max_delta_step_None)(max_depth_6)(max_leaves_None)(min_child_weight_None)(missing_nan)(monotone_constraints_None)(multi_strategy_None)(n_estimators_100)(n_jobs_-1)(num_parallel_tree_None)(random_state_42)(reg_alpha_None)(reg_lambda_None)(sampling_method_None)(scale_pos_weight_None)(subsample_1)(tree_method_None)(validate_parameters_None)(verbosity_None),0.5301200677737563,0.5301200677737563,0.5301200677737563,XGBClassifier(objective_binary:logistic)(base_score_None)(booster_None)(callbacks_None)(colsample_bylevel_None)(colsample_bynode_None)(colsample_bytree_None)(device_None)(early_stopping_rounds_None)(enable_categorical_False)(eval_metric_None)(feature_types_None)(feature_weights_None)(gamma_0)(grow_policy_None)(importance_type_None)(interaction_constraints_None)(learning_rate_0.3)(max_bin_None)(max_cat_threshold_None)(max_cat_to_onehot_None)(max_delta_step_None)(max_depth_6)(max_leaves_None)(min_child_weight_None)(missing_nan)(monotone_constraints_None)(multi_strategy_None)(n_estimators_100)(n_jobs_-1)(num_parallel_tree_None)(random_state_42)(reg_alpha_None)(reg_lambda_None)(sampling_method_None)(scale_pos_weight_None)(subsample_1)(tree_method_None)(validate_parameters_None)(verbosity_None),0.5012140136657933,0.552492503748126,0.3527302076229103,XGBClassifier(objective_binary:logistic)(base_score_None)(booster_None)(callbacks_None)(colsample_bylevel_None)(colsample_bynode_None)(colsample_bytree_None)(device_None)(early_stopping_rounds_None)(enable_categorical_False)(eval_metric_None)(feature_types_None)(feature_weights_None)(gamma_0)(grow_policy_None)(importance_type_None)(interaction_constraints_None)(learning_rate_0.3)(max_bin_None)(max_cat_threshold_None)(max_cat_to_onehot_None)(max_delta_step_None)(max_depth_6)(max_leaves_None)(min_child_weight_None)(missing_nan)(monotone_constraints_None)(multi_strategy_None)(n_estimators_100)(n_jobs_-1)(num_parallel_tree_None)(random_state_42)(reg_alpha_None)(reg_lambda_None)(sampling_method_None)(scale_pos_weight_None)(subsample_1)(tree_method_None)(validate_parameters_None)(verbosity_None),0.9879851852731762,0.5301200677737563,0.6854646114166263
SVC(C=20),SVC(C_20)(break_ties_False)(cache_size_200)(class_weight_None)(coef0_0.0)(decision_function_shape_ovr)(degree_3)(gamma_scale)(kernel_rbf)(max_iter_-1)(probability_False)(random_state_None)(shrinking_True)(tol_0.001)(verbose_False),0.9987012987012986,0.4527736131934032,0.6130460689040256,SVC(C_20)(break_ties_False)(cache_size_200)(class_weight_None)(coef0_0.0)(decision_function_shape_ovr)(degree_3)(gamma_scale)(kernel_rbf)(max_iter_-1)(probability_False)(random_state_None)(shrinking_True)(tol_0.001)(verbose_False),0.011403230915426,0.9,0.022489838928195,SVC(C_20)(break_ties_False)(cache_size_200)(class_weight_None)(coef0_0.0)(decision_function_shape_ovr)(degree_3)(gamma_scale)(kernel_rbf)(max_iter_-1)(probability_False)(random_state_None)(shrinking_True)(tol_0.001)(verbose_False),0.45560552835143,0.45560552835143,0.45560552835143,SVC(C_20)(break_ties_False)(cache_size_200)(class_weight_None)(coef0_0.0)(decision_function_shape_ovr)(degree_3)(gamma_scale)(kernel_rbf)(max_iter_-1)(probability_False)(random_state_None)(shrinking_True)(tol_0.001)(verbose_False),0.5050522648083624,0.6763868065967016,0.3177679539161103,SVC(C_20)(break_ties_False)(cache_size_200)(class_weight_None)(coef0_0.0)(decision_function_shape_ovr)(degree_3)(gamma_scale)(kernel_rbf)(max_iter_-1)(probability_False)(random_state_None)(shrinking_True)(tol_0.001)(verbose_False),0.9920883833457116,0.45560552835143,0.6090059328231894
"ExtraTreesClassifier(criterion='entropy', max_features=80, n_estimators=80,
                     random_state=42)",ExtraTreesClassifier(bootstrap_False)(ccp_alpha_0.0)(class_weight_None)(criterion_entropy)(max_depth_None)(max_features_80)(max_leaf_nodes_None)(max_samples_None)(min_impurity_decrease_0.0)(min_samples_leaf_1)(min_samples_split_2)(min_weight_fraction_leaf_0.0)(monotonic_cst_None)(n_estimators_80)(n_jobs_None)(oob_score_False)(random_state_42)(verbose_0)(warm_start_False),0.9970127692966186,0.5007496251874063,0.6665590886950493,ExtraTreesClassifier(bootstrap_False)(ccp_alpha_0.0)(class_weight_None)(criterion_entropy)(max_depth_None)(max_features_80)(max_leaf_nodes_None)(max_samples_None)(min_impurity_decrease_0.0)(min_samples_leaf_1)(min_samples_split_2)(min_weight_fraction_leaf_0.0)(monotonic_cst_None)(n_estimators_80)(n_jobs_None)(oob_score_False)(random_state_42)(verbose_0)(warm_start_False),0.0104453870625662,0.775,0.0206080005506939,ExtraTreesClassifier(bootstrap_False)(ccp_alpha_0.0)(class_weight_None)(criterion_entropy)(max_depth_None)(max_features_80)(max_leaf_nodes_None)(max_samples_None)(min_impurity_decrease_0.0)(min_samples_leaf_1)(min_samples_split_2)(min_weight_fraction_leaf_0.0)(monotonic_cst_None)(n_estimators_80)(n_jobs_None)(oob_score_False)(random_state_42)(verbose_0)(warm_start_False),0.5025958501880633,0.5025958501880633,0.5025958501880633,ExtraTreesClassifier(bootstrap_False)(ccp_alpha_0.0)(class_weight_None)(criterion_entropy)(max_depth_None)(max_features_80)(max_leaf_nodes_None)(max_samples_None)(min_impurity_decrease_0.0)(min_samples_leaf_1)(min_samples_split_2)(min_weight_fraction_leaf_0.0)(monotonic_cst_None)(n_estimators_80)(n_jobs_None)(oob_score_False)(random_state_42)(verbose_0)(warm_start_False),0.5037290781795924,0.6378748125937032,0.3435835446228716,ExtraTreesClassifier(bootstrap_False)(ccp_alpha_0.0)(class_weight_None)(criterion_entropy)(max_depth_None)(max_features_80)(max_leaf_nodes_None)(max_samples_None)(min_impurity_decrease_0.0)(min_samples_leaf_1)(min_samples_split_2)(min_weight_fraction_leaf_0.0)(monotonic_cst_None)(n_estimators_80)(n_jobs_None)(oob_score_False)(random_state_42)(verbose_0)(warm_start_False),0.9904031501835096,0.5025958501880633,0.6622243264726497
"RandomForestClassifier(n_estimators=200, n_jobs=-1, random_state=42)",RandomForestClassifier(bootstrap_True)(ccp_alpha_0.0)(class_weight_None)(criterion_gini)(max_depth_None)(max_features_sqrt)(max_leaf_nodes_None)(max_samples_None)(min_impurity_decrease_0.0)(min_samples_leaf_1)(min_samples_split_2)(min_weight_fraction_leaf_0.0)(monotonic_cst_None)(n_estimators_200)(n_jobs_-1)(oob_score_False)(random_state_42)(verbose_0)(warm_start_False),0.9962918838421444,0.6124437781109445,0.7583348854535295,RandomForestClassifier(bootstrap_True)(ccp_alpha_0.0)(class_weight_None)(criterion_gini)(max_depth_None)(max_features_sqrt)(max_leaf_nodes_None)(max_samples_None)(min_impurity_decrease_0.0)(min_samples_leaf_1)(min_samples_split_2)(min_weight_fraction_leaf_0.0)(monotonic_cst_None)(n_estimators_200)(n_jobs_-1)(oob_score_False)(random_state_42)(verbose_0)(warm_start_False),0.0115127234304834,0.675,0.0226382978723404,RandomForestClassifier(bootstrap_True)(ccp_alpha_0.0)(class_weight_None)(criterion_gini)(max_depth_None)(max_features_sqrt)(max_leaf_nodes_None)(max_samples_None)(min_impurity_decrease_0.0)(min_samples_leaf_1)(min_samples_split_2)(min_weight_fraction_leaf_0.0)(monotonic_cst_None)(n_estimators_200)(n_jobs_-1)(oob_score_False)(random_state_42)(verbose_0)(warm_start_False),0.6128246753246753,0.6128246753246753,0.6128246753246753,RandomForestClassifier(bootstrap_True)(ccp_alpha_0.0)(class_weight_None)(criterion_gini)(max_depth_None)(max_features_sqrt)(max_leaf_nodes_None)(max_samples_None)(min_impurity_decrease_0.0)(min_samples_leaf_1)(min_samples_split_2)(min_weight_fraction_leaf_0.0)(monotonic_cst_None)(n_estimators_200)(n_jobs_-1)(oob_score_False)(random_state_42)(verbose_0)(warm_start_False),0.5039023036363139,0.6437218890554723,0.390486591662935,RandomForestClassifier(bootstrap_True)(ccp_alpha_0.0)(class_weight_None)(criterion_gini)(max_depth_None)(max_features_sqrt)(max_leaf_nodes_None)(max_samples_None)(min_impurity_decrease_0.0)(min_samples_leaf_1)(min_samples_split_2)(min_weight_fraction_leaf_0.0)(monotonic_cst_None)(n_estimators_200)(n_jobs_-1)(oob_score_False)(random_state_42)(verbose_0)(warm_start_False),0.989693510185568,0.6128246753246753,0.7534175526561029
"KNeighborsClassifier(metric='manhattan', n_neighbors=2, weights='distance')",KNeighborsClassifier(algorithm_auto)(leaf_size_30)(metric_manhattan)(metric_params_None)(n_jobs_None)(n_neighbors_2)(p_2)(weights_distance),0.9929846938775512,0.6251874062968515,0.7664782327011268,KNeighborsClassifier(algorithm_auto)(leaf_size_30)(metric_manhattan)(metric_params_None)(n_jobs_None)(n_neighbors_2)(p_2)(weights_distance),0.0058163722478238,0.35,0.0114339500362615,KNeighborsClassifier(algorithm_auto)(leaf_size_30)(metric_manhattan)(metric_params_None)(n_jobs_None)(n_neighbors_2)(p_2)(weights_distance),0.6232025317578596,0.6232025317578596,0.6232025317578596,KNeighborsClassifier(algorithm_auto)(leaf_size_30)(metric_manhattan)(metric_params_None)(n_jobs_None)(n_neighbors_2)(p_2)(weights_distance),0.4994005330626875,0.4875937031484257,0.3889560913686941,KNeighborsClassifier(algorithm_auto)(leaf_size_30)(metric_manhattan)(metric_params_None)(n_jobs_None)(n_neighbors_2)(p_2)(weights_distance),0.986370228237507,0.6232025317578596,0.7613946466455513
"XGBClassifier(base_score=None, booster=None, callbacks=None,
              colsample_bylevel=None, colsample_bynode=None,
              colsample_bytree=None, device=None, early_stopping_rounds=None,
              enable_categorical=False, eval_metric=None, feature_types=None,
              feature_weights=None, gamma=0, grow_policy=None,
              importance_type=None, interaction_constraints=None,
              learning_rate=0.3, max_bin=None, max_cat_threshold=None,
              max_cat_to_onehot=None, max_delta_step=None, max_depth=6,
              max_leaves=None, min_child_weight=None, missing=nan,
              monotone_constraints=None, multi_strategy=None, n_estimators=100,
              n_jobs=-1, num_parallel_tree=None, ...)",XGBClassifier(objective_binary:logistic)(base_score_None)(booster_None)(callbacks_None)(colsample_bylevel_None)(colsample_bynode_None)(colsample_bytree_None)(device_None)(early_stopping_rounds_None)(enable_categorical_False)(eval_metric_None)(feature_types_None)(feature_weights_None)(gamma_0)(grow_policy_None)(importance_type_None)(interaction_constraints_None)(learning_rate_0.3)(max_bin_None)(max_cat_threshold_None)(max_cat_to_onehot_None)(max_delta_step_None)(max_depth_6)(max_leaves_None)(min_child_weight_None)(missing_nan)(monotone_constraints_None)(multi_strategy_None)(n_estimators_100)(n_jobs_-1)(num_parallel_tree_None)(random_state_42)(reg_alpha_None)(reg_lambda_None)(sampling_method_None)(scale_pos_weight_None)(subsample_1)(tree_method_None)(validate_parameters_None)(verbosity_None),0.9945962137550924,0.5299850074962519,0.6900171978596517,XGBClassifier(objective_binary:logistic)(base_score_None)(booster_None)(callbacks_None)(colsample_bylevel_None)(colsample_bynode_None)(colsample_bytree_None)(device_None)(early_stopping_rounds_None)(enable_categorical_False)(eval_metric_None)(feature_types_None)(feature_weights_None)(gamma_0)(grow_policy_None)(importance_type_None)(interaction_constraints_None)(learning_rate_0.3)(max_bin_None)(max_cat_threshold_None)(max_cat_to_onehot_None)(max_delta_step_None)(max_depth_6)(max_leaves_None)(min_child_weight_None)(missing_nan)(monotone_constraints_None)(multi_strategy_None)(n_estimators_100)(n_jobs_-1)(num_parallel_tree_None)(random_state_42)(reg_alpha_None)(reg_lambda_None)(sampling_method_None)(scale_pos_weight_None)(subsample_1)(tree_method_None)(validate_parameters_None)(verbosity_None),0.0078318135764944,0.575,0.015443217386169,XGBClassifier(objective_binary:logistic)(base_score_None)(booster_None)(callbacks_None)(colsample_bylevel_None)(colsample_bynode_None)(colsample_bytree_None)(device_None)(early_stopping_rounds_None)(enable_categorical_False)(eval_metric_None)(feature_types_None)(feature_weights_None)(gamma_0)(grow_policy_None)(importance_type_None)(interaction_constraints_None)(learning_rate_0.3)(max_bin_None)(max_cat_threshold_None)(max_cat_to_onehot_None)(max_delta_step_None)(max_depth_6)(max_leaves_None)(min_child_weight_None)(missing_nan)(monotone_constraints_None)(multi_strategy_None)(n_estimators_100)(n_jobs_-1)(num_parallel_tree_None)(random_state_42)(reg_alpha_None)(reg_lambda_None)(sampling_method_None)(scale_pos_weight_None)(subsample_1)(tree_method_None)(validate_parameters_None)(verbosity_None),0.5301200677737563,0.5301200677737563,0.5301200677737563,XGBClassifier(objective_binary:logistic)(base_score_None)(booster_None)(callbacks_None)(colsample_bylevel_None)(colsample_bynode_None)(colsample_bytree_None)(device_None)(early_stopping_rounds_None)(enable_categorical_False)(eval_metric_None)(feature_types_None)(feature_weights_None)(gamma_0)(grow_policy_None)(importance_type_None)(interaction_constraints_None)(learning_rate_0.3)(max_bin_None)(max_cat_threshold_None)(max_cat_to_onehot_None)(max_delta_step_None)(max_depth_6)(max_leaves_None)(min_child_weight_None)(missing_nan)(monotone_constraints_None)(multi_strategy_None)(n_estimators_100)(n_jobs_-1)(num_parallel_tree_None)(random_state_42)(reg_alpha_None)(reg_lambda_None)(sampling_method_None)(scale_pos_weight_None)(subsample_1)(tree_method_None)(validate_parameters_None)(verbosity_None),0.5012140136657933,0.552492503748126,0.3527302076229103,XGBClassifier(objective_binary:logistic)(base_score_None)(booster_None)(callbacks_None)(colsample_bylevel_None)(colsample_bynode_None)(colsample_bytree_None)(device_None)(early_stopping_rounds_None)(enable_categorical_False)(eval_metric_None)(feature_types_None)(feature_weights_None)(gamma_0)(grow_policy_None)(importance_type_None)(interaction_constraints_None)(learning_rate_0.3)(max_bin_None)(max_cat_threshold_None)(max_cat_to_onehot_None)(max_delta_step_None)(max_depth_6)(max_leaves_None)(min_child_weight_None)(missing_nan)(monotone_constraints_None)(multi_strategy_None)(n_estimators_100)(n_jobs_-1)(num_parallel_tree_None)(random_state_42)(reg_alpha_None)(reg_lambda_None)(sampling_method_None)(scale_pos_weight_None)(subsample_1)(tree_method_None)(validate_parameters_None)(verbosity_None),0.9879851852731762,0.5301200677737563,0.6854646114166263
SVC(C=20),SVC(C_20)(break_ties_False)(cache_size_200)(class_weight_None)(coef0_0.0)(decision_function_shape_ovr)(degree_3)(gamma_scale)(kernel_rbf)(max_iter_-1)(probability_False)(random_state_None)(shrinking_True)(tol_0.001)(verbose_False),0.9987012987012986,0.4527736131934032,0.6130460689040256,SVC(C_20)(break_ties_False)(cache_size_200)(class_weight_None)(coef0_0.0)(decision_function_shape_ovr)(degree_3)(gamma_scale)(kernel_rbf)(max_iter_-1)(probability_False)(random_state_None)(shrinking_True)(tol_0.001)(verbose_False),0.011403230915426,0.9,0.022489838928195,SVC(C_20)(break_ties_False)(cache_size_200)(class_weight_None)(coef0_0.0)(decision_function_shape_ovr)(degree_3)(gamma_scale)(kernel_rbf)(max_iter_-1)(probability_False)(random_state_None)(shrinking_True)(tol_0.001)(verbose_False),0.45560552835143,0.45560552835143,0.45560552835143,SVC(C_20)(break_ties_False)(cache_size_200)(class_weight_None)(coef0_0.0)(decision_function_shape_ovr)(degree_3)(gamma_scale)(kernel_rbf)(max_iter_-1)(probability_False)(random_state_None)(shrinking_True)(tol_0.001)(verbose_False),0.5050522648083624,0.6763868065967016,0.3177679539161103,SVC(C_20)(break_ties_False)(cache_size_200)(class_weight_None)(coef0_0.0)(decision_function_shape_ovr)(degree_3)(gamma_scale)(kernel_rbf)(max_iter_-1)(probability_False)(random_state_None)(shrinking_True)(tol_0.001)(verbose_False),0.9920883833457116,0.45560552835143,0.6090059328231894
"ExtraTreesClassifier(criterion='entropy', max_features=80, n_estimators=80,
                     random_state=42)",ExtraTreesClassifier(bootstrap_False)(ccp_alpha_0.0)(class_weight_None)(criterion_entropy)(max_depth_None)(max_features_80)(max_leaf_nodes_None)(max_samples_None)(min_impurity_decrease_0.0)(min_samples_leaf_1)(min_samples_split_2)(min_weight_fraction_leaf_0.0)(monotonic_cst_None)(n_estimators_80)(n_jobs_None)(oob_score_False)(random_state_42)(verbose_0)(warm_start_False),0.9970127692966186,0.5007496251874063,0.6665590886950493,ExtraTreesClassifier(bootstrap_False)(ccp_alpha_0.0)(class_weight_None)(criterion_entropy)(max_depth_None)(max_features_80)(max_leaf_nodes_None)(max_samples_None)(min_impurity_decrease_0.0)(min_samples_leaf_1)(min_samples_split_2)(min_weight_fraction_leaf_0.0)(monotonic_cst_None)(n_estimators_80)(n_jobs_None)(oob_score_False)(random_state_42)(verbose_0)(warm_start_False),0.0104453870625662,0.775,0.0206080005506939,ExtraTreesClassifier(bootstrap_False)(ccp_alpha_0.0)(class_weight_None)(criterion_entropy)(max_depth_None)(max_features_80)(max_leaf_nodes_None)(max_samples_None)(min_impurity_decrease_0.0)(min_samples_leaf_1)(min_samples_split_2)(min_weight_fraction_leaf_0.0)(monotonic_cst_None)(n_estimators_80)(n_jobs_None)(oob_score_False)(random_state_42)(verbose_0)(warm_start_False),0.5025958501880633,0.5025958501880633,0.5025958501880633,ExtraTreesClassifier(bootstrap_False)(ccp_alpha_0.0)(class_weight_None)(criterion_entropy)(max_depth_None)(max_features_80)(max_leaf_nodes_None)(max_samples_None)(min_impurity_decrease_0.0)(min_samples_leaf_1)(min_samples_split_2)(min_weight_fraction_leaf_0.0)(monotonic_cst_None)(n_estimators_80)(n_jobs_None)(oob_score_False)(random_state_42)(verbose_0)(warm_start_False),0.5037290781795924,0.6378748125937032,0.3435835446228716,ExtraTreesClassifier(bootstrap_False)(ccp_alpha_0.0)(class_weight_None)(criterion_entropy)(max_depth_None)(max_features_80)(max_leaf_nodes_None)(max_samples_None)(min_impurity_decrease_0.0)(min_samples_leaf_1)(min_samples_split_2)(min_weight_fraction_leaf_0.0)(monotonic_cst_None)(n_estimators_80)(n_jobs_None)(oob_score_False)(random_state_42)(verbose_0)(warm_start_False),0.9904031501835096,0.5025958501880633,0.6622243264726497
"ExtraTreesClassifier(criterion='entropy', max_features=120, n_estimators=80,
                     n_jobs=-1, random_state=42)",ExtraTreesClassifier(bootstrap_False)(ccp_alpha_0.0)(class_weight_None)(criterion_entropy)(max_depth_None)(max_features_120)(max_leaf_nodes_None)(max_samples_None)(min_impurity_decrease_0.0)(min_samples_leaf_1)(min_samples_split_2)(min_weight_fraction_leaf_0.0)(monotonic_cst_None)(n_estimators_80)(n_jobs_-1)(oob_score_False)(random_state_42)(verbose_0)(warm_start_False),0.9928491636534674,0.8761351171530811,0.926800045861041,ExtraTreesClassifier(bootstrap_False)(ccp_alpha_0.0)(class_weight_None)(criterion_entropy)(max_depth_None)(max_features_120)(max_leaf_nodes_None)(max_samples_None)(min_impurity_decrease_0.0)(min_samples_leaf_1)(min_samples_split_2)(min_weight_fraction_leaf_0.0)(monotonic_cst_None)(n_estimators_80)(n_jobs_-1)(oob_score_False)(random_state_42)(verbose_0)(warm_start_False),0.0030864197530864,0.0833333333333333,0.0059523809523809,ExtraTreesClassifier(bootstrap_False)(ccp_alpha_0.0)(class_weight_None)(criterion_entropy)(max_depth_None)(max_features_120)(max_leaf_nodes_None)(max_samples_None)(min_impurity_decrease_0.0)(min_samples_leaf_1)(min_samples_split_2)(min_weight_fraction_leaf_0.0)(monotonic_cst_None)(n_estimators_80)(n_jobs_-1)(oob_score_False)(random_state_42)(verbose_0)(warm_start_False),0.8712719998580654,0.8712719998580654,0.8712719998580654,ExtraTreesClassifier(bootstrap_False)(ccp_alpha_0.0)(class_weight_None)(criterion_entropy)(max_depth_None)(max_features_120)(max_leaf_nodes_None)(max_samples_None)(min_impurity_decrease_0.0)(min_samples_leaf_1)(min_samples_split_2)(min_weight_fraction_leaf_0.0)(monotonic_cst_None)(n_estimators_80)(n_jobs_-1)(oob_score_False)(random_state_42)(verbose_0)(warm_start_False),0.4979677917032769,0.4797342252432072,0.466376213406711,ExtraTreesClassifier(bootstrap_False)(ccp_alpha_0.0)(class_weight_None)(criterion_entropy)(max_depth_None)(max_features_120)(max_leaf_nodes_None)(max_samples_None)(min_impurity_decrease_0.0)(min_samples_leaf_1)(min_samples_split_2)(min_weight_fraction_leaf_0.0)(monotonic_cst_None)(n_estimators_80)(n_jobs_-1)(oob_score_False)(random_state_42)(verbose_0)(warm_start_False),0.9862307879020504,0.8712719998580654,0.9207953212987238
"RandomForestClassifier(n_jobs=-1, random_state=42)",RandomForestClassifier(bootstrap_True)(ccp_alpha_0.0)(class_weight_None)(criterion_gini)(max_depth_None)(max_features_sqrt)(max_leaf_nodes_None)(max_samples_None)(min_impurity_decrease_0.0)(min_samples_leaf_1)(min_samples_split_2)(min_weight_fraction_leaf_0.0)(monotonic_cst_None)(n_estimators_100)(n_jobs_-1)(oob_score_False)(random_state_42)(verbose_0)(warm_start_False),0.9919888856390756,0.6794766323209437,0.7707661247511071,RandomForestClassifier(bootstrap_True)(ccp_alpha_0.0)(class_weight_None)(criterion_gini)(max_depth_None)(max_features_sqrt)(max_leaf_nodes_None)(max_samples_None)(min_impurity_decrease_0.0)(min_samples_leaf_1)(min_samples_split_2)(min_weight_fraction_leaf_0.0)(monotonic_cst_None)(n_estimators_100)(n_jobs_-1)(oob_score_False)(random_state_42)(verbose_0)(warm_start_False),0.0036674816625916,0.25,0.0072289156626506,RandomForestClassifier(bootstrap_True)(ccp_alpha_0.0)(class_weight_None)(criterion_gini)(max_depth_None)(max_features_sqrt)(max_leaf_nodes_None)(max_samples_None)(min_impurity_decrease_0.0)(min_samples_leaf_1)(min_samples_split_2)(min_weight_fraction_leaf_0.0)(monotonic_cst_None)(n_estimators_100)(n_jobs_-1)(oob_score_False)(random_state_42)(verbose_0)(warm_start_False),0.6778007682208502,0.6778007682208502,0.6778007682208502,RandomForestClassifier(bootstrap_True)(ccp_alpha_0.0)(class_weight_None)(criterion_gini)(max_depth_None)(max_features_sqrt)(max_leaf_nodes_None)(max_samples_None)(min_impurity_decrease_0.0)(min_samples_leaf_1)(min_samples_split_2)(min_weight_fraction_leaf_0.0)(monotonic_cst_None)(n_estimators_100)(n_jobs_-1)(oob_score_False)(random_state_42)(verbose_0)(warm_start_False),0.4978281836508337,0.4647383161604718,0.3889975202068788,RandomForestClassifier(bootstrap_True)(ccp_alpha_0.0)(class_weight_None)(criterion_gini)(max_depth_None)(max_features_sqrt)(max_leaf_nodes_None)(max_samples_None)(min_impurity_decrease_0.0)(min_samples_leaf_1)(min_samples_split_2)(min_weight_fraction_leaf_0.0)(monotonic_cst_None)(n_estimators_100)(n_jobs_-1)(oob_score_False)(random_state_42)(verbose_0)(warm_start_False),0.985383116810684,0.6778007682208502,0.7661370590819181
"ExtraTreesClassifier(criterion='entropy', max_features=120, n_estimators=80,
                     n_jobs=-1, random_state=42)",ExtraTreesClassifier(bootstrap_False)(ccp_alpha_0.0)(class_weight_None)(criterion_entropy)(max_depth_None)(max_features_120)(max_leaf_nodes_None)(max_samples_None)(min_impurity_decrease_0.0)(min_samples_leaf_1)(min_samples_split_2)(min_weight_fraction_leaf_0.0)(monotonic_cst_None)(n_estimators_80)(n_jobs_-1)(oob_score_False)(random_state_42)(verbose_0)(warm_start_False),0.9927778053255318,0.9466989444534356,0.9685367774304132,ExtraTreesClassifier(bootstrap_False)(ccp_alpha_0.0)(class_weight_None)(criterion_entropy)(max_depth_None)(max_features_120)(max_leaf_nodes_None)(max_samples_None)(min_impurity_decrease_0.0)(min_samples_leaf_1)(min_samples_split_2)(min_weight_fraction_leaf_0.0)(monotonic_cst_None)(n_estimators_80)(n_jobs_-1)(oob_score_False)(random_state_42)(verbose_0)(warm_start_False),0.0,0.0,0.0,ExtraTreesClassifier(bootstrap_False)(ccp_alpha_0.0)(class_weight_None)(criterion_entropy)(max_depth_None)(max_features_120)(max_leaf_nodes_None)(max_samples_None)(min_impurity_decrease_0.0)(min_samples_leaf_1)(min_samples_split_2)(min_weight_fraction_leaf_0.0)(monotonic_cst_None)(n_estimators_80)(n_jobs_-1)(oob_score_False)(random_state_42)(verbose_0)(warm_start_False),0.9404717550209354,0.9404717550209354,0.9404717550209354,ExtraTreesClassifier(bootstrap_False)(ccp_alpha_0.0)(class_weight_None)(criterion_entropy)(max_depth_None)(max_features_120)(max_leaf_nodes_None)(max_samples_None)(min_impurity_decrease_0.0)(min_samples_leaf_1)(min_samples_split_2)(min_weight_fraction_leaf_0.0)(monotonic_cst_None)(n_estimators_80)(n_jobs_-1)(oob_score_False)(random_state_42)(verbose_0)(warm_start_False),0.4963889026627659,0.4733494722267177,0.4842683887152065,ExtraTreesClassifier(bootstrap_False)(ccp_alpha_0.0)(class_weight_None)(criterion_entropy)(max_depth_None)(max_features_120)(max_leaf_nodes_None)(max_samples_None)(min_impurity_decrease_0.0)(min_samples_leaf_1)(min_samples_split_2)(min_weight_fraction_leaf_0.0)(monotonic_cst_None)(n_estimators_80)(n_jobs_-1)(oob_score_False)(random_state_42)(verbose_0)(warm_start_False),0.98613255426936,0.9404717550209354,0.9621112807697793
"RandomForestClassifier(n_jobs=-1, random_state=42)",RandomForestClassifier(bootstrap_True)(ccp_alpha_0.0)(class_weight_None)(criterion_gini)(max_depth_None)(max_features_sqrt)(max_leaf_nodes_None)(max_samples_None)(min_impurity_decrease_0.0)(min_samples_leaf_1)(min_samples_split_2)(min_weight_fraction_leaf_0.0)(monotonic_cst_None)(n_estimators_100)(n_jobs_-1)(oob_score_False)(random_state_42)(verbose_0)(warm_start_False),0.990052053209948,0.7837972703242164,0.8602605196753734,RandomForestClassifier(bootstrap_True)(ccp_alpha_0.0)(class_weight_None)(criterion_gini)(max_depth_None)(max_features_sqrt)(max_leaf_nodes_None)(max_samples_None)(min_impurity_decrease_0.0)(min_samples_leaf_1)(min_samples_split_2)(min_weight_fraction_leaf_0.0)(monotonic_cst_None)(n_estimators_100)(n_jobs_-1)(oob_score_False)(random_state_42)(verbose_0)(warm_start_False),0.0,0.0,0.0,RandomForestClassifier(bootstrap_True)(ccp_alpha_0.0)(class_weight_None)(criterion_gini)(max_depth_None)(max_features_sqrt)(max_leaf_nodes_None)(max_samples_None)(min_impurity_decrease_0.0)(min_samples_leaf_1)(min_samples_split_2)(min_weight_fraction_leaf_0.0)(monotonic_cst_None)(n_estimators_100)(n_jobs_-1)(oob_score_False)(random_state_42)(verbose_0)(warm_start_False),0.7790078773685332,0.7790078773685332,0.7790078773685332,RandomForestClassifier(bootstrap_True)(ccp_alpha_0.0)(class_weight_None)(criterion_gini)(max_depth_None)(max_features_sqrt)(max_leaf_nodes_None)(max_samples_None)(min_impurity_decrease_0.0)(min_samples_leaf_1)(min_samples_split_2)(min_weight_fraction_leaf_0.0)(monotonic_cst_None)(n_estimators_100)(n_jobs_-1)(oob_score_False)(random_state_42)(verbose_0)(warm_start_False),0.4950260266049739,0.3918986351621082,0.4301302598376867,RandomForestClassifier(bootstrap_True)(ccp_alpha_0.0)(class_weight_None)(criterion_gini)(max_depth_None)(max_features_sqrt)(max_leaf_nodes_None)(max_samples_None)(min_impurity_decrease_0.0)(min_samples_leaf_1)(min_samples_split_2)(min_weight_fraction_leaf_0.0)(monotonic_cst_None)(n_estimators_100)(n_jobs_-1)(oob_score_False)(random_state_42)(verbose_0)(warm_start_False),0.9834310641903394,0.7790078773685332,0.8547933901721119
"ExtraTreesClassifier(criterion='entropy', max_features=120, n_estimators=80,
                     n_jobs=-1, random_state=42)",ExtraTreesClassifier(bootstrap_False)(ccp_alpha_0.0)(class_weight_None)(criterion_entropy)(max_depth_None)(max_features_120)(max_leaf_nodes_None)(max_samples_None)(min_impurity_decrease_0.0)(min_samples_leaf_1)(min_samples_split_2)(min_weight_fraction_leaf_0.0)(monotonic_cst_None)(n_estimators_80)(n_jobs_-1)(oob_score_False)(random_state_42)(verbose_0)(warm_start_False),0.9923646197694004,0.7710367553181925,0.8507741845892135,ExtraTreesClassifier(bootstrap_False)(ccp_alpha_0.0)(class_weight_None)(criterion_entropy)(max_depth_None)(max_features_120)(max_leaf_nodes_None)(max_samples_None)(min_impurity_decrease_0.0)(min_samples_leaf_1)(min_samples_split_2)(min_weight_fraction_leaf_0.0)(monotonic_cst_None)(n_estimators_80)(n_jobs_-1)(oob_score_False)(random_state_42)(verbose_0)(warm_start_False),0.0033333333333333,0.1666666666666666,0.0065359477124183,ExtraTreesClassifier(bootstrap_False)(ccp_alpha_0.0)(class_weight_None)(criterion_entropy)(max_depth_None)(max_features_120)(max_leaf_nodes_None)(max_samples_None)(min_impurity_decrease_0.0)(min_samples_leaf_1)(min_samples_split_2)(min_weight_fraction_leaf_0.0)(monotonic_cst_None)(n_estimators_80)(n_jobs_-1)(oob_score_False)(random_state_42)(verbose_0)(warm_start_False),0.7678460542190051,0.7678460542190051,0.7678460542190051,ExtraTreesClassifier(bootstrap_False)(ccp_alpha_0.0)(class_weight_None)(criterion_entropy)(max_depth_None)(max_features_120)(max_leaf_nodes_None)(max_samples_None)(min_impurity_decrease_0.0)(min_samples_leaf_1)(min_samples_split_2)(min_weight_fraction_leaf_0.0)(monotonic_cst_None)(n_estimators_80)(n_jobs_-1)(oob_score_False)(random_state_42)(verbose_0)(warm_start_False),0.4978489765513668,0.4688517109924295,0.4286550661508159,ExtraTreesClassifier(bootstrap_False)(ccp_alpha_0.0)(class_weight_None)(criterion_entropy)(max_depth_None)(max_features_120)(max_leaf_nodes_None)(max_samples_None)(min_impurity_decrease_0.0)(min_samples_leaf_1)(min_samples_split_2)(min_weight_fraction_leaf_0.0)(monotonic_cst_None)(n_estimators_80)(n_jobs_-1)(oob_score_False)(random_state_42)(verbose_0)(warm_start_False),0.9857527295960578,0.7678460542190051,0.8454484265993818
"RandomForestClassifier(n_jobs=-1, random_state=42)",RandomForestClassifier(bootstrap_True)(ccp_alpha_0.0)(class_weight_None)(criterion_gini)(max_depth_None)(max_features_sqrt)(max_leaf_nodes_None)(max_samples_None)(min_impurity_decrease_0.0)(min_samples_leaf_1)(min_samples_split_2)(min_weight_fraction_leaf_0.0)(monotonic_cst_None)(n_estimators_100)(n_jobs_-1)(oob_score_False)(random_state_42)(verbose_0)(warm_start_False),0.9900841891883976,0.677977378576181,0.7693031345500138,RandomForestClassifier(bootstrap_True)(ccp_alpha_0.0)(class_weight_None)(criterion_gini)(max_depth_None)(max_features_sqrt)(max_leaf_nodes_None)(max_samples_None)(min_impurity_decrease_0.0)(min_samples_leaf_1)(min_samples_split_2)(min_weight_fraction_leaf_0.0)(monotonic_cst_None)(n_estimators_100)(n_jobs_-1)(oob_score_False)(random_state_42)(verbose_0)(warm_start_False),0.0024449877750611,0.1666666666666666,0.0048192771084337,RandomForestClassifier(bootstrap_True)(ccp_alpha_0.0)(class_weight_None)(criterion_gini)(max_depth_None)(max_features_sqrt)(max_leaf_nodes_None)(max_samples_None)(min_impurity_decrease_0.0)(min_samples_leaf_1)(min_samples_split_2)(min_weight_fraction_leaf_0.0)(monotonic_cst_None)(n_estimators_100)(n_jobs_-1)(oob_score_False)(random_state_42)(verbose_0)(warm_start_False),0.6755675164998936,0.6755675164998936,0.6755675164998936,RandomForestClassifier(bootstrap_True)(ccp_alpha_0.0)(class_weight_None)(criterion_gini)(max_depth_None)(max_features_sqrt)(max_leaf_nodes_None)(max_samples_None)(min_impurity_decrease_0.0)(min_samples_leaf_1)(min_samples_split_2)(min_weight_fraction_leaf_0.0)(monotonic_cst_None)(n_estimators_100)(n_jobs_-1)(oob_score_False)(random_state_42)(verbose_0)(warm_start_False),0.4962645884817293,0.4223220226214238,0.3870612058292237,RandomForestClassifier(bootstrap_True)(ccp_alpha_0.0)(class_weight_None)(criterion_gini)(max_depth_None)(max_features_sqrt)(max_leaf_nodes_None)(max_samples_None)(min_impurity_decrease_0.0)(min_samples_leaf_1)(min_samples_split_2)(min_weight_fraction_leaf_0.0)(monotonic_cst_None)(n_estimators_100)(n_jobs_-1)(oob_score_False)(random_state_42)(verbose_0)(warm_start_False),0.98348449560402,0.6755675164998936,0.7646638935034084
"ExtraTreesClassifier(criterion='entropy', max_features=120, n_estimators=80,
                     n_jobs=-1, random_state=42)",ExtraTreesClassifier(bootstrap_False)(ccp_alpha_0.0)(class_weight_None)(criterion_entropy)(max_depth_None)(max_features_120)(max_leaf_nodes_None)(max_samples_None)(min_impurity_decrease_0.0)(min_samples_leaf_1)(min_samples_split_2)(min_weight_fraction_leaf_0.0)(monotonic_cst_None)(n_estimators_80)(n_jobs_-1)(oob_score_False)(random_state_42)(verbose_0)(warm_start_False),0.9945596938353732,0.9565576055097014,0.9750280672117722,ExtraTreesClassifier(bootstrap_False)(ccp_alpha_0.0)(class_weight_None)(criterion_entropy)(max_depth_None)(max_features_120)(max_leaf_nodes_None)(max_samples_None)(min_impurity_decrease_0.0)(min_samples_leaf_1)(min_samples_split_2)(min_weight_fraction_leaf_0.0)(monotonic_cst_None)(n_estimators_80)(n_jobs_-1)(oob_score_False)(random_state_42)(verbose_0)(warm_start_False),0.0666666666666666,0.1666666666666666,0.0952380952380952,ExtraTreesClassifier(bootstrap_False)(ccp_alpha_0.0)(class_weight_None)(criterion_entropy)(max_depth_None)(max_features_120)(max_leaf_nodes_None)(max_samples_None)(min_impurity_decrease_0.0)(min_samples_leaf_1)(min_samples_split_2)(min_weight_fraction_leaf_0.0)(monotonic_cst_None)(n_estimators_80)(n_jobs_-1)(oob_score_False)(random_state_42)(verbose_0)(warm_start_False),0.9515836792988432,0.9515836792988432,0.9515836792988432,ExtraTreesClassifier(bootstrap_False)(ccp_alpha_0.0)(class_weight_None)(criterion_entropy)(max_depth_None)(max_features_120)(max_leaf_nodes_None)(max_samples_None)(min_impurity_decrease_0.0)(min_samples_leaf_1)(min_samples_split_2)(min_weight_fraction_leaf_0.0)(monotonic_cst_None)(n_estimators_80)(n_jobs_-1)(oob_score_False)(random_state_42)(verbose_0)(warm_start_False),0.53061318025102,0.561612136088184,0.5351330812249337,ExtraTreesClassifier(bootstrap_False)(ccp_alpha_0.0)(class_weight_None)(criterion_entropy)(max_depth_None)(max_features_120)(max_leaf_nodes_None)(max_samples_None)(min_impurity_decrease_0.0)(min_samples_leaf_1)(min_samples_split_2)(min_weight_fraction_leaf_0.0)(monotonic_cst_None)(n_estimators_80)(n_jobs_-1)(oob_score_False)(random_state_42)(verbose_0)(warm_start_False),0.9884930697018152,0.9515836792988432,0.9693189395330436
"RandomForestClassifier(n_jobs=-1, random_state=42)",RandomForestClassifier(bootstrap_True)(ccp_alpha_0.0)(class_weight_None)(criterion_gini)(max_depth_None)(max_features_sqrt)(max_leaf_nodes_None)(max_samples_None)(min_impurity_decrease_0.0)(min_samples_leaf_1)(min_samples_split_2)(min_weight_fraction_leaf_0.0)(monotonic_cst_None)(n_estimators_100)(n_jobs_-1)(oob_score_False)(random_state_42)(verbose_0)(warm_start_False),0.9951798868367674,0.9146167125209042,0.9524702939337086,RandomForestClassifier(bootstrap_True)(ccp_alpha_0.0)(class_weight_None)(criterion_gini)(max_depth_None)(max_features_sqrt)(max_leaf_nodes_None)(max_samples_None)(min_impurity_decrease_0.0)(min_samples_leaf_1)(min_samples_split_2)(min_weight_fraction_leaf_0.0)(monotonic_cst_None)(n_estimators_100)(n_jobs_-1)(oob_score_False)(random_state_42)(verbose_0)(warm_start_False),0.0439560439560439,0.3333333333333333,0.0731382978723404,RandomForestClassifier(bootstrap_True)(ccp_alpha_0.0)(class_weight_None)(criterion_gini)(max_depth_None)(max_features_sqrt)(max_leaf_nodes_None)(max_samples_None)(min_impurity_decrease_0.0)(min_samples_leaf_1)(min_samples_split_2)(min_weight_fraction_leaf_0.0)(monotonic_cst_None)(n_estimators_100)(n_jobs_-1)(oob_score_False)(random_state_42)(verbose_0)(warm_start_False),0.9106122702434178,0.9106122702434178,0.9106122702434178,RandomForestClassifier(bootstrap_True)(ccp_alpha_0.0)(class_weight_None)(criterion_gini)(max_depth_None)(max_features_sqrt)(max_leaf_nodes_None)(max_samples_None)(min_impurity_decrease_0.0)(min_samples_leaf_1)(min_samples_split_2)(min_weight_fraction_leaf_0.0)(monotonic_cst_None)(n_estimators_100)(n_jobs_-1)(oob_score_False)(random_state_42)(verbose_0)(warm_start_False),0.5195679653964057,0.6239750229271188,0.5128042959030245,RandomForestClassifier(bootstrap_True)(ccp_alpha_0.0)(class_weight_None)(criterion_gini)(max_depth_None)(max_features_sqrt)(max_leaf_nodes_None)(max_samples_None)(min_impurity_decrease_0.0)(min_samples_leaf_1)(min_samples_split_2)(min_weight_fraction_leaf_0.0)(monotonic_cst_None)(n_estimators_100)(n_jobs_-1)(oob_score_False)(random_state_42)(verbose_0)(warm_start_False),0.988883455016982,0.9106122702434178,0.9466362062772966
"ExtraTreesClassifier(criterion='entropy', max_features=120, n_estimators=80,
                     n_jobs=-1, random_state=42)",ExtraTreesClassifier(bootstrap_False)(ccp_alpha_0.0)(class_weight_None)(criterion_entropy)(max_depth_None)(max_features_120)(max_leaf_nodes_None)(max_samples_None)(min_impurity_decrease_0.0)(min_samples_leaf_1)(min_samples_split_2)(min_weight_fraction_leaf_0.0)(monotonic_cst_None)(n_estimators_80)(n_jobs_-1)(oob_score_False)(random_state_42)(verbose_0)(warm_start_False),0.9945596938353732,0.9565576055097014,0.9750280672117722,ExtraTreesClassifier(bootstrap_False)(ccp_alpha_0.0)(class_weight_None)(criterion_entropy)(max_depth_None)(max_features_120)(max_leaf_nodes_None)(max_samples_None)(min_impurity_decrease_0.0)(min_samples_leaf_1)(min_samples_split_2)(min_weight_fraction_leaf_0.0)(monotonic_cst_None)(n_estimators_80)(n_jobs_-1)(oob_score_False)(random_state_42)(verbose_0)(warm_start_False),0.0666666666666666,0.1666666666666666,0.0952380952380952,ExtraTreesClassifier(bootstrap_False)(ccp_alpha_0.0)(class_weight_None)(criterion_entropy)(max_depth_None)(max_features_120)(max_leaf_nodes_None)(max_samples_None)(min_impurity_decrease_0.0)(min_samples_leaf_1)(min_samples_split_2)(min_weight_fraction_leaf_0.0)(monotonic_cst_None)(n_estimators_80)(n_jobs_-1)(oob_score_False)(random_state_42)(verbose_0)(warm_start_False),0.9515836792988432,0.9515836792988432,0.9515836792988432,ExtraTreesClassifier(bootstrap_False)(ccp_alpha_0.0)(class_weight_None)(criterion_entropy)(max_depth_None)(max_features_120)(max_leaf_nodes_None)(max_samples_None)(min_impurity_decrease_0.0)(min_samples_leaf_1)(min_samples_split_2)(min_weight_fraction_leaf_0.0)(monotonic_cst_None)(n_estimators_80)(n_jobs_-1)(oob_score_False)(random_state_42)(verbose_0)(warm_start_False),0.53061318025102,0.561612136088184,0.5351330812249337,ExtraTreesClassifier(bootstrap_False)(ccp_alpha_0.0)(class_weight_None)(criterion_entropy)(max_depth_None)(max_features_120)(max_leaf_nodes_None)(max_samples_None)(min_impurity_decrease_0.0)(min_samples_leaf_1)(min_samples_split_2)(min_weight_fraction_leaf_0.0)(monotonic_cst_None)(n_estimators_80)(n_jobs_-1)(oob_score_False)(random_state_42)(verbose_0)(warm_start_False),0.9884930697018152,0.9515836792988432,0.9693189395330436
"RandomForestClassifier(n_jobs=-1, random_state=42)",RandomForestClassifier(bootstrap_True)(ccp_alpha_0.0)(class_weight_None)(criterion_gini)(max_depth_None)(max_features_sqrt)(max_leaf_nodes_None)(max_samples_None)(min_impurity_decrease_0.0)(min_samples_leaf_1)(min_samples_split_2)(min_weight_fraction_leaf_0.0)(monotonic_cst_None)(n_estimators_100)(n_jobs_-1)(oob_score_False)(random_state_42)(verbose_0)(warm_start_False),0.9951798868367674,0.9146167125209042,0.9524702939337086,RandomForestClassifier(bootstrap_True)(ccp_alpha_0.0)(class_weight_None)(criterion_gini)(max_depth_None)(max_features_sqrt)(max_leaf_nodes_None)(max_samples_None)(min_impurity_decrease_0.0)(min_samples_leaf_1)(min_samples_split_2)(min_weight_fraction_leaf_0.0)(monotonic_cst_None)(n_estimators_100)(n_jobs_-1)(oob_score_False)(random_state_42)(verbose_0)(warm_start_False),0.0439560439560439,0.3333333333333333,0.0731382978723404,RandomForestClassifier(bootstrap_True)(ccp_alpha_0.0)(class_weight_None)(criterion_gini)(max_depth_None)(max_features_sqrt)(max_leaf_nodes_None)(max_samples_None)(min_impurity_decrease_0.0)(min_samples_leaf_1)(min_samples_split_2)(min_weight_fraction_leaf_0.0)(monotonic_cst_None)(n_estimators_100)(n_jobs_-1)(oob_score_False)(random_state_42)(verbose_0)(warm_start_False),0.9106122702434178,0.9106122702434178,0.9106122702434178,RandomForestClassifier(bootstrap_True)(ccp_alpha_0.0)(class_weight_None)(criterion_gini)(max_depth_None)(max_features_sqrt)(max_leaf_nodes_None)(max_samples_None)(min_impurity_decrease_0.0)(min_samples_leaf_1)(min_samples_split_2)(min_weight_fraction_leaf_0.0)(monotonic_cst_None)(n_estimators_100)(n_jobs_-1)(oob_score_False)(random_state_42)(verbose_0)(warm_start_False),0.5195679653964057,0.6239750229271188,0.5128042959030245,RandomForestClassifier(bootstrap_True)(ccp_alpha_0.0)(class_weight_None)(criterion_gini)(max_depth_None)(max_features_sqrt)(max_leaf_nodes_None)(max_samples_None)(min_impurity_decrease_0.0)(min_samples_leaf_1)(min_samples_split_2)(min_weight_fraction_leaf_0.0)(monotonic_cst_None)(n_estimators_100)(n_jobs_-1)(oob_score_False)(random_state_42)(verbose_0)(warm_start_False),0.988883455016982,0.9106122702434178,0.9466362062772966
"ExtraTreesClassifier(criterion='entropy', max_features=120, n_estimators=80,
                     n_jobs=-1, random_state=42)",ExtraTreesClassifier(bootstrap_False)(ccp_alpha_0.0)(class_weight_None)(criterion_entropy)(max_depth_None)(max_features_120)(max_leaf_nodes_None)(max_samples_None)(min_impurity_decrease_0.0)(min_samples_leaf_1)(min_samples_split_2)(min_weight_fraction_leaf_0.0)(monotonic_cst_None)(n_estimators_80)(n_jobs_-1)(oob_score_False)(random_state_42)(verbose_0)(warm_start_False),0.9945596938353732,0.9565576055097014,0.9750280672117722,ExtraTreesClassifier(bootstrap_False)(ccp_alpha_0.0)(class_weight_None)(criterion_entropy)(max_depth_None)(max_features_120)(max_leaf_nodes_None)(max_samples_None)(min_impurity_decrease_0.0)(min_samples_leaf_1)(min_samples_split_2)(min_weight_fraction_leaf_0.0)(monotonic_cst_None)(n_estimators_80)(n_jobs_-1)(oob_score_False)(random_state_42)(verbose_0)(warm_start_False),0.0666666666666666,0.1666666666666666,0.0952380952380952,ExtraTreesClassifier(bootstrap_False)(ccp_alpha_0.0)(class_weight_None)(criterion_entropy)(max_depth_None)(max_features_120)(max_leaf_nodes_None)(max_samples_None)(min_impurity_decrease_0.0)(min_samples_leaf_1)(min_samples_split_2)(min_weight_fraction_leaf_0.0)(monotonic_cst_None)(n_estimators_80)(n_jobs_-1)(oob_score_False)(random_state_42)(verbose_0)(warm_start_False),0.9515836792988432,0.9515836792988432,0.9515836792988432,ExtraTreesClassifier(bootstrap_False)(ccp_alpha_0.0)(class_weight_None)(criterion_entropy)(max_depth_None)(max_features_120)(max_leaf_nodes_None)(max_samples_None)(min_impurity_decrease_0.0)(min_samples_leaf_1)(min_samples_split_2)(min_weight_fraction_leaf_0.0)(monotonic_cst_None)(n_estimators_80)(n_jobs_-1)(oob_score_False)(random_state_42)(verbose_0)(warm_start_False),0.53061318025102,0.561612136088184,0.5351330812249337,ExtraTreesClassifier(bootstrap_False)(ccp_alpha_0.0)(class_weight_None)(criterion_entropy)(max_depth_None)(max_features_120)(max_leaf_nodes_None)(max_samples_None)(min_impurity_decrease_0.0)(min_samples_leaf_1)(min_samples_split_2)(min_weight_fraction_leaf_0.0)(monotonic_cst_None)(n_estimators_80)(n_jobs_-1)(oob_score_False)(random_state_42)(verbose_0)(warm_start_False),0.9884930697018152,0.9515836792988432,0.9693189395330436
"RandomForestClassifier(n_jobs=-1, random_state=42)",RandomForestClassifier(bootstrap_True)(ccp_alpha_0.0)(class_weight_None)(criterion_gini)(max_depth_None)(max_features_sqrt)(max_leaf_nodes_None)(max_samples_None)(min_impurity_decrease_0.0)(min_samples_leaf_1)(min_samples_split_2)(min_weight_fraction_leaf_0.0)(monotonic_cst_None)(n_estimators_100)(n_jobs_-1)(oob_score_False)(random_state_42)(verbose_0)(warm_start_False),0.9951798868367674,0.9146167125209042,0.9524702939337086,RandomForestClassifier(bootstrap_True)(ccp_alpha_0.0)(class_weight_None)(criterion_gini)(max_depth_None)(max_features_sqrt)(max_leaf_nodes_None)(max_samples_None)(min_impurity_decrease_0.0)(min_samples_leaf_1)(min_samples_split_2)(min_weight_fraction_leaf_0.0)(monotonic_cst_None)(n_estimators_100)(n_jobs_-1)(oob_score_False)(random_state_42)(verbose_0)(warm_start_False),0.0439560439560439,0.3333333333333333,0.0731382978723404,RandomForestClassifier(bootstrap_True)(ccp_alpha_0.0)(class_weight_None)(criterion_gini)(max_depth_None)(max_features_sqrt)(max_leaf_nodes_None)(max_samples_None)(min_impurity_decrease_0.0)(min_samples_leaf_1)(min_samples_split_2)(min_weight_fraction_leaf_0.0)(monotonic_cst_None)(n_estimators_100)(n_jobs_-1)(oob_score_False)(random_state_42)(verbose_0)(warm_start_False),0.9106122702434178,0.9106122702434178,0.9106122702434178,RandomForestClassifier(bootstrap_True)(ccp_alpha_0.0)(class_weight_None)(criterion_gini)(max_depth_None)(max_features_sqrt)(max_leaf_nodes_None)(max_samples_None)(min_impurity_decrease_0.0)(min_samples_leaf_1)(min_samples_split_2)(min_weight_fraction_leaf_0.0)(monotonic_cst_None)(n_estimators_100)(n_jobs_-1)(oob_score_False)(random_state_42)(verbose_0)(warm_start_False),0.5195679653964057,0.6239750229271188,0.5128042959030245,RandomForestClassifier(bootstrap_True)(ccp_alpha_0.0)(class_weight_None)(criterion_gini)(max_depth_None)(max_features_sqrt)(max_leaf_nodes_None)(max_samples_None)(min_impurity_decrease_0.0)(min_samples_leaf_1)(min_samples_split_2)(min_weight_fraction_leaf_0.0)(monotonic_cst_None)(n_estimators_100)(n_jobs_-1)(oob_score_False)(random_state_42)(verbose_0)(warm_start_False),0.988883455016982,0.9106122702434178,0.9466362062772966
"ExtraTreesClassifier(criterion='entropy', max_features=120, n_estimators=80,
                     n_jobs=-1, random_state=42)",ExtraTreesClassifier(bootstrap_False)(ccp_alpha_0.0)(class_weight_None)(criterion_entropy)(max_depth_None)(max_features_120)(max_leaf_nodes_None)(max_samples_None)(min_impurity_decrease_0.0)(min_samples_leaf_1)(min_samples_split_2)(min_weight_fraction_leaf_0.0)(monotonic_cst_None)(n_estimators_80)(n_jobs_-1)(oob_score_False)(random_state_42)(verbose_0)(warm_start_False),0.9879361450928182,0.5793120965276655,0.6440262445483402,ExtraTreesClassifier(bootstrap_False)(ccp_alpha_0.0)(class_weight_None)(criterion_entropy)(max_depth_None)(max_features_120)(max_leaf_nodes_None)(max_samples_None)(min_impurity_decrease_0.0)(min_samples_leaf_1)(min_samples_split_2)(min_weight_fraction_leaf_0.0)(monotonic_cst_None)(n_estimators_80)(n_jobs_-1)(oob_score_False)(random_state_42)(verbose_0)(warm_start_False),0.0366233766233766,0.25,0.0518083182640144,ExtraTreesClassifier(bootstrap_False)(ccp_alpha_0.0)(class_weight_None)(criterion_entropy)(max_depth_None)(max_features_120)(max_leaf_nodes_None)(max_samples_None)(min_impurity_decrease_0.0)(min_samples_leaf_1)(min_samples_split_2)(min_weight_fraction_leaf_0.0)(monotonic_cst_None)(n_estimators_80)(n_jobs_-1)(oob_score_False)(random_state_42)(verbose_0)(warm_start_False),0.576025920800511,0.576025920800511,0.576025920800511,ExtraTreesClassifier(bootstrap_False)(ccp_alpha_0.0)(class_weight_None)(criterion_entropy)(max_depth_None)(max_features_120)(max_leaf_nodes_None)(max_samples_None)(min_impurity_decrease_0.0)(min_samples_leaf_1)(min_samples_split_2)(min_weight_fraction_leaf_0.0)(monotonic_cst_None)(n_estimators_80)(n_jobs_-1)(oob_score_False)(random_state_42)(verbose_0)(warm_start_False),0.5122797608580975,0.4146560482638327,0.3479172814061774,ExtraTreesClassifier(bootstrap_False)(ccp_alpha_0.0)(class_weight_None)(criterion_entropy)(max_depth_None)(max_features_120)(max_leaf_nodes_None)(max_samples_None)(min_impurity_decrease_0.0)(min_samples_leaf_1)(min_samples_split_2)(min_weight_fraction_leaf_0.0)(monotonic_cst_None)(n_estimators_80)(n_jobs_-1)(oob_score_False)(random_state_42)(verbose_0)(warm_start_False),0.9816302050228418,0.576025920800511,0.6394028408744632
"RandomForestClassifier(n_jobs=-1, random_state=42)",RandomForestClassifier(bootstrap_True)(ccp_alpha_0.0)(class_weight_None)(criterion_gini)(max_depth_None)(max_features_sqrt)(max_leaf_nodes_None)(max_samples_None)(min_impurity_decrease_0.0)(min_samples_leaf_1)(min_samples_split_2)(min_weight_fraction_leaf_0.0)(monotonic_cst_None)(n_estimators_100)(n_jobs_-1)(oob_score_False)(random_state_42)(verbose_0)(warm_start_False),0.9921042131644244,0.6600964737192282,0.756376012695231,RandomForestClassifier(bootstrap_True)(ccp_alpha_0.0)(class_weight_None)(criterion_gini)(max_depth_None)(max_features_sqrt)(max_leaf_nodes_None)(max_samples_None)(min_impurity_decrease_0.0)(min_samples_leaf_1)(min_samples_split_2)(min_weight_fraction_leaf_0.0)(monotonic_cst_None)(n_estimators_100)(n_jobs_-1)(oob_score_False)(random_state_42)(verbose_0)(warm_start_False),0.0143540669856459,0.25,0.0251025696393867,RandomForestClassifier(bootstrap_True)(ccp_alpha_0.0)(class_weight_None)(criterion_gini)(max_depth_None)(max_features_sqrt)(max_leaf_nodes_None)(max_samples_None)(min_impurity_decrease_0.0)(min_samples_leaf_1)(min_samples_split_2)(min_weight_fraction_leaf_0.0)(monotonic_cst_None)(n_estimators_100)(n_jobs_-1)(oob_score_False)(random_state_42)(verbose_0)(warm_start_False),0.656529433681073,0.656529433681073,0.656529433681073,RandomForestClassifier(bootstrap_True)(ccp_alpha_0.0)(class_weight_None)(criterion_gini)(max_depth_None)(max_features_sqrt)(max_leaf_nodes_None)(max_samples_None)(min_impurity_decrease_0.0)(min_samples_leaf_1)(min_samples_split_2)(min_weight_fraction_leaf_0.0)(monotonic_cst_None)(n_estimators_100)(n_jobs_-1)(oob_score_False)(random_state_42)(verbose_0)(warm_start_False),0.5032291400750352,0.4550482368596141,0.3907392911673089,RandomForestClassifier(bootstrap_True)(ccp_alpha_0.0)(class_weight_None)(criterion_gini)(max_depth_None)(max_features_sqrt)(max_leaf_nodes_None)(max_samples_None)(min_impurity_decrease_0.0)(min_samples_leaf_1)(min_samples_split_2)(min_weight_fraction_leaf_0.0)(monotonic_cst_None)(n_estimators_100)(n_jobs_-1)(oob_score_False)(random_state_42)(verbose_0)(warm_start_False),0.9855801662134284,0.656529433681073,0.7510510352888866
"ExtraTreesClassifier(criterion='entropy', max_features=120, n_estimators=80,
                     n_jobs=-1, random_state=42)",ExtraTreesClassifier(bootstrap_False)(ccp_alpha_0.0)(class_weight_None)(criterion_entropy)(max_depth_None)(max_features_120)(max_leaf_nodes_None)(max_samples_None)(min_impurity_decrease_0.0)(min_samples_leaf_1)(min_samples_split_2)(min_weight_fraction_leaf_0.0)(monotonic_cst_None)(n_estimators_80)(n_jobs_-1)(oob_score_False)(random_state_42)(verbose_0)(warm_start_False),0.9879361450928182,0.5793120965276655,0.6440262445483402,ExtraTreesClassifier(bootstrap_False)(ccp_alpha_0.0)(class_weight_None)(criterion_entropy)(max_depth_None)(max_features_120)(max_leaf_nodes_None)(max_samples_None)(min_impurity_decrease_0.0)(min_samples_leaf_1)(min_samples_split_2)(min_weight_fraction_leaf_0.0)(monotonic_cst_None)(n_estimators_80)(n_jobs_-1)(oob_score_False)(random_state_42)(verbose_0)(warm_start_False),0.0366233766233766,0.25,0.0518083182640144,ExtraTreesClassifier(bootstrap_False)(ccp_alpha_0.0)(class_weight_None)(criterion_entropy)(max_depth_None)(max_features_120)(max_leaf_nodes_None)(max_samples_None)(min_impurity_decrease_0.0)(min_samples_leaf_1)(min_samples_split_2)(min_weight_fraction_leaf_0.0)(monotonic_cst_None)(n_estimators_80)(n_jobs_-1)(oob_score_False)(random_state_42)(verbose_0)(warm_start_False),0.576025920800511,0.576025920800511,0.576025920800511,ExtraTreesClassifier(bootstrap_False)(ccp_alpha_0.0)(class_weight_None)(criterion_entropy)(max_depth_None)(max_features_120)(max_leaf_nodes_None)(max_samples_None)(min_impurity_decrease_0.0)(min_samples_leaf_1)(min_samples_split_2)(min_weight_fraction_leaf_0.0)(monotonic_cst_None)(n_estimators_80)(n_jobs_-1)(oob_score_False)(random_state_42)(verbose_0)(warm_start_False),0.5122797608580975,0.4146560482638327,0.3479172814061774,ExtraTreesClassifier(bootstrap_False)(ccp_alpha_0.0)(class_weight_None)(criterion_entropy)(max_depth_None)(max_features_120)(max_leaf_nodes_None)(max_samples_None)(min_impurity_decrease_0.0)(min_samples_leaf_1)(min_samples_split_2)(min_weight_fraction_leaf_0.0)(monotonic_cst_None)(n_estimators_80)(n_jobs_-1)(oob_score_False)(random_state_42)(verbose_0)(warm_start_False),0.9816302050228418,0.576025920800511,0.6394028408744632
"RandomForestClassifier(n_jobs=-1, random_state=42)",RandomForestClassifier(bootstrap_True)(ccp_alpha_0.0)(class_weight_None)(criterion_gini)(max_depth_None)(max_features_sqrt)(max_leaf_nodes_None)(max_samples_None)(min_impurity_decrease_0.0)(min_samples_leaf_1)(min_samples_split_2)(min_weight_fraction_leaf_0.0)(monotonic_cst_None)(n_estimators_100)(n_jobs_-1)(oob_score_False)(random_state_42)(verbose_0)(warm_start_False),0.9921042131644244,0.6600964737192282,0.756376012695231,RandomForestClassifier(bootstrap_True)(ccp_alpha_0.0)(class_weight_None)(criterion_gini)(max_depth_None)(max_features_sqrt)(max_leaf_nodes_None)(max_samples_None)(min_impurity_decrease_0.0)(min_samples_leaf_1)(min_samples_split_2)(min_weight_fraction_leaf_0.0)(monotonic_cst_None)(n_estimators_100)(n_jobs_-1)(oob_score_False)(random_state_42)(verbose_0)(warm_start_False),0.0143540669856459,0.25,0.0251025696393867,RandomForestClassifier(bootstrap_True)(ccp_alpha_0.0)(class_weight_None)(criterion_gini)(max_depth_None)(max_features_sqrt)(max_leaf_nodes_None)(max_samples_None)(min_impurity_decrease_0.0)(min_samples_leaf_1)(min_samples_split_2)(min_weight_fraction_leaf_0.0)(monotonic_cst_None)(n_estimators_100)(n_jobs_-1)(oob_score_False)(random_state_42)(verbose_0)(warm_start_False),0.656529433681073,0.656529433681073,0.656529433681073,RandomForestClassifier(bootstrap_True)(ccp_alpha_0.0)(class_weight_None)(criterion_gini)(max_depth_None)(max_features_sqrt)(max_leaf_nodes_None)(max_samples_None)(min_impurity_decrease_0.0)(min_samples_leaf_1)(min_samples_split_2)(min_weight_fraction_leaf_0.0)(monotonic_cst_None)(n_estimators_100)(n_jobs_-1)(oob_score_False)(random_state_42)(verbose_0)(warm_start_False),0.5032291400750352,0.4550482368596141,0.3907392911673089,RandomForestClassifier(bootstrap_True)(ccp_alpha_0.0)(class_weight_None)(criterion_gini)(max_depth_None)(max_features_sqrt)(max_leaf_nodes_None)(max_samples_None)(min_impurity_decrease_0.0)(min_samples_leaf_1)(min_samples_split_2)(min_weight_fraction_leaf_0.0)(monotonic_cst_None)(n_estimators_100)(n_jobs_-1)(oob_score_False)(random_state_42)(verbose_0)(warm_start_False),0.9855801662134284,0.656529433681073,0.7510510352888866
"ExtraTreesClassifier(criterion='entropy', max_features=120, n_estimators=80,
                     n_jobs=-1, random_state=42)",ExtraTreesClassifier(bootstrap_False)(ccp_alpha_0.0)(class_weight_None)(criterion_entropy)(max_depth_None)(max_features_120)(max_leaf_nodes_None)(max_samples_None)(min_impurity_decrease_0.0)(min_samples_leaf_1)(min_samples_split_2)(min_weight_fraction_leaf_0.0)(monotonic_cst_None)(n_estimators_80)(n_jobs_-1)(oob_score_False)(random_state_42)(verbose_0)(warm_start_False),0.99143875192604,0.7800794806782831,0.8610528220228759,ExtraTreesClassifier(bootstrap_False)(ccp_alpha_0.0)(class_weight_None)(criterion_entropy)(max_depth_None)(max_features_120)(max_leaf_nodes_None)(max_samples_None)(min_impurity_decrease_0.0)(min_samples_leaf_1)(min_samples_split_2)(min_weight_fraction_leaf_0.0)(monotonic_cst_None)(n_estimators_80)(n_jobs_-1)(oob_score_False)(random_state_42)(verbose_0)(warm_start_False),0.0018382352941176,0.0833333333333333,0.0035971223021582,ExtraTreesClassifier(bootstrap_False)(ccp_alpha_0.0)(class_weight_None)(criterion_entropy)(max_depth_None)(max_features_120)(max_leaf_nodes_None)(max_samples_None)(min_impurity_decrease_0.0)(min_samples_leaf_1)(min_samples_split_2)(min_weight_fraction_leaf_0.0)(monotonic_cst_None)(n_estimators_80)(n_jobs_-1)(oob_score_False)(random_state_42)(verbose_0)(warm_start_False),0.7760139450713222,0.7760139450713222,0.7760139450713222,ExtraTreesClassifier(bootstrap_False)(ccp_alpha_0.0)(class_weight_None)(criterion_entropy)(max_depth_None)(max_features_120)(max_leaf_nodes_None)(max_samples_None)(min_impurity_decrease_0.0)(min_samples_leaf_1)(min_samples_split_2)(min_weight_fraction_leaf_0.0)(monotonic_cst_None)(n_estimators_80)(n_jobs_-1)(oob_score_False)(random_state_42)(verbose_0)(warm_start_False),0.4966384936100788,0.4317064070058082,0.4323249721625171,ExtraTreesClassifier(bootstrap_False)(ccp_alpha_0.0)(class_weight_None)(criterion_entropy)(max_depth_None)(max_features_120)(max_leaf_nodes_None)(max_samples_None)(min_impurity_decrease_0.0)(min_samples_leaf_1)(min_samples_split_2)(min_weight_fraction_leaf_0.0)(monotonic_cst_None)(n_estimators_80)(n_jobs_-1)(oob_score_False)(random_state_42)(verbose_0)(warm_start_False),0.9848215465986396,0.7760139450713222,0.8555834752416354
"RandomForestClassifier(n_jobs=-1, random_state=42)",RandomForestClassifier(bootstrap_True)(ccp_alpha_0.0)(class_weight_None)(criterion_gini)(max_depth_None)(max_features_sqrt)(max_leaf_nodes_None)(max_samples_None)(min_impurity_decrease_0.0)(min_samples_leaf_1)(min_samples_split_2)(min_weight_fraction_leaf_0.0)(monotonic_cst_None)(n_estimators_100)(n_jobs_-1)(oob_score_False)(random_state_42)(verbose_0)(warm_start_False),0.9930752993883,0.6367153081224938,0.7306271879657551,RandomForestClassifier(bootstrap_True)(ccp_alpha_0.0)(class_weight_None)(criterion_gini)(max_depth_None)(max_features_sqrt)(max_leaf_nodes_None)(max_samples_None)(min_impurity_decrease_0.0)(min_samples_leaf_1)(min_samples_split_2)(min_weight_fraction_leaf_0.0)(monotonic_cst_None)(n_estimators_100)(n_jobs_-1)(oob_score_False)(random_state_42)(verbose_0)(warm_start_False),0.0044150110375275,0.3333333333333333,0.008714596949891,RandomForestClassifier(bootstrap_True)(ccp_alpha_0.0)(class_weight_None)(criterion_gini)(max_depth_None)(max_features_sqrt)(max_leaf_nodes_None)(max_samples_None)(min_impurity_decrease_0.0)(min_samples_leaf_1)(min_samples_split_2)(min_weight_fraction_leaf_0.0)(monotonic_cst_None)(n_estimators_100)(n_jobs_-1)(oob_score_False)(random_state_42)(verbose_0)(warm_start_False),0.6361185774607906,0.6361185774607906,0.6361185774607906,RandomForestClassifier(bootstrap_True)(ccp_alpha_0.0)(class_weight_None)(criterion_gini)(max_depth_None)(max_features_sqrt)(max_leaf_nodes_None)(max_samples_None)(min_impurity_decrease_0.0)(min_samples_leaf_1)(min_samples_split_2)(min_weight_fraction_leaf_0.0)(monotonic_cst_None)(n_estimators_100)(n_jobs_-1)(oob_score_False)(random_state_42)(verbose_0)(warm_start_False),0.4987451552129138,0.4850243207279135,0.369670892457823,RandomForestClassifier(bootstrap_True)(ccp_alpha_0.0)(class_weight_None)(criterion_gini)(max_depth_None)(max_features_sqrt)(max_leaf_nodes_None)(max_samples_None)(min_impurity_decrease_0.0)(min_samples_leaf_1)(min_samples_split_2)(min_weight_fraction_leaf_0.0)(monotonic_cst_None)(n_estimators_100)(n_jobs_-1)(oob_score_False)(random_state_42)(verbose_0)(warm_start_False),0.9864662783665976,0.6361185774607906,0.7263454059301344
"ExtraTreesClassifier(criterion='entropy', max_features=120, n_estimators=80,
                     n_jobs=-1, random_state=42)",ExtraTreesClassifier(bootstrap_False)(ccp_alpha_0.0)(class_weight_None)(criterion_entropy)(max_depth_None)(max_features_120)(max_leaf_nodes_None)(max_samples_None)(min_impurity_decrease_0.0)(min_samples_leaf_1)(min_samples_split_2)(min_weight_fraction_leaf_0.0)(monotonic_cst_None)(n_estimators_80)(n_jobs_-1)(oob_score_False)(random_state_42)(verbose_0)(warm_start_False),0.99143875192604,0.7800794806782831,0.8610528220228759,ExtraTreesClassifier(bootstrap_False)(ccp_alpha_0.0)(class_weight_None)(criterion_entropy)(max_depth_None)(max_features_120)(max_leaf_nodes_None)(max_samples_None)(min_impurity_decrease_0.0)(min_samples_leaf_1)(min_samples_split_2)(min_weight_fraction_leaf_0.0)(monotonic_cst_None)(n_estimators_80)(n_jobs_-1)(oob_score_False)(random_state_42)(verbose_0)(warm_start_False),0.0018382352941176,0.0833333333333333,0.0035971223021582,ExtraTreesClassifier(bootstrap_False)(ccp_alpha_0.0)(class_weight_None)(criterion_entropy)(max_depth_None)(max_features_120)(max_leaf_nodes_None)(max_samples_None)(min_impurity_decrease_0.0)(min_samples_leaf_1)(min_samples_split_2)(min_weight_fraction_leaf_0.0)(monotonic_cst_None)(n_estimators_80)(n_jobs_-1)(oob_score_False)(random_state_42)(verbose_0)(warm_start_False),0.7760139450713222,0.7760139450713222,0.7760139450713222,ExtraTreesClassifier(bootstrap_False)(ccp_alpha_0.0)(class_weight_None)(criterion_entropy)(max_depth_None)(max_features_120)(max_leaf_nodes_None)(max_samples_None)(min_impurity_decrease_0.0)(min_samples_leaf_1)(min_samples_split_2)(min_weight_fraction_leaf_0.0)(monotonic_cst_None)(n_estimators_80)(n_jobs_-1)(oob_score_False)(random_state_42)(verbose_0)(warm_start_False),0.4966384936100788,0.4317064070058082,0.4323249721625171,ExtraTreesClassifier(bootstrap_False)(ccp_alpha_0.0)(class_weight_None)(criterion_entropy)(max_depth_None)(max_features_120)(max_leaf_nodes_None)(max_samples_None)(min_impurity_decrease_0.0)(min_samples_leaf_1)(min_samples_split_2)(min_weight_fraction_leaf_0.0)(monotonic_cst_None)(n_estimators_80)(n_jobs_-1)(oob_score_False)(random_state_42)(verbose_0)(warm_start_False),0.9848215465986396,0.7760139450713222,0.8555834752416354
"RandomForestClassifier(n_jobs=-1, random_state=42)",RandomForestClassifier(bootstrap_True)(ccp_alpha_0.0)(class_weight_None)(criterion_gini)(max_depth_None)(max_features_sqrt)(max_leaf_nodes_None)(max_samples_None)(min_impurity_decrease_0.0)(min_samples_leaf_1)(min_samples_split_2)(min_weight_fraction_leaf_0.0)(monotonic_cst_None)(n_estimators_100)(n_jobs_-1)(oob_score_False)(random_state_42)(verbose_0)(warm_start_False),0.9930752993883,0.6367153081224938,0.7306271879657551,RandomForestClassifier(bootstrap_True)(ccp_alpha_0.0)(class_weight_None)(criterion_gini)(max_depth_None)(max_features_sqrt)(max_leaf_nodes_None)(max_samples_None)(min_impurity_decrease_0.0)(min_samples_leaf_1)(min_samples_split_2)(min_weight_fraction_leaf_0.0)(monotonic_cst_None)(n_estimators_100)(n_jobs_-1)(oob_score_False)(random_state_42)(verbose_0)(warm_start_False),0.0044150110375275,0.3333333333333333,0.008714596949891,RandomForestClassifier(bootstrap_True)(ccp_alpha_0.0)(class_weight_None)(criterion_gini)(max_depth_None)(max_features_sqrt)(max_leaf_nodes_None)(max_samples_None)(min_impurity_decrease_0.0)(min_samples_leaf_1)(min_samples_split_2)(min_weight_fraction_leaf_0.0)(monotonic_cst_None)(n_estimators_100)(n_jobs_-1)(oob_score_False)(random_state_42)(verbose_0)(warm_start_False),0.6361185774607906,0.6361185774607906,0.6361185774607906,RandomForestClassifier(bootstrap_True)(ccp_alpha_0.0)(class_weight_None)(criterion_gini)(max_depth_None)(max_features_sqrt)(max_leaf_nodes_None)(max_samples_None)(min_impurity_decrease_0.0)(min_samples_leaf_1)(min_samples_split_2)(min_weight_fraction_leaf_0.0)(monotonic_cst_None)(n_estimators_100)(n_jobs_-1)(oob_score_False)(random_state_42)(verbose_0)(warm_start_False),0.4987451552129138,0.4850243207279135,0.369670892457823,RandomForestClassifier(bootstrap_True)(ccp_alpha_0.0)(class_weight_None)(criterion_gini)(max_depth_None)(max_features_sqrt)(max_leaf_nodes_None)(max_samples_None)(min_impurity_decrease_0.0)(min_samples_leaf_1)(min_samples_split_2)(min_weight_fraction_leaf_0.0)(monotonic_cst_None)(n_estimators_100)(n_jobs_-1)(oob_score_False)(random_state_42)(verbose_0)(warm_start_False),0.9864662783665976,0.6361185774607906,0.7263454059301344
"ExtraTreesClassifier(criterion='entropy', max_features=80, n_estimators=80,
                     random_state=42)",ExtraTreesClassifier(bootstrap_False)(ccp_alpha_0.0)(class_weight_None)(criterion_entropy)(max_depth_None)(max_features_80)(max_leaf_nodes_None)(max_samples_None)(min_impurity_decrease_0.0)(min_samples_leaf_1)(min_samples_split_2)(min_weight_fraction_leaf_0.0)(monotonic_cst_None)(n_estimators_80)(n_jobs_None)(oob_score_False)(random_state_42)(verbose_0)(warm_start_False),0.4446140120210368,0.5323042922602628,0.4843376770865323,ExtraTreesClassifier(bootstrap_False)(ccp_alpha_0.0)(class_weight_None)(criterion_entropy)(max_depth_None)(max_features_80)(max_leaf_nodes_None)(max_samples_None)(min_impurity_decrease_0.0)(min_samples_leaf_1)(min_samples_split_2)(min_weight_fraction_leaf_0.0)(monotonic_cst_None)(n_estimators_80)(n_jobs_None)(oob_score_False)(random_state_42)(verbose_0)(warm_start_False),0.9382117220028964,0.9141547335104224,0.9260174708370772,ExtraTreesClassifier(bootstrap_False)(ccp_alpha_0.0)(class_weight_None)(criterion_entropy)(max_depth_None)(max_features_80)(max_leaf_nodes_None)(max_samples_None)(min_impurity_decrease_0.0)(min_samples_leaf_1)(min_samples_split_2)(min_weight_fraction_leaf_0.0)(monotonic_cst_None)(n_estimators_80)(n_jobs_None)(oob_score_False)(random_state_42)(verbose_0)(warm_start_False),0.8706145299420822,0.8706145299420822,0.8706145299420822,ExtraTreesClassifier(bootstrap_False)(ccp_alpha_0.0)(class_weight_None)(criterion_entropy)(max_depth_None)(max_features_80)(max_leaf_nodes_None)(max_samples_None)(min_impurity_decrease_0.0)(min_samples_leaf_1)(min_samples_split_2)(min_weight_fraction_leaf_0.0)(monotonic_cst_None)(n_estimators_80)(n_jobs_None)(oob_score_False)(random_state_42)(verbose_0)(warm_start_False),0.6914128670119666,0.7232295128853428,0.7051775739618048,ExtraTreesClassifier(bootstrap_False)(ccp_alpha_0.0)(class_weight_None)(criterion_entropy)(max_depth_None)(max_features_80)(max_leaf_nodes_None)(max_samples_None)(min_impurity_decrease_0.0)(min_samples_leaf_1)(min_samples_split_2)(min_weight_fraction_leaf_0.0)(monotonic_cst_None)(n_estimators_80)(n_jobs_None)(oob_score_False)(random_state_42)(verbose_0)(warm_start_False),0.8819101674546721,0.8706145299420822,0.875644304462488
"ExtraTreesClassifier(criterion='entropy', max_features=80, n_estimators=80,
                     random_state=42)",ExtraTreesClassifier(bootstrap_False)(ccp_alpha_0.0)(class_weight_None)(criterion_entropy)(max_depth_None)(max_features_80)(max_leaf_nodes_None)(max_samples_None)(min_impurity_decrease_0.0)(min_samples_leaf_1)(min_samples_split_2)(min_weight_fraction_leaf_0.0)(monotonic_cst_None)(n_estimators_80)(n_jobs_None)(oob_score_False)(random_state_42)(verbose_0)(warm_start_False),0.4446140120210368,0.5323042922602628,0.4843376770865323,ExtraTreesClassifier(bootstrap_False)(ccp_alpha_0.0)(class_weight_None)(criterion_entropy)(max_depth_None)(max_features_80)(max_leaf_nodes_None)(max_samples_None)(min_impurity_decrease_0.0)(min_samples_leaf_1)(min_samples_split_2)(min_weight_fraction_leaf_0.0)(monotonic_cst_None)(n_estimators_80)(n_jobs_None)(oob_score_False)(random_state_42)(verbose_0)(warm_start_False),0.9382117220028964,0.9141547335104224,0.9260174708370772,ExtraTreesClassifier(bootstrap_False)(ccp_alpha_0.0)(class_weight_None)(criterion_entropy)(max_depth_None)(max_features_80)(max_leaf_nodes_None)(max_samples_None)(min_impurity_decrease_0.0)(min_samples_leaf_1)(min_samples_split_2)(min_weight_fraction_leaf_0.0)(monotonic_cst_None)(n_estimators_80)(n_jobs_None)(oob_score_False)(random_state_42)(verbose_0)(warm_start_False),0.8706145299420822,0.8706145299420822,0.8706145299420822,ExtraTreesClassifier(bootstrap_False)(ccp_alpha_0.0)(class_weight_None)(criterion_entropy)(max_depth_None)(max_features_80)(max_leaf_nodes_None)(max_samples_None)(min_impurity_decrease_0.0)(min_samples_leaf_1)(min_samples_split_2)(min_weight_fraction_leaf_0.0)(monotonic_cst_None)(n_estimators_80)(n_jobs_None)(oob_score_False)(random_state_42)(verbose_0)(warm_start_False),0.6914128670119666,0.7232295128853428,0.7051775739618048,ExtraTreesClassifier(bootstrap_False)(ccp_alpha_0.0)(class_weight_None)(criterion_entropy)(max_depth_None)(max_features_80)(max_leaf_nodes_None)(max_samples_None)(min_impurity_decrease_0.0)(min_samples_leaf_1)(min_samples_split_2)(min_weight_fraction_leaf_0.0)(monotonic_cst_None)(n_estimators_80)(n_jobs_None)(oob_score_False)(random_state_42)(verbose_0)(warm_start_False),0.8819101674546721,0.8706145299420822,0.875644304462488
"ExtraTreesClassifier(criterion='entropy', max_features=120, n_estimators=80,
                     n_jobs=-1, random_state=42)",ExtraTreesClassifier(bootstrap_False)(ccp_alpha_0.0)(class_weight_None)(criterion_entropy)(max_depth_None)(max_features_120)(max_leaf_nodes_None)(max_samples_None)(min_impurity_decrease_0.0)(min_samples_leaf_1)(min_samples_split_2)(min_weight_fraction_leaf_0.0)(monotonic_cst_None)(n_estimators_80)(n_jobs_-1)(oob_score_False)(random_state_42)(verbose_0)(warm_start_False),0.9955594187562592,0.8499950642678242,0.9170347508918192,ExtraTreesClassifier(bootstrap_False)(ccp_alpha_0.0)(class_weight_None)(criterion_entropy)(max_depth_None)(max_features_120)(max_leaf_nodes_None)(max_samples_None)(min_impurity_decrease_0.0)(min_samples_leaf_1)(min_samples_split_2)(min_weight_fraction_leaf_0.0)(monotonic_cst_None)(n_estimators_80)(n_jobs_-1)(oob_score_False)(random_state_42)(verbose_0)(warm_start_False),0.0024630541871921,0.0714285714285714,0.0047619047619047,ExtraTreesClassifier(bootstrap_False)(ccp_alpha_0.0)(class_weight_None)(criterion_entropy)(max_depth_None)(max_features_120)(max_leaf_nodes_None)(max_samples_None)(min_impurity_decrease_0.0)(min_samples_leaf_1)(min_samples_split_2)(min_weight_fraction_leaf_0.0)(monotonic_cst_None)(n_estimators_80)(n_jobs_-1)(oob_score_False)(random_state_42)(verbose_0)(warm_start_False),0.8468488004781012,0.8468488004781012,0.8468488004781012,ExtraTreesClassifier(bootstrap_False)(ccp_alpha_0.0)(class_weight_None)(criterion_entropy)(max_depth_None)(max_features_120)(max_leaf_nodes_None)(max_samples_None)(min_impurity_decrease_0.0)(min_samples_leaf_1)(min_samples_split_2)(min_weight_fraction_leaf_0.0)(monotonic_cst_None)(n_estimators_80)(n_jobs_-1)(oob_score_False)(random_state_42)(verbose_0)(warm_start_False),0.4990112364717257,0.4607118178481978,0.460898327826862,ExtraTreesClassifier(bootstrap_False)(ccp_alpha_0.0)(class_weight_None)(criterion_entropy)(max_depth_None)(max_features_120)(max_leaf_nodes_None)(max_samples_None)(min_impurity_decrease_0.0)(min_samples_leaf_1)(min_samples_split_2)(min_weight_fraction_leaf_0.0)(monotonic_cst_None)(n_estimators_80)(n_jobs_-1)(oob_score_False)(random_state_42)(verbose_0)(warm_start_False),0.991442081443519,0.8468488004781012,0.9132569771421036
"RandomForestClassifier(n_jobs=-1, random_state=42)",RandomForestClassifier(bootstrap_True)(ccp_alpha_0.0)(class_weight_None)(criterion_gini)(max_depth_None)(max_features_sqrt)(max_leaf_nodes_None)(max_samples_None)(min_impurity_decrease_0.0)(min_samples_leaf_1)(min_samples_split_2)(min_weight_fraction_leaf_0.0)(monotonic_cst_None)(n_estimators_100)(n_jobs_-1)(oob_score_False)(random_state_42)(verbose_0)(warm_start_False),0.9957647347233692,0.598980369560077,0.7450408118778309,RandomForestClassifier(bootstrap_True)(ccp_alpha_0.0)(class_weight_None)(criterion_gini)(max_depth_None)(max_features_sqrt)(max_leaf_nodes_None)(max_samples_None)(min_impurity_decrease_0.0)(min_samples_leaf_1)(min_samples_split_2)(min_weight_fraction_leaf_0.0)(monotonic_cst_None)(n_estimators_100)(n_jobs_-1)(oob_score_False)(random_state_42)(verbose_0)(warm_start_False),0.0039082893972483,0.3928571428571428,0.0077219522015472,RandomForestClassifier(bootstrap_True)(ccp_alpha_0.0)(class_weight_None)(criterion_gini)(max_depth_None)(max_features_sqrt)(max_leaf_nodes_None)(max_samples_None)(min_impurity_decrease_0.0)(min_samples_leaf_1)(min_samples_split_2)(min_weight_fraction_leaf_0.0)(monotonic_cst_None)(n_estimators_100)(n_jobs_-1)(oob_score_False)(random_state_42)(verbose_0)(warm_start_False),0.5979162753635562,0.5979162753635562,0.5979162753635562,RandomForestClassifier(bootstrap_True)(ccp_alpha_0.0)(class_weight_None)(criterion_gini)(max_depth_None)(max_features_sqrt)(max_leaf_nodes_None)(max_samples_None)(min_impurity_decrease_0.0)(min_samples_leaf_1)(min_samples_split_2)(min_weight_fraction_leaf_0.0)(monotonic_cst_None)(n_estimators_100)(n_jobs_-1)(oob_score_False)(random_state_42)(verbose_0)(warm_start_False),0.4998365120603087,0.4959187562086099,0.376381382039689,RandomForestClassifier(bootstrap_True)(ccp_alpha_0.0)(class_weight_None)(criterion_gini)(max_depth_None)(max_features_sqrt)(max_leaf_nodes_None)(max_samples_None)(min_impurity_decrease_0.0)(min_samples_leaf_1)(min_samples_split_2)(min_weight_fraction_leaf_0.0)(monotonic_cst_None)(n_estimators_100)(n_jobs_-1)(oob_score_False)(random_state_42)(verbose_0)(warm_start_False),0.9916511022250768,0.5979162753635562,0.7419149197941857
"ExtraTreesClassifier(criterion='entropy', max_features=120, n_estimators=80,
                     n_jobs=-1, random_state=42)",ExtraTreesClassifier(bootstrap_False)(ccp_alpha_0.0)(class_weight_None)(criterion_entropy)(max_depth_None)(max_features_120)(max_leaf_nodes_None)(max_samples_None)(min_impurity_decrease_0.0)(min_samples_leaf_1)(min_samples_split_2)(min_weight_fraction_leaf_0.0)(monotonic_cst_None)(n_estimators_80)(n_jobs_-1)(oob_score_False)(random_state_42)(verbose_0)(warm_start_False),0.9858836206896552,0.6034228456913827,0.6983481851771354,ExtraTreesClassifier(bootstrap_False)(ccp_alpha_0.0)(class_weight_None)(criterion_entropy)(max_depth_None)(max_features_120)(max_leaf_nodes_None)(max_samples_None)(min_impurity_decrease_0.0)(min_samples_leaf_1)(min_samples_split_2)(min_weight_fraction_leaf_0.0)(monotonic_cst_None)(n_estimators_80)(n_jobs_-1)(oob_score_False)(random_state_42)(verbose_0)(warm_start_False),0.0140509855082683,0.2361111111111111,0.0254820936639118,ExtraTreesClassifier(bootstrap_False)(ccp_alpha_0.0)(class_weight_None)(criterion_entropy)(max_depth_None)(max_features_120)(max_leaf_nodes_None)(max_samples_None)(min_impurity_decrease_0.0)(min_samples_leaf_1)(min_samples_split_2)(min_weight_fraction_leaf_0.0)(monotonic_cst_None)(n_estimators_80)(n_jobs_-1)(oob_score_False)(random_state_42)(verbose_0)(warm_start_False),0.6001570356709384,0.6001570356709384,0.6001570356709384,ExtraTreesClassifier(bootstrap_False)(ccp_alpha_0.0)(class_weight_None)(criterion_entropy)(max_depth_None)(max_features_120)(max_leaf_nodes_None)(max_samples_None)(min_impurity_decrease_0.0)(min_samples_leaf_1)(min_samples_split_2)(min_weight_fraction_leaf_0.0)(monotonic_cst_None)(n_estimators_80)(n_jobs_-1)(oob_score_False)(random_state_42)(verbose_0)(warm_start_False),0.4999673030989617,0.4197669784012469,0.3619151394205236,ExtraTreesClassifier(bootstrap_False)(ccp_alpha_0.0)(class_weight_None)(criterion_entropy)(max_depth_None)(max_features_120)(max_leaf_nodes_None)(max_samples_None)(min_impurity_decrease_0.0)(min_samples_leaf_1)(min_samples_split_2)(min_weight_fraction_leaf_0.0)(monotonic_cst_None)(n_estimators_80)(n_jobs_-1)(oob_score_False)(random_state_42)(verbose_0)(warm_start_False),0.9776866433278388,0.6001570356709384,0.6925520886456142
"RandomForestClassifier(n_jobs=-1, random_state=42)",RandomForestClassifier(bootstrap_True)(ccp_alpha_0.0)(class_weight_None)(criterion_gini)(max_depth_None)(max_features_sqrt)(max_leaf_nodes_None)(max_samples_None)(min_impurity_decrease_0.0)(min_samples_leaf_1)(min_samples_split_2)(min_weight_fraction_leaf_0.0)(monotonic_cst_None)(n_estimators_100)(n_jobs_-1)(oob_score_False)(random_state_42)(verbose_0)(warm_start_False),0.9918481052857717,0.5177565130260522,0.6467758675750479,RandomForestClassifier(bootstrap_True)(ccp_alpha_0.0)(class_weight_None)(criterion_gini)(max_depth_None)(max_features_sqrt)(max_leaf_nodes_None)(max_samples_None)(min_impurity_decrease_0.0)(min_samples_leaf_1)(min_samples_split_2)(min_weight_fraction_leaf_0.0)(monotonic_cst_None)(n_estimators_100)(n_jobs_-1)(oob_score_False)(random_state_42)(verbose_0)(warm_start_False),0.008208180108356961,0.4861111111111111,0.016037281054153946,RandomForestClassifier(bootstrap_True)(ccp_alpha_0.0)(class_weight_None)(criterion_gini)(max_depth_None)(max_features_sqrt)(max_leaf_nodes_None)(max_samples_None)(min_impurity_decrease_0.0)(min_samples_leaf_1)(min_samples_split_2)(min_weight_fraction_leaf_0.0)(monotonic_cst_None)(n_estimators_100)(n_jobs_-1)(oob_score_False)(random_state_42)(verbose_0)(warm_start_False),0.5172379651960088,0.5172379651960088,0.5172379651960088,RandomForestClassifier(bootstrap_True)(ccp_alpha_0.0)(class_weight_None)(criterion_gini)(max_depth_None)(max_features_sqrt)(max_leaf_nodes_None)(max_samples_None)(min_impurity_decrease_0.0)(min_samples_leaf_1)(min_samples_split_2)(min_weight_fraction_leaf_0.0)(monotonic_cst_None)(n_estimators_100)(n_jobs_-1)(oob_score_False)(random_state_42)(verbose_0)(warm_start_False),0.5000281426970643,0.5019338120685816,0.3314065743146009,RandomForestClassifier(bootstrap_True)(ccp_alpha_0.0)(class_weight_None)(criterion_gini)(max_depth_None)(max_features_sqrt)(max_leaf_nodes_None)(max_samples_None)(min_impurity_decrease_0.0)(min_samples_leaf_1)(min_samples_split_2)(min_weight_fraction_leaf_0.0)(monotonic_cst_None)(n_estimators_100)(n_jobs_-1)(oob_score_False)(random_state_42)(verbose_0)(warm_start_False),0.9835496570900197,0.5172379651960088,0.6413485108951177
