mean_fit_time,std_fit_time,mean_score_time,std_score_time,param_final_estimator,param_final_estimator__gamma,param_final_estimator__learning_rate,param_final_estimator__max_depth,param_final_estimator__n_estimators,param_passthrough,params,split0_test_accuracy,split1_test_accuracy,split2_test_accuracy,split3_test_accuracy,split4_test_accuracy,mean_test_accuracy,std_test_accuracy,rank_test_accuracy,split0_test_f1,split1_test_f1,split2_test_f1,split3_test_f1,split4_test_f1,mean_test_f1,std_test_f1,rank_test_f1
113.85082950592042,9.669317208375714,1.0719738960266114,0.05592401443024894,"XGBClassifier(base_score=None, booster=None, callbacks=None,
              colsample_bylevel=None, colsample_bynode=None,
              colsample_bytree=None, device=None, early_stopping_rounds=None,
              enable_categorical=False, eval_metric=None, feature_types=None,
              feature_weights=None, gamma=None, grow_policy=None,
              importance_type=None, interaction_constraints=None,
              learning_rate=None, max_bin=None, max_cat_threshold=None,
              max_cat_to_onehot=None, max_delta_step=None, max_depth=None,
              max_leaves=None, min_child_weight=None, missing=nan,
              monotone_constraints=None, multi_strategy=None, n_estimators=None,
              n_jobs=None, num_parallel_tree=None, ...)",0,0.01,3,100,True,"{'final_estimator': XGBClassifier(base_score=None, booster=None, callbacks=None,
              colsample_bylevel=None, colsample_bynode=None,
              colsample_bytree=None, device=None, early_stopping_rounds=None,
              enable_categorical=False, eval_metric=None, feature_types=None,
              feature_weights=None, gamma=None, grow_policy=None,
              importance_type=None, interaction_constraints=None,
              learning_rate=None, max_bin=None, max_cat_threshold=None,
              max_cat_to_onehot=None, max_delta_step=None, max_depth=None,
              max_leaves=None, min_child_weight=None, missing=nan,
              monotone_constraints=None, multi_strategy=None, n_estimators=None,
              n_jobs=None, num_parallel_tree=None, ...), 'final_estimator__gamma': 0, 'final_estimator__learning_rate': 0.01, 'final_estimator__max_depth': 3, 'final_estimator__n_estimators': 100, 'passthrough': True}",0.8071216617210683,0.8189910979228486,0.7942631058358062,0.7960396039603961,0.799009900990099,0.8030850740860437,0.00909250727680482,64,0.8550185873605948,0.8641425389755011,0.8412213740458016,0.8471810089020771,0.8506254598969831,0.8516377938361916,0.007709578056635563,31
111.59605236053467,7.759987316296063,1.079989528656006,0.0724664568232421,"XGBClassifier(base_score=None, booster=None, callbacks=None,
              colsample_bylevel=None, colsample_bynode=None,
              colsample_bytree=None, device=None, early_stopping_rounds=None,
              enable_categorical=False, eval_metric=None, feature_types=None,
              feature_weights=None, gamma=None, grow_policy=None,
              importance_type=None, interaction_constraints=None,
              learning_rate=None, max_bin=None, max_cat_threshold=None,
              max_cat_to_onehot=None, max_delta_step=None, max_depth=None,
              max_leaves=None, min_child_weight=None, missing=nan,
              monotone_constraints=None, multi_strategy=None, n_estimators=None,
              n_jobs=None, num_parallel_tree=None, ...)",0,0.01,3,100,False,"{'final_estimator': XGBClassifier(base_score=None, booster=None, callbacks=None,
              colsample_bylevel=None, colsample_bynode=None,
              colsample_bytree=None, device=None, early_stopping_rounds=None,
              enable_categorical=False, eval_metric=None, feature_types=None,
              feature_weights=None, gamma=None, grow_policy=None,
              importance_type=None, interaction_constraints=None,
              learning_rate=None, max_bin=None, max_cat_threshold=None,
              max_cat_to_onehot=None, max_delta_step=None, max_depth=None,
              max_leaves=None, min_child_weight=None, missing=nan,
              monotone_constraints=None, multi_strategy=None, n_estimators=None,
              n_jobs=None, num_parallel_tree=None, ...), 'final_estimator__gamma': 0, 'final_estimator__learning_rate': 0.01, 'final_estimator__max_depth': 3, 'final_estimator__n_estimators': 100, 'passthrough': False}",0.7992087042532147,0.8170128585558852,0.7942631058358062,0.799009900990099,0.802970297029703,0.8024929733329417,0.007767932030506937,67,0.8481675392670157,0.8626577579806979,0.8414634146341463,0.8495181616011861,0.8533529845246868,0.8510319716015466,0.006965628265673173,37
94.7680962562561,7.776014981284053,1.1102978229522704,0.1447421879084846,"XGBClassifier(base_score=None, booster=None, callbacks=None,
              colsample_bylevel=None, colsample_bynode=None,
              colsample_bytree=None, device=None, early_stopping_rounds=None,
              enable_categorical=False, eval_metric=None, feature_types=None,
              feature_weights=None, gamma=None, grow_policy=None,
              importance_type=None, interaction_constraints=None,
              learning_rate=None, max_bin=None, max_cat_threshold=None,
              max_cat_to_onehot=None, max_delta_step=None, max_depth=None,
              max_leaves=None, min_child_weight=None, missing=nan,
              monotone_constraints=None, multi_strategy=None, n_estimators=None,
              n_jobs=None, num_parallel_tree=None, ...)",0,0.01,3,300,True,"{'final_estimator': XGBClassifier(base_score=None, booster=None, callbacks=None,
              colsample_bylevel=None, colsample_bynode=None,
              colsample_bytree=None, device=None, early_stopping_rounds=None,
              enable_categorical=False, eval_metric=None, feature_types=None,
              feature_weights=None, gamma=None, grow_policy=None,
              importance_type=None, interaction_constraints=None,
              learning_rate=None, max_bin=None, max_cat_threshold=None,
              max_cat_to_onehot=None, max_delta_step=None, max_depth=None,
              max_leaves=None, min_child_weight=None, missing=nan,
              monotone_constraints=None, multi_strategy=None, n_estimators=None,
              n_jobs=None, num_parallel_tree=None, ...), 'final_estimator__gamma': 0, 'final_estimator__learning_rate': 0.01, 'final_estimator__max_depth': 3, 'final_estimator__n_estimators': 300, 'passthrough': True}",0.8090999010880316,0.8199802176063303,0.8031651829871415,0.808910891089109,0.800990099009901,0.8084292583561027,0.006590265133241537,43,0.8505034856700232,0.8589147286821706,0.8441660140955364,0.851652574942352,0.8483018867924528,0.850707738036507,0.0048346955145956326,41
87.93312287330627,1.9898615394500978,1.034737730026245,0.043286173560338544,"XGBClassifier(base_score=None, booster=None, callbacks=None,
              colsample_bylevel=None, colsample_bynode=None,
              colsample_bytree=None, device=None, early_stopping_rounds=None,
              enable_categorical=False, eval_metric=None, feature_types=None,
              feature_weights=None, gamma=None, grow_policy=None,
              importance_type=None, interaction_constraints=None,
              learning_rate=None, max_bin=None, max_cat_threshold=None,
              max_cat_to_onehot=None, max_delta_step=None, max_depth=None,
              max_leaves=None, min_child_weight=None, missing=nan,
              monotone_constraints=None, multi_strategy=None, n_estimators=None,
              n_jobs=None, num_parallel_tree=None, ...)",0,0.01,3,300,False,"{'final_estimator': XGBClassifier(base_score=None, booster=None, callbacks=None,
              colsample_bylevel=None, colsample_bynode=None,
              colsample_bytree=None, device=None, early_stopping_rounds=None,
              enable_categorical=False, eval_metric=None, feature_types=None,
              feature_weights=None, gamma=None, grow_policy=None,
              importance_type=None, interaction_constraints=None,
              learning_rate=None, max_bin=None, max_cat_threshold=None,
              max_cat_to_onehot=None, max_delta_step=None, max_depth=None,
              max_leaves=None, min_child_weight=None, missing=nan,
              monotone_constraints=None, multi_strategy=None, n_estimators=None,
              n_jobs=None, num_parallel_tree=None, ...), 'final_estimator__gamma': 0, 'final_estimator__learning_rate': 0.01, 'final_estimator__max_depth': 3, 'final_estimator__n_estimators': 300, 'passthrough': False}",0.8051434223541049,0.8180019782393669,0.8041543026706232,0.8118811881188119,0.799009900990099,0.8076381584746013,0.006606358262626815,50,0.8464536243180046,0.8573643410852713,0.8448275862068966,0.8517940717628705,0.846095526914329,0.8493070300574743,0.004682450884013365,54
96.6701078414917,4.390953909493708,1.0050706386566162,0.0552222015831101,"XGBClassifier(base_score=None, booster=None, callbacks=None,
              colsample_bylevel=None, colsample_bynode=None,
              colsample_bytree=None, device=None, early_stopping_rounds=None,
              enable_categorical=False, eval_metric=None, feature_types=None,
              feature_weights=None, gamma=None, grow_policy=None,
              importance_type=None, interaction_constraints=None,
              learning_rate=None, max_bin=None, max_cat_threshold=None,
              max_cat_to_onehot=None, max_delta_step=None, max_depth=None,
              max_leaves=None, min_child_weight=None, missing=nan,
              monotone_constraints=None, multi_strategy=None, n_estimators=None,
              n_jobs=None, num_parallel_tree=None, ...)",0,0.01,5,100,True,"{'final_estimator': XGBClassifier(base_score=None, booster=None, callbacks=None,
              colsample_bylevel=None, colsample_bynode=None,
              colsample_bytree=None, device=None, early_stopping_rounds=None,
              enable_categorical=False, eval_metric=None, feature_types=None,
              feature_weights=None, gamma=None, grow_policy=None,
              importance_type=None, interaction_constraints=None,
              learning_rate=None, max_bin=None, max_cat_threshold=None,
              max_cat_to_onehot=None, max_delta_step=None, max_depth=None,
              max_leaves=None, min_child_weight=None, missing=nan,
              monotone_constraints=None, multi_strategy=None, n_estimators=None,
              n_jobs=None, num_parallel_tree=None, ...), 'final_estimator__gamma': 0, 'final_estimator__learning_rate': 0.01, 'final_estimator__max_depth': 5, 'final_estimator__n_estimators': 100, 'passthrough': True}",0.8100890207715133,0.8130563798219584,0.80811078140455,0.806930693069307,0.7970297029702971,0.8070433156075252,0.005419554710587005,55,0.8558558558558559,0.8584269662921349,0.8528072837632777,0.8532731376975169,0.848260547742413,0.8537247582702397,0.0033928057564687757,13
88.9987545967102,2.3158795114697197,0.9528589248657227,0.06148106525211356,"XGBClassifier(base_score=None, booster=None, callbacks=None,
              colsample_bylevel=None, colsample_bynode=None,
              colsample_bytree=None, device=None, early_stopping_rounds=None,
              enable_categorical=False, eval_metric=None, feature_types=None,
              feature_weights=None, gamma=None, grow_policy=None,
              importance_type=None, interaction_constraints=None,
              learning_rate=None, max_bin=None, max_cat_threshold=None,
              max_cat_to_onehot=None, max_delta_step=None, max_depth=None,
              max_leaves=None, min_child_weight=None, missing=nan,
              monotone_constraints=None, multi_strategy=None, n_estimators=None,
              n_jobs=None, num_parallel_tree=None, ...)",0,0.01,5,100,False,"{'final_estimator': XGBClassifier(base_score=None, booster=None, callbacks=None,
              colsample_bylevel=None, colsample_bynode=None,
              colsample_bytree=None, device=None, early_stopping_rounds=None,
              enable_categorical=False, eval_metric=None, feature_types=None,
              feature_weights=None, gamma=None, grow_policy=None,
              importance_type=None, interaction_constraints=None,
              learning_rate=None, max_bin=None, max_cat_threshold=None,
              max_cat_to_onehot=None, max_delta_step=None, max_depth=None,
              max_leaves=None, min_child_weight=None, missing=nan,
              monotone_constraints=None, multi_strategy=None, n_estimators=None,
              n_jobs=None, num_parallel_tree=None, ...), 'final_estimator__gamma': 0, 'final_estimator__learning_rate': 0.01, 'final_estimator__max_depth': 5, 'final_estimator__n_estimators': 100, 'passthrough': False}",0.8011869436201781,0.8180019782393669,0.7932739861523245,0.804950495049505,0.7930693069306931,0.8020965419984135,0.009179147932872618,70,0.8487584650112867,0.8622754491017964,0.8417865253595761,0.8530947054436987,0.8475565280816922,0.8506943345996101,0.006823876897565188,42
96.75978989601136,4.546576671889856,1.030897569656372,0.045783334029645975,"XGBClassifier(base_score=None, booster=None, callbacks=None,
              colsample_bylevel=None, colsample_bynode=None,
              colsample_bytree=None, device=None, early_stopping_rounds=None,
              enable_categorical=False, eval_metric=None, feature_types=None,
              feature_weights=None, gamma=None, grow_policy=None,
              importance_type=None, interaction_constraints=None,
              learning_rate=None, max_bin=None, max_cat_threshold=None,
              max_cat_to_onehot=None, max_delta_step=None, max_depth=None,
              max_leaves=None, min_child_weight=None, missing=nan,
              monotone_constraints=None, multi_strategy=None, n_estimators=None,
              n_jobs=None, num_parallel_tree=None, ...)",0,0.01,5,300,True,"{'final_estimator': XGBClassifier(base_score=None, booster=None, callbacks=None,
              colsample_bylevel=None, colsample_bynode=None,
              colsample_bytree=None, device=None, early_stopping_rounds=None,
              enable_categorical=False, eval_metric=None, feature_types=None,
              feature_weights=None, gamma=None, grow_policy=None,
              importance_type=None, interaction_constraints=None,
              learning_rate=None, max_bin=None, max_cat_threshold=None,
              max_cat_to_onehot=None, max_delta_step=None, max_depth=None,
              max_leaves=None, min_child_weight=None, missing=nan,
              monotone_constraints=None, multi_strategy=None, n_estimators=None,
              n_jobs=None, num_parallel_tree=None, ...), 'final_estimator__gamma': 0, 'final_estimator__learning_rate': 0.01, 'final_estimator__max_depth': 5, 'final_estimator__n_estimators': 300, 'passthrough': True}",0.8189910979228486,0.820969337289812,0.8150346191889218,0.80990099009901,0.806930693069307,0.81436534751398,0.005304012560686787,7,0.8580294802172227,0.8582615505090054,0.8544747081712062,0.8502340093603744,0.8523845571536715,0.854676861082296,0.0031344699033000875,6
91.20076069831848,2.609100306006857,1.1626223564147948,0.3463172124206599,"XGBClassifier(base_score=None, booster=None, callbacks=None,
              colsample_bylevel=None, colsample_bynode=None,
              colsample_bytree=None, device=None, early_stopping_rounds=None,
              enable_categorical=False, eval_metric=None, feature_types=None,
              feature_weights=None, gamma=None, grow_policy=None,
              importance_type=None, interaction_constraints=None,
              learning_rate=None, max_bin=None, max_cat_threshold=None,
              max_cat_to_onehot=None, max_delta_step=None, max_depth=None,
              max_leaves=None, min_child_weight=None, missing=nan,
              monotone_constraints=None, multi_strategy=None, n_estimators=None,
              n_jobs=None, num_parallel_tree=None, ...)",0,0.01,5,300,False,"{'final_estimator': XGBClassifier(base_score=None, booster=None, callbacks=None,
              colsample_bylevel=None, colsample_bynode=None,
              colsample_bytree=None, device=None, early_stopping_rounds=None,
              enable_categorical=False, eval_metric=None, feature_types=None,
              feature_weights=None, gamma=None, grow_policy=None,
              importance_type=None, interaction_constraints=None,
              learning_rate=None, max_bin=None, max_cat_threshold=None,
              max_cat_to_onehot=None, max_delta_step=None, max_depth=None,
              max_leaves=None, min_child_weight=None, missing=nan,
              monotone_constraints=None, multi_strategy=None, n_estimators=None,
              n_jobs=None, num_parallel_tree=None, ...), 'final_estimator__gamma': 0, 'final_estimator__learning_rate': 0.01, 'final_estimator__max_depth': 5, 'final_estimator__n_estimators': 300, 'passthrough': False}",0.8150346191889218,0.8189910979228486,0.8061325420375866,0.8128712871287128,0.801980198019802,0.8110019488595743,0.006143068765980655,28,0.8526398739164697,0.8584686774941995,0.8478260869565217,0.8540540540540541,0.848714069591528,0.8523405524025547,0.0038499707598715236,26
92.2103268146515,4.909541334949364,0.9833239078521728,0.03921843531611468,"XGBClassifier(base_score=None, booster=None, callbacks=None,
              colsample_bylevel=None, colsample_bynode=None,
              colsample_bytree=None, device=None, early_stopping_rounds=None,
              enable_categorical=False, eval_metric=None, feature_types=None,
              feature_weights=None, gamma=None, grow_policy=None,
              importance_type=None, interaction_constraints=None,
              learning_rate=None, max_bin=None, max_cat_threshold=None,
              max_cat_to_onehot=None, max_delta_step=None, max_depth=None,
              max_leaves=None, min_child_weight=None, missing=nan,
              monotone_constraints=None, multi_strategy=None, n_estimators=None,
              n_jobs=None, num_parallel_tree=None, ...)",0,0.01,7,100,True,"{'final_estimator': XGBClassifier(base_score=None, booster=None, callbacks=None,
              colsample_bylevel=None, colsample_bynode=None,
              colsample_bytree=None, device=None, early_stopping_rounds=None,
              enable_categorical=False, eval_metric=None, feature_types=None,
              feature_weights=None, gamma=None, grow_policy=None,
              importance_type=None, interaction_constraints=None,
              learning_rate=None, max_bin=None, max_cat_threshold=None,
              max_cat_to_onehot=None, max_delta_step=None, max_depth=None,
              max_leaves=None, min_child_weight=None, missing=nan,
              monotone_constraints=None, multi_strategy=None, n_estimators=None,
              n_jobs=None, num_parallel_tree=None, ...), 'final_estimator__gamma': 0, 'final_estimator__learning_rate': 0.01, 'final_estimator__max_depth': 7, 'final_estimator__n_estimators': 100, 'passthrough': True}",0.8090999010880316,0.8090999010880316,0.8011869436201781,0.807920792079208,0.7930693069306931,0.8040753689612286,0.006241082077871754,63,0.8536770280515542,0.8547780285929271,0.8466819221967964,0.852359208523592,0.8450704225352113,0.8505133219800163,0.0038963786879142354,43
96.67375679016114,7.581510784190931,1.0069319248199462,0.04661873015777122,"XGBClassifier(base_score=None, booster=None, callbacks=None,
              colsample_bylevel=None, colsample_bynode=None,
              colsample_bytree=None, device=None, early_stopping_rounds=None,
              enable_categorical=False, eval_metric=None, feature_types=None,
              feature_weights=None, gamma=None, grow_policy=None,
              importance_type=None, interaction_constraints=None,
              learning_rate=None, max_bin=None, max_cat_threshold=None,
              max_cat_to_onehot=None, max_delta_step=None, max_depth=None,
              max_leaves=None, min_child_weight=None, missing=nan,
              monotone_constraints=None, multi_strategy=None, n_estimators=None,
              n_jobs=None, num_parallel_tree=None, ...)",0,0.01,7,100,False,"{'final_estimator': XGBClassifier(base_score=None, booster=None, callbacks=None,
              colsample_bylevel=None, colsample_bynode=None,
              colsample_bytree=None, device=None, early_stopping_rounds=None,
              enable_categorical=False, eval_metric=None, feature_types=None,
              feature_weights=None, gamma=None, grow_policy=None,
              importance_type=None, interaction_constraints=None,
              learning_rate=None, max_bin=None, max_cat_threshold=None,
              max_cat_to_onehot=None, max_delta_step=None, max_depth=None,
              max_leaves=None, min_child_weight=None, missing=nan,
              monotone_constraints=None, multi_strategy=None, n_estimators=None,
              n_jobs=None, num_parallel_tree=None, ...), 'final_estimator__gamma': 0, 'final_estimator__learning_rate': 0.01, 'final_estimator__max_depth': 7, 'final_estimator__n_estimators': 100, 'passthrough': False}",0.8100890207715133,0.8180019782393669,0.7912957467853611,0.801980198019802,0.7910891089108911,0.802491210545387,0.01052537979339058,69,0.8547655068078669,0.8603945371775418,0.8383141762452108,0.8498498498498499,0.8451944240645635,0.8497036988290066,0.007615668957068665,51
94.23454055786132,5.523668508590742,1.0034817695617675,0.060321132589015496,"XGBClassifier(base_score=None, booster=None, callbacks=None,
              colsample_bylevel=None, colsample_bynode=None,
              colsample_bytree=None, device=None, early_stopping_rounds=None,
              enable_categorical=False, eval_metric=None, feature_types=None,
              feature_weights=None, gamma=None, grow_policy=None,
              importance_type=None, interaction_constraints=None,
              learning_rate=None, max_bin=None, max_cat_threshold=None,
              max_cat_to_onehot=None, max_delta_step=None, max_depth=None,
              max_leaves=None, min_child_weight=None, missing=nan,
              monotone_constraints=None, multi_strategy=None, n_estimators=None,
              n_jobs=None, num_parallel_tree=None, ...)",0,0.01,7,300,True,"{'final_estimator': XGBClassifier(base_score=None, booster=None, callbacks=None,
              colsample_bylevel=None, colsample_bynode=None,
              colsample_bytree=None, device=None, early_stopping_rounds=None,
              enable_categorical=False, eval_metric=None, feature_types=None,
              feature_weights=None, gamma=None, grow_policy=None,
              importance_type=None, interaction_constraints=None,
              learning_rate=None, max_bin=None, max_cat_threshold=None,
              max_cat_to_onehot=None, max_delta_step=None, max_depth=None,
              max_leaves=None, min_child_weight=None, missing=nan,
              monotone_constraints=None, multi_strategy=None, n_estimators=None,
              n_jobs=None, num_parallel_tree=None, ...), 'final_estimator__gamma': 0, 'final_estimator__learning_rate': 0.01, 'final_estimator__max_depth': 7, 'final_estimator__n_estimators': 300, 'passthrough': True}",0.8120672601384767,0.8140454995054401,0.8150346191889218,0.80990099009901,0.803960396039604,0.8110017529942904,0.00393588858473372,29,0.8513302034428795,0.853125,0.8540202966432474,0.8497652582159625,0.8490853658536586,0.8514652248311496,0.0018897138194390705,32
98.66078314781188,5.1547431972106965,1.1079500675201417,0.057011784663691764,"XGBClassifier(base_score=None, booster=None, callbacks=None,
              colsample_bylevel=None, colsample_bynode=None,
              colsample_bytree=None, device=None, early_stopping_rounds=None,
              enable_categorical=False, eval_metric=None, feature_types=None,
              feature_weights=None, gamma=None, grow_policy=None,
              importance_type=None, interaction_constraints=None,
              learning_rate=None, max_bin=None, max_cat_threshold=None,
              max_cat_to_onehot=None, max_delta_step=None, max_depth=None,
              max_leaves=None, min_child_weight=None, missing=nan,
              monotone_constraints=None, multi_strategy=None, n_estimators=None,
              n_jobs=None, num_parallel_tree=None, ...)",0,0.01,7,300,False,"{'final_estimator': XGBClassifier(base_score=None, booster=None, callbacks=None,
              colsample_bylevel=None, colsample_bynode=None,
              colsample_bytree=None, device=None, early_stopping_rounds=None,
              enable_categorical=False, eval_metric=None, feature_types=None,
              feature_weights=None, gamma=None, grow_policy=None,
              importance_type=None, interaction_constraints=None,
              learning_rate=None, max_bin=None, max_cat_threshold=None,
              max_cat_to_onehot=None, max_delta_step=None, max_depth=None,
              max_leaves=None, min_child_weight=None, missing=nan,
              monotone_constraints=None, multi_strategy=None, n_estimators=None,
              n_jobs=None, num_parallel_tree=None, ...), 'final_estimator__gamma': 0, 'final_estimator__learning_rate': 0.01, 'final_estimator__max_depth': 7, 'final_estimator__n_estimators': 300, 'passthrough': False}",0.811078140454995,0.8130563798219584,0.7922848664688428,0.8138613861386138,0.7970297029702971,0.8054620951709414,0.008994507293295576,60,0.8506645817044566,0.8524590163934426,0.8349056603773585,0.8538102643856921,0.8433919022154316,0.8470462850152762,0.007055358659531734,67
87.53395786285401,3.22661996431988,1.0662664413452148,0.03322901525133033,"XGBClassifier(base_score=None, booster=None, callbacks=None,
              colsample_bylevel=None, colsample_bynode=None,
              colsample_bytree=None, device=None, early_stopping_rounds=None,
              enable_categorical=False, eval_metric=None, feature_types=None,
              feature_weights=None, gamma=None, grow_policy=None,
              importance_type=None, interaction_constraints=None,
              learning_rate=None, max_bin=None, max_cat_threshold=None,
              max_cat_to_onehot=None, max_delta_step=None, max_depth=None,
              max_leaves=None, min_child_weight=None, missing=nan,
              monotone_constraints=None, multi_strategy=None, n_estimators=None,
              n_jobs=None, num_parallel_tree=None, ...)",0,0.05,3,100,True,"{'final_estimator': XGBClassifier(base_score=None, booster=None, callbacks=None,
              colsample_bylevel=None, colsample_bynode=None,
              colsample_bytree=None, device=None, early_stopping_rounds=None,
              enable_categorical=False, eval_metric=None, feature_types=None,
              feature_weights=None, gamma=None, grow_policy=None,
              importance_type=None, interaction_constraints=None,
              learning_rate=None, max_bin=None, max_cat_threshold=None,
              max_cat_to_onehot=None, max_delta_step=None, max_depth=None,
              max_leaves=None, min_child_weight=None, missing=nan,
              monotone_constraints=None, multi_strategy=None, n_estimators=None,
              n_jobs=None, num_parallel_tree=None, ...), 'final_estimator__gamma': 0, 'final_estimator__learning_rate': 0.05, 'final_estimator__max_depth': 3, 'final_estimator__n_estimators': 100, 'passthrough': True}",0.8071216617210683,0.8199802176063303,0.80811078140455,0.799009900990099,0.801980198019802,0.8072405519483699,0.007190068899806898,54,0.848012470771629,0.858034321372855,0.8479623824451411,0.8432432432432433,0.8482549317147192,0.8491014699095176,0.004843856340325755,58
95.5483018398285,8.844356984550087,1.157770824432373,0.1925824175929886,"XGBClassifier(base_score=None, booster=None, callbacks=None,
              colsample_bylevel=None, colsample_bynode=None,
              colsample_bytree=None, device=None, early_stopping_rounds=None,
              enable_categorical=False, eval_metric=None, feature_types=None,
              feature_weights=None, gamma=None, grow_policy=None,
              importance_type=None, interaction_constraints=None,
              learning_rate=None, max_bin=None, max_cat_threshold=None,
              max_cat_to_onehot=None, max_delta_step=None, max_depth=None,
              max_leaves=None, min_child_weight=None, missing=nan,
              monotone_constraints=None, multi_strategy=None, n_estimators=None,
              n_jobs=None, num_parallel_tree=None, ...)",0,0.05,3,100,False,"{'final_estimator': XGBClassifier(base_score=None, booster=None, callbacks=None,
              colsample_bylevel=None, colsample_bynode=None,
              colsample_bytree=None, device=None, early_stopping_rounds=None,
              enable_categorical=False, eval_metric=None, feature_types=None,
              feature_weights=None, gamma=None, grow_policy=None,
              importance_type=None, interaction_constraints=None,
              learning_rate=None, max_bin=None, max_cat_threshold=None,
              max_cat_to_onehot=None, max_delta_step=None, max_depth=None,
              max_leaves=None, min_child_weight=None, missing=nan,
              monotone_constraints=None, multi_strategy=None, n_estimators=None,
              n_jobs=None, num_parallel_tree=None, ...), 'final_estimator__gamma': 0, 'final_estimator__learning_rate': 0.05, 'final_estimator__max_depth': 3, 'final_estimator__n_estimators': 100, 'passthrough': False}",0.8090999010880316,0.8249258160237388,0.8051434223541049,0.810891089108911,0.800990099009901,0.8102100655169375,0.008110835055662378,31,0.849336455893833,0.8633204633204633,0.8450039339103068,0.8497246262785209,0.8473804100227791,0.8509531778851805,0.006406731649702055,38
93.56488361358643,7.532545056938774,1.1578815937042237,0.15070635973751986,"XGBClassifier(base_score=None, booster=None, callbacks=None,
              colsample_bylevel=None, colsample_bynode=None,
              colsample_bytree=None, device=None, early_stopping_rounds=None,
              enable_categorical=False, eval_metric=None, feature_types=None,
              feature_weights=None, gamma=None, grow_policy=None,
              importance_type=None, interaction_constraints=None,
              learning_rate=None, max_bin=None, max_cat_threshold=None,
              max_cat_to_onehot=None, max_delta_step=None, max_depth=None,
              max_leaves=None, min_child_weight=None, missing=nan,
              monotone_constraints=None, multi_strategy=None, n_estimators=None,
              n_jobs=None, num_parallel_tree=None, ...)",0,0.05,3,300,True,"{'final_estimator': XGBClassifier(base_score=None, booster=None, callbacks=None,
              colsample_bylevel=None, colsample_bynode=None,
              colsample_bytree=None, device=None, early_stopping_rounds=None,
              enable_categorical=False, eval_metric=None, feature_types=None,
              feature_weights=None, gamma=None, grow_policy=None,
              importance_type=None, interaction_constraints=None,
              learning_rate=None, max_bin=None, max_cat_threshold=None,
              max_cat_to_onehot=None, max_delta_step=None, max_depth=None,
              max_leaves=None, min_child_weight=None, missing=nan,
              monotone_constraints=None, multi_strategy=None, n_estimators=None,
              n_jobs=None, num_parallel_tree=None, ...), 'final_estimator__gamma': 0, 'final_estimator__learning_rate': 0.05, 'final_estimator__max_depth': 3, 'final_estimator__n_estimators': 300, 'passthrough': True}",0.8130563798219584,0.8229475766567754,0.8011869436201781,0.801980198019802,0.807920792079208,0.8094183780395843,0.008019975941464587,38,0.851063829787234,0.8582739509105305,0.8408551068883611,0.84251968503937,0.8489096573208723,0.8483244459892735,0.006266188959219489,62
91.72950835227967,6.982582291312755,1.0307498455047608,0.02960458320838007,"XGBClassifier(base_score=None, booster=None, callbacks=None,
              colsample_bylevel=None, colsample_bynode=None,
              colsample_bytree=None, device=None, early_stopping_rounds=None,
              enable_categorical=False, eval_metric=None, feature_types=None,
              feature_weights=None, gamma=None, grow_policy=None,
              importance_type=None, interaction_constraints=None,
              learning_rate=None, max_bin=None, max_cat_threshold=None,
              max_cat_to_onehot=None, max_delta_step=None, max_depth=None,
              max_leaves=None, min_child_weight=None, missing=nan,
              monotone_constraints=None, multi_strategy=None, n_estimators=None,
              n_jobs=None, num_parallel_tree=None, ...)",0,0.05,3,300,False,"{'final_estimator': XGBClassifier(base_score=None, booster=None, callbacks=None,
              colsample_bylevel=None, colsample_bynode=None,
              colsample_bytree=None, device=None, early_stopping_rounds=None,
              enable_categorical=False, eval_metric=None, feature_types=None,
              feature_weights=None, gamma=None, grow_policy=None,
              importance_type=None, interaction_constraints=None,
              learning_rate=None, max_bin=None, max_cat_threshold=None,
              max_cat_to_onehot=None, max_delta_step=None, max_depth=None,
              max_leaves=None, min_child_weight=None, missing=nan,
              monotone_constraints=None, multi_strategy=None, n_estimators=None,
              n_jobs=None, num_parallel_tree=None, ...), 'final_estimator__gamma': 0, 'final_estimator__learning_rate': 0.05, 'final_estimator__max_depth': 3, 'final_estimator__n_estimators': 300, 'passthrough': False}",0.8061325420375866,0.8219584569732937,0.7952522255192879,0.8128712871287128,0.8118811881188119,0.8096191399555386,0.00879223137836615,34,0.8446909667194928,0.8580441640378549,0.838154808444097,0.8529182879377432,0.8524844720496895,0.8492585398377754,0.007002044878889628,56
97.40258078575134,10.462286177369327,1.0732390880584717,0.06318010461636503,"XGBClassifier(base_score=None, booster=None, callbacks=None,
              colsample_bylevel=None, colsample_bynode=None,
              colsample_bytree=None, device=None, early_stopping_rounds=None,
              enable_categorical=False, eval_metric=None, feature_types=None,
              feature_weights=None, gamma=None, grow_policy=None,
              importance_type=None, interaction_constraints=None,
              learning_rate=None, max_bin=None, max_cat_threshold=None,
              max_cat_to_onehot=None, max_delta_step=None, max_depth=None,
              max_leaves=None, min_child_weight=None, missing=nan,
              monotone_constraints=None, multi_strategy=None, n_estimators=None,
              n_jobs=None, num_parallel_tree=None, ...)",0,0.05,5,100,True,"{'final_estimator': XGBClassifier(base_score=None, booster=None, callbacks=None,
              colsample_bylevel=None, colsample_bynode=None,
              colsample_bytree=None, device=None, early_stopping_rounds=None,
              enable_categorical=False, eval_metric=None, feature_types=None,
              feature_weights=None, gamma=None, grow_policy=None,
              importance_type=None, interaction_constraints=None,
              learning_rate=None, max_bin=None, max_cat_threshold=None,
              max_cat_to_onehot=None, max_delta_step=None, max_depth=None,
              max_leaves=None, min_child_weight=None, missing=nan,
              monotone_constraints=None, multi_strategy=None, n_estimators=None,
              n_jobs=None, num_parallel_tree=None, ...), 'final_estimator__gamma': 0, 'final_estimator__learning_rate': 0.05, 'final_estimator__max_depth': 5, 'final_estimator__n_estimators': 100, 'passthrough': True}",0.811078140454995,0.820969337289812,0.8160237388724035,0.807920792079208,0.805940594059406,0.8123865205511649,0.005479026517256781,23,0.8515928515928516,0.8578161822466615,0.8546875,0.8482003129890454,0.850609756097561,0.852581320585224,0.0033435649650420825,23
92.66810808181762,6.219362974336514,1.0628077507019043,0.050867403278769395,"XGBClassifier(base_score=None, booster=None, callbacks=None,
              colsample_bylevel=None, colsample_bynode=None,
              colsample_bytree=None, device=None, early_stopping_rounds=None,
              enable_categorical=False, eval_metric=None, feature_types=None,
              feature_weights=None, gamma=None, grow_policy=None,
              importance_type=None, interaction_constraints=None,
              learning_rate=None, max_bin=None, max_cat_threshold=None,
              max_cat_to_onehot=None, max_delta_step=None, max_depth=None,
              max_leaves=None, min_child_weight=None, missing=nan,
              monotone_constraints=None, multi_strategy=None, n_estimators=None,
              n_jobs=None, num_parallel_tree=None, ...)",0,0.05,5,100,False,"{'final_estimator': XGBClassifier(base_score=None, booster=None, callbacks=None,
              colsample_bylevel=None, colsample_bynode=None,
              colsample_bytree=None, device=None, early_stopping_rounds=None,
              enable_categorical=False, eval_metric=None, feature_types=None,
              feature_weights=None, gamma=None, grow_policy=None,
              importance_type=None, interaction_constraints=None,
              learning_rate=None, max_bin=None, max_cat_threshold=None,
              max_cat_to_onehot=None, max_delta_step=None, max_depth=None,
              max_leaves=None, min_child_weight=None, missing=nan,
              monotone_constraints=None, multi_strategy=None, n_estimators=None,
              n_jobs=None, num_parallel_tree=None, ...), 'final_estimator__gamma': 0, 'final_estimator__learning_rate': 0.05, 'final_estimator__max_depth': 5, 'final_estimator__n_estimators': 100, 'passthrough': False}",0.80811078140455,0.8229475766567754,0.8021760633036598,0.80990099009901,0.806930693069307,0.8100132209066604,0.0069548896130167195,33,0.8467614533965245,0.861132660977502,0.84399375975039,0.8506998444790047,0.8521607278241091,0.8509496892855062,0.005850610648617111,39
90.41256718635559,4.912242031402512,1.0673043251037597,0.03883513359236514,"XGBClassifier(base_score=None, booster=None, callbacks=None,
              colsample_bylevel=None, colsample_bynode=None,
              colsample_bytree=None, device=None, early_stopping_rounds=None,
              enable_categorical=False, eval_metric=None, feature_types=None,
              feature_weights=None, gamma=None, grow_policy=None,
              importance_type=None, interaction_constraints=None,
              learning_rate=None, max_bin=None, max_cat_threshold=None,
              max_cat_to_onehot=None, max_delta_step=None, max_depth=None,
              max_leaves=None, min_child_weight=None, missing=nan,
              monotone_constraints=None, multi_strategy=None, n_estimators=None,
              n_jobs=None, num_parallel_tree=None, ...)",0,0.05,5,300,True,"{'final_estimator': XGBClassifier(base_score=None, booster=None, callbacks=None,
              colsample_bylevel=None, colsample_bynode=None,
              colsample_bytree=None, device=None, early_stopping_rounds=None,
              enable_categorical=False, eval_metric=None, feature_types=None,
              feature_weights=None, gamma=None, grow_policy=None,
              importance_type=None, interaction_constraints=None,
              learning_rate=None, max_bin=None, max_cat_threshold=None,
              max_cat_to_onehot=None, max_delta_step=None, max_depth=None,
              max_leaves=None, min_child_weight=None, missing=nan,
              monotone_constraints=None, multi_strategy=None, n_estimators=None,
              n_jobs=None, num_parallel_tree=None, ...), 'final_estimator__gamma': 0, 'final_estimator__learning_rate': 0.05, 'final_estimator__max_depth': 5, 'final_estimator__n_estimators': 300, 'passthrough': True}",0.8170128585558852,0.8130563798219584,0.8189910979228486,0.806930693069307,0.807920792079208,0.8127823642898415,0.004783251613807083,18,0.8537549407114624,0.850828729281768,0.8557919621749409,0.8451151707704527,0.8498452012383901,0.8510672008354028,0.0036475780717625927,36
93.62920670509338,5.987759569571214,1.0626685619354248,0.0905363441026872,"XGBClassifier(base_score=None, booster=None, callbacks=None,
              colsample_bylevel=None, colsample_bynode=None,
              colsample_bytree=None, device=None, early_stopping_rounds=None,
              enable_categorical=False, eval_metric=None, feature_types=None,
              feature_weights=None, gamma=None, grow_policy=None,
              importance_type=None, interaction_constraints=None,
              learning_rate=None, max_bin=None, max_cat_threshold=None,
              max_cat_to_onehot=None, max_delta_step=None, max_depth=None,
              max_leaves=None, min_child_weight=None, missing=nan,
              monotone_constraints=None, multi_strategy=None, n_estimators=None,
              n_jobs=None, num_parallel_tree=None, ...)",0,0.05,5,300,False,"{'final_estimator': XGBClassifier(base_score=None, booster=None, callbacks=None,
              colsample_bylevel=None, colsample_bynode=None,
              colsample_bytree=None, device=None, early_stopping_rounds=None,
              enable_categorical=False, eval_metric=None, feature_types=None,
              feature_weights=None, gamma=None, grow_policy=None,
              importance_type=None, interaction_constraints=None,
              learning_rate=None, max_bin=None, max_cat_threshold=None,
              max_cat_to_onehot=None, max_delta_step=None, max_depth=None,
              max_leaves=None, min_child_weight=None, missing=nan,
              monotone_constraints=None, multi_strategy=None, n_estimators=None,
              n_jobs=None, num_parallel_tree=None, ...), 'final_estimator__gamma': 0, 'final_estimator__learning_rate': 0.05, 'final_estimator__max_depth': 5, 'final_estimator__n_estimators': 300, 'passthrough': False}",0.8189910979228486,0.8180019782393669,0.7843719090009891,0.8198019801980198,0.808910891089109,0.8100155712900667,0.01340846230969026,32,0.8562450903377847,0.8537360890302067,0.8283464566929134,0.8571428571428571,0.8502715283165244,0.8491484043040574,0.010670553049995075,57
90.86607723236084,3.6722938824713163,1.0021883964538574,0.11800526496175395,"XGBClassifier(base_score=None, booster=None, callbacks=None,
              colsample_bylevel=None, colsample_bynode=None,
              colsample_bytree=None, device=None, early_stopping_rounds=None,
              enable_categorical=False, eval_metric=None, feature_types=None,
              feature_weights=None, gamma=None, grow_policy=None,
              importance_type=None, interaction_constraints=None,
              learning_rate=None, max_bin=None, max_cat_threshold=None,
              max_cat_to_onehot=None, max_delta_step=None, max_depth=None,
              max_leaves=None, min_child_weight=None, missing=nan,
              monotone_constraints=None, multi_strategy=None, n_estimators=None,
              n_jobs=None, num_parallel_tree=None, ...)",0,0.05,7,100,True,"{'final_estimator': XGBClassifier(base_score=None, booster=None, callbacks=None,
              colsample_bylevel=None, colsample_bynode=None,
              colsample_bytree=None, device=None, early_stopping_rounds=None,
              enable_categorical=False, eval_metric=None, feature_types=None,
              feature_weights=None, gamma=None, grow_policy=None,
              importance_type=None, interaction_constraints=None,
              learning_rate=None, max_bin=None, max_cat_threshold=None,
              max_cat_to_onehot=None, max_delta_step=None, max_depth=None,
              max_leaves=None, min_child_weight=None, missing=nan,
              monotone_constraints=None, multi_strategy=None, n_estimators=None,
              n_jobs=None, num_parallel_tree=None, ...), 'final_estimator__gamma': 0, 'final_estimator__learning_rate': 0.05, 'final_estimator__max_depth': 7, 'final_estimator__n_estimators': 100, 'passthrough': True}",0.8130563798219584,0.8229475766567754,0.8199802176063303,0.804950495049505,0.810891089108911,0.814365151648696,0.006443675004737305,8,0.850828729281768,0.8589440504334122,0.8575899843505478,0.8440221694378464,0.8525096525096525,0.8527789172026452,0.005323750607845409,20
87.79518575668335,5.731049339714508,1.1584788799285888,0.201233037720488,"XGBClassifier(base_score=None, booster=None, callbacks=None,
              colsample_bylevel=None, colsample_bynode=None,
              colsample_bytree=None, device=None, early_stopping_rounds=None,
              enable_categorical=False, eval_metric=None, feature_types=None,
              feature_weights=None, gamma=None, grow_policy=None,
              importance_type=None, interaction_constraints=None,
              learning_rate=None, max_bin=None, max_cat_threshold=None,
              max_cat_to_onehot=None, max_delta_step=None, max_depth=None,
              max_leaves=None, min_child_weight=None, missing=nan,
              monotone_constraints=None, multi_strategy=None, n_estimators=None,
              n_jobs=None, num_parallel_tree=None, ...)",0,0.05,7,100,False,"{'final_estimator': XGBClassifier(base_score=None, booster=None, callbacks=None,
              colsample_bylevel=None, colsample_bynode=None,
              colsample_bytree=None, device=None, early_stopping_rounds=None,
              enable_categorical=False, eval_metric=None, feature_types=None,
              feature_weights=None, gamma=None, grow_policy=None,
              importance_type=None, interaction_constraints=None,
              learning_rate=None, max_bin=None, max_cat_threshold=None,
              max_cat_to_onehot=None, max_delta_step=None, max_depth=None,
              max_leaves=None, min_child_weight=None, missing=nan,
              monotone_constraints=None, multi_strategy=None, n_estimators=None,
              n_jobs=None, num_parallel_tree=None, ...), 'final_estimator__gamma': 0, 'final_estimator__learning_rate': 0.05, 'final_estimator__max_depth': 7, 'final_estimator__n_estimators': 100, 'passthrough': False}",0.8150346191889218,0.811078140454995,0.8061325420375866,0.807920792079208,0.800990099009901,0.8082312385541226,0.004718598191758844,45,0.8535630383711824,0.8492501973164956,0.8459119496855346,0.8491446345256609,0.8445475638051044,0.8484834767407957,0.003128293414878727,61
92.46192774772643,7.6288992527471455,0.9953210353851318,0.0870830064506022,"XGBClassifier(base_score=None, booster=None, callbacks=None,
              colsample_bylevel=None, colsample_bynode=None,
              colsample_bytree=None, device=None, early_stopping_rounds=None,
              enable_categorical=False, eval_metric=None, feature_types=None,
              feature_weights=None, gamma=None, grow_policy=None,
              importance_type=None, interaction_constraints=None,
              learning_rate=None, max_bin=None, max_cat_threshold=None,
              max_cat_to_onehot=None, max_delta_step=None, max_depth=None,
              max_leaves=None, min_child_weight=None, missing=nan,
              monotone_constraints=None, multi_strategy=None, n_estimators=None,
              n_jobs=None, num_parallel_tree=None, ...)",0,0.05,7,300,True,"{'final_estimator': XGBClassifier(base_score=None, booster=None, callbacks=None,
              colsample_bylevel=None, colsample_bynode=None,
              colsample_bytree=None, device=None, early_stopping_rounds=None,
              enable_categorical=False, eval_metric=None, feature_types=None,
              feature_weights=None, gamma=None, grow_policy=None,
              importance_type=None, interaction_constraints=None,
              learning_rate=None, max_bin=None, max_cat_threshold=None,
              max_cat_to_onehot=None, max_delta_step=None, max_depth=None,
              max_leaves=None, min_child_weight=None, missing=nan,
              monotone_constraints=None, multi_strategy=None, n_estimators=None,
              n_jobs=None, num_parallel_tree=None, ...), 'final_estimator__gamma': 0, 'final_estimator__learning_rate': 0.05, 'final_estimator__max_depth': 7, 'final_estimator__n_estimators': 300, 'passthrough': True}",0.80811078140455,0.8199802176063303,0.8160237388724035,0.80990099009901,0.8158415841584158,0.8139714624281419,0.004352715467926653,11,0.8470031545741324,0.8569182389937107,0.8540031397174255,0.8478605388272583,0.8553654743390358,0.8522301092903124,0.004034028077163086,27
89.2635365486145,3.718797008451851,1.0643973350524902,0.10327786839579722,"XGBClassifier(base_score=None, booster=None, callbacks=None,
              colsample_bylevel=None, colsample_bynode=None,
              colsample_bytree=None, device=None, early_stopping_rounds=None,
              enable_categorical=False, eval_metric=None, feature_types=None,
              feature_weights=None, gamma=None, grow_policy=None,
              importance_type=None, interaction_constraints=None,
              learning_rate=None, max_bin=None, max_cat_threshold=None,
              max_cat_to_onehot=None, max_delta_step=None, max_depth=None,
              max_leaves=None, min_child_weight=None, missing=nan,
              monotone_constraints=None, multi_strategy=None, n_estimators=None,
              n_jobs=None, num_parallel_tree=None, ...)",0,0.05,7,300,False,"{'final_estimator': XGBClassifier(base_score=None, booster=None, callbacks=None,
              colsample_bylevel=None, colsample_bynode=None,
              colsample_bytree=None, device=None, early_stopping_rounds=None,
              enable_categorical=False, eval_metric=None, feature_types=None,
              feature_weights=None, gamma=None, grow_policy=None,
              importance_type=None, interaction_constraints=None,
              learning_rate=None, max_bin=None, max_cat_threshold=None,
              max_cat_to_onehot=None, max_delta_step=None, max_depth=None,
              max_leaves=None, min_child_weight=None, missing=nan,
              monotone_constraints=None, multi_strategy=None, n_estimators=None,
              n_jobs=None, num_parallel_tree=None, ...), 'final_estimator__gamma': 0, 'final_estimator__learning_rate': 0.05, 'final_estimator__max_depth': 7, 'final_estimator__n_estimators': 300, 'passthrough': False}",0.8041543026706232,0.7922848664688428,0.781404549950544,0.807920792079208,0.799009900990099,0.7969548824318634,0.009380062012770774,71,0.8440944881889764,0.8330683624801272,0.8247422680412371,0.8472440944881889,0.841033672670321,0.8380365771737701,0.008147159688289001,71
89.08951234817505,5.714421825868486,1.0102314949035645,0.06698591140070273,"XGBClassifier(base_score=None, booster=None, callbacks=None,
              colsample_bylevel=None, colsample_bynode=None,
              colsample_bytree=None, device=None, early_stopping_rounds=None,
              enable_categorical=False, eval_metric=None, feature_types=None,
              feature_weights=None, gamma=None, grow_policy=None,
              importance_type=None, interaction_constraints=None,
              learning_rate=None, max_bin=None, max_cat_threshold=None,
              max_cat_to_onehot=None, max_delta_step=None, max_depth=None,
              max_leaves=None, min_child_weight=None, missing=nan,
              monotone_constraints=None, multi_strategy=None, n_estimators=None,
              n_jobs=None, num_parallel_tree=None, ...)",0,0.1,3,100,True,"{'final_estimator': XGBClassifier(base_score=None, booster=None, callbacks=None,
              colsample_bylevel=None, colsample_bynode=None,
              colsample_bytree=None, device=None, early_stopping_rounds=None,
              enable_categorical=False, eval_metric=None, feature_types=None,
              feature_weights=None, gamma=None, grow_policy=None,
              importance_type=None, interaction_constraints=None,
              learning_rate=None, max_bin=None, max_cat_threshold=None,
              max_cat_to_onehot=None, max_delta_step=None, max_depth=None,
              max_leaves=None, min_child_weight=None, missing=nan,
              monotone_constraints=None, multi_strategy=None, n_estimators=None,
              n_jobs=None, num_parallel_tree=None, ...), 'final_estimator__gamma': 0, 'final_estimator__learning_rate': 0.1, 'final_estimator__max_depth': 3, 'final_estimator__n_estimators': 100, 'passthrough': True}",0.8140454995054401,0.8249258160237388,0.8090999010880316,0.7970297029702971,0.802970297029703,0.8096142433234421,0.009558844240765928,37,0.8528951486697965,0.8607395751376868,0.8481510621557828,0.8409619860356866,0.8458559256390396,0.8497207395275985,0.0067172620580276355,50
94.51043901443481,5.750746548872264,1.0673664093017579,0.05867652433986971,"XGBClassifier(base_score=None, booster=None, callbacks=None,
              colsample_bylevel=None, colsample_bynode=None,
              colsample_bytree=None, device=None, early_stopping_rounds=None,
              enable_categorical=False, eval_metric=None, feature_types=None,
              feature_weights=None, gamma=None, grow_policy=None,
              importance_type=None, interaction_constraints=None,
              learning_rate=None, max_bin=None, max_cat_threshold=None,
              max_cat_to_onehot=None, max_delta_step=None, max_depth=None,
              max_leaves=None, min_child_weight=None, missing=nan,
              monotone_constraints=None, multi_strategy=None, n_estimators=None,
              n_jobs=None, num_parallel_tree=None, ...)",0,0.1,3,100,False,"{'final_estimator': XGBClassifier(base_score=None, booster=None, callbacks=None,
              colsample_bylevel=None, colsample_bynode=None,
              colsample_bytree=None, device=None, early_stopping_rounds=None,
              enable_categorical=False, eval_metric=None, feature_types=None,
              feature_weights=None, gamma=None, grow_policy=None,
              importance_type=None, interaction_constraints=None,
              learning_rate=None, max_bin=None, max_cat_threshold=None,
              max_cat_to_onehot=None, max_delta_step=None, max_depth=None,
              max_leaves=None, min_child_weight=None, missing=nan,
              monotone_constraints=None, multi_strategy=None, n_estimators=None,
              n_jobs=None, num_parallel_tree=None, ...), 'final_estimator__gamma': 0, 'final_estimator__learning_rate': 0.1, 'final_estimator__max_depth': 3, 'final_estimator__n_estimators': 100, 'passthrough': False}",0.8130563798219584,0.8140454995054401,0.8051434223541049,0.8158415841584158,0.8138613861386138,0.8123896543957067,0.003735666956031632,22,0.850592885375494,0.8522012578616353,0.845732184808144,0.8544600938967136,0.8553846153846154,0.8516742074653205,0.0034141752437971654,30
87.27375564575195,1.0619492235472456,1.0285867214202882,0.08379995302429086,"XGBClassifier(base_score=None, booster=None, callbacks=None,
              colsample_bylevel=None, colsample_bynode=None,
              colsample_bytree=None, device=None, early_stopping_rounds=None,
              enable_categorical=False, eval_metric=None, feature_types=None,
              feature_weights=None, gamma=None, grow_policy=None,
              importance_type=None, interaction_constraints=None,
              learning_rate=None, max_bin=None, max_cat_threshold=None,
              max_cat_to_onehot=None, max_delta_step=None, max_depth=None,
              max_leaves=None, min_child_weight=None, missing=nan,
              monotone_constraints=None, multi_strategy=None, n_estimators=None,
              n_jobs=None, num_parallel_tree=None, ...)",0,0.1,3,300,True,"{'final_estimator': XGBClassifier(base_score=None, booster=None, callbacks=None,
              colsample_bylevel=None, colsample_bynode=None,
              colsample_bytree=None, device=None, early_stopping_rounds=None,
              enable_categorical=False, eval_metric=None, feature_types=None,
              feature_weights=None, gamma=None, grow_policy=None,
              importance_type=None, interaction_constraints=None,
              learning_rate=None, max_bin=None, max_cat_threshold=None,
              max_cat_to_onehot=None, max_delta_step=None, max_depth=None,
              max_leaves=None, min_child_weight=None, missing=nan,
              monotone_constraints=None, multi_strategy=None, n_estimators=None,
              n_jobs=None, num_parallel_tree=None, ...), 'final_estimator__gamma': 0, 'final_estimator__learning_rate': 0.1, 'final_estimator__max_depth': 3, 'final_estimator__n_estimators': 300, 'passthrough': True}",0.8090999010880316,0.8150346191889218,0.80811078140455,0.800990099009901,0.806930693069307,0.8080332187521423,0.004494096879946931,46,0.8483896307934015,0.8517049960348929,0.847723704866562,0.839584996009577,0.8468185388845247,0.8468443733177915,0.003987127390930851,68
95.13416905403137,7.556810025346956,1.1333494663238526,0.08546386952341746,"XGBClassifier(base_score=None, booster=None, callbacks=None,
              colsample_bylevel=None, colsample_bynode=None,
              colsample_bytree=None, device=None, early_stopping_rounds=None,
              enable_categorical=False, eval_metric=None, feature_types=None,
              feature_weights=None, gamma=None, grow_policy=None,
              importance_type=None, interaction_constraints=None,
              learning_rate=None, max_bin=None, max_cat_threshold=None,
              max_cat_to_onehot=None, max_delta_step=None, max_depth=None,
              max_leaves=None, min_child_weight=None, missing=nan,
              monotone_constraints=None, multi_strategy=None, n_estimators=None,
              n_jobs=None, num_parallel_tree=None, ...)",0,0.1,3,300,False,"{'final_estimator': XGBClassifier(base_score=None, booster=None, callbacks=None,
              colsample_bylevel=None, colsample_bynode=None,
              colsample_bytree=None, device=None, early_stopping_rounds=None,
              enable_categorical=False, eval_metric=None, feature_types=None,
              feature_weights=None, gamma=None, grow_policy=None,
              importance_type=None, interaction_constraints=None,
              learning_rate=None, max_bin=None, max_cat_threshold=None,
              max_cat_to_onehot=None, max_delta_step=None, max_depth=None,
              max_leaves=None, min_child_weight=None, missing=nan,
              monotone_constraints=None, multi_strategy=None, n_estimators=None,
              n_jobs=None, num_parallel_tree=None, ...), 'final_estimator__gamma': 0, 'final_estimator__learning_rate': 0.1, 'final_estimator__max_depth': 3, 'final_estimator__n_estimators': 300, 'passthrough': False}",0.80811078140455,0.8130563798219584,0.8001978239366964,0.801980198019802,0.800990099009901,0.8048670564385816,0.0049548612840908165,62,0.8462757527733756,0.851764705882353,0.8404423380726699,0.8435054773082942,0.8428459734167318,0.8449668494906849,0.0038737322280576235,69
90.64601435661316,6.5053098140460195,1.0307456493377685,0.06520270801131009,"XGBClassifier(base_score=None, booster=None, callbacks=None,
              colsample_bylevel=None, colsample_bynode=None,
              colsample_bytree=None, device=None, early_stopping_rounds=None,
              enable_categorical=False, eval_metric=None, feature_types=None,
              feature_weights=None, gamma=None, grow_policy=None,
              importance_type=None, interaction_constraints=None,
              learning_rate=None, max_bin=None, max_cat_threshold=None,
              max_cat_to_onehot=None, max_delta_step=None, max_depth=None,
              max_leaves=None, min_child_weight=None, missing=nan,
              monotone_constraints=None, multi_strategy=None, n_estimators=None,
              n_jobs=None, num_parallel_tree=None, ...)",0,0.1,5,100,True,"{'final_estimator': XGBClassifier(base_score=None, booster=None, callbacks=None,
              colsample_bylevel=None, colsample_bynode=None,
              colsample_bytree=None, device=None, early_stopping_rounds=None,
              enable_categorical=False, eval_metric=None, feature_types=None,
              feature_weights=None, gamma=None, grow_policy=None,
              importance_type=None, interaction_constraints=None,
              learning_rate=None, max_bin=None, max_cat_threshold=None,
              max_cat_to_onehot=None, max_delta_step=None, max_depth=None,
              max_leaves=None, min_child_weight=None, missing=nan,
              monotone_constraints=None, multi_strategy=None, n_estimators=None,
              n_jobs=None, num_parallel_tree=None, ...), 'final_estimator__gamma': 0, 'final_estimator__learning_rate': 0.1, 'final_estimator__max_depth': 5, 'final_estimator__n_estimators': 100, 'passthrough': True}",0.8071216617210683,0.820969337289812,0.80811078140455,0.800990099009901,0.8138613861386138,0.810210653112789,0.006753474421662458,30,0.8477751756440282,0.8575924468922108,0.8474842767295597,0.8406026962727994,0.8544891640866873,0.8495887519250571,0.005942057614028026,52
94.21962099075317,7.720620469264935,1.0443320751190186,0.14703112290110934,"XGBClassifier(base_score=None, booster=None, callbacks=None,
              colsample_bylevel=None, colsample_bynode=None,
              colsample_bytree=None, device=None, early_stopping_rounds=None,
              enable_categorical=False, eval_metric=None, feature_types=None,
              feature_weights=None, gamma=None, grow_policy=None,
              importance_type=None, interaction_constraints=None,
              learning_rate=None, max_bin=None, max_cat_threshold=None,
              max_cat_to_onehot=None, max_delta_step=None, max_depth=None,
              max_leaves=None, min_child_weight=None, missing=nan,
              monotone_constraints=None, multi_strategy=None, n_estimators=None,
              n_jobs=None, num_parallel_tree=None, ...)",0,0.1,5,100,False,"{'final_estimator': XGBClassifier(base_score=None, booster=None, callbacks=None,
              colsample_bylevel=None, colsample_bynode=None,
              colsample_bytree=None, device=None, early_stopping_rounds=None,
              enable_categorical=False, eval_metric=None, feature_types=None,
              feature_weights=None, gamma=None, grow_policy=None,
              importance_type=None, interaction_constraints=None,
              learning_rate=None, max_bin=None, max_cat_threshold=None,
              max_cat_to_onehot=None, max_delta_step=None, max_depth=None,
              max_leaves=None, min_child_weight=None, missing=nan,
              monotone_constraints=None, multi_strategy=None, n_estimators=None,
              n_jobs=None, num_parallel_tree=None, ...), 'final_estimator__gamma': 0, 'final_estimator__learning_rate': 0.1, 'final_estimator__max_depth': 5, 'final_estimator__n_estimators': 100, 'passthrough': False}",0.8189910979228486,0.8180019782393669,0.8001978239366964,0.803960396039604,0.802970297029703,0.8088243186336438,0.007999206956325168,41,0.8553359683794466,0.8553459119496856,0.8419405320813772,0.8460342146189735,0.8453768453768454,0.8488066944812657,0.00551339239133774,59
93.7276180267334,7.254652929357219,1.1298183441162108,0.06927616333394764,"XGBClassifier(base_score=None, booster=None, callbacks=None,
              colsample_bylevel=None, colsample_bynode=None,
              colsample_bytree=None, device=None, early_stopping_rounds=None,
              enable_categorical=False, eval_metric=None, feature_types=None,
              feature_weights=None, gamma=None, grow_policy=None,
              importance_type=None, interaction_constraints=None,
              learning_rate=None, max_bin=None, max_cat_threshold=None,
              max_cat_to_onehot=None, max_delta_step=None, max_depth=None,
              max_leaves=None, min_child_weight=None, missing=nan,
              monotone_constraints=None, multi_strategy=None, n_estimators=None,
              n_jobs=None, num_parallel_tree=None, ...)",0,0.1,5,300,True,"{'final_estimator': XGBClassifier(base_score=None, booster=None, callbacks=None,
              colsample_bylevel=None, colsample_bynode=None,
              colsample_bytree=None, device=None, early_stopping_rounds=None,
              enable_categorical=False, eval_metric=None, feature_types=None,
              feature_weights=None, gamma=None, grow_policy=None,
              importance_type=None, interaction_constraints=None,
              learning_rate=None, max_bin=None, max_cat_threshold=None,
              max_cat_to_onehot=None, max_delta_step=None, max_depth=None,
              max_leaves=None, min_child_weight=None, missing=nan,
              monotone_constraints=None, multi_strategy=None, n_estimators=None,
              n_jobs=None, num_parallel_tree=None, ...), 'final_estimator__gamma': 0, 'final_estimator__learning_rate': 0.1, 'final_estimator__max_depth': 5, 'final_estimator__n_estimators': 300, 'passthrough': True}",0.8189910979228486,0.8308605341246291,0.811078140454995,0.807920792079208,0.801980198019802,0.8141661525202964,0.009990198275623672,10,0.8557919621749409,0.8650355169692187,0.8485329103885805,0.8435483870967742,0.84399375975039,0.8513805072759808,0.008123240456732376,33
93.75026144981385,12.384474390279976,1.0119412422180176,0.06563130579407275,"XGBClassifier(base_score=None, booster=None, callbacks=None,
              colsample_bylevel=None, colsample_bynode=None,
              colsample_bytree=None, device=None, early_stopping_rounds=None,
              enable_categorical=False, eval_metric=None, feature_types=None,
              feature_weights=None, gamma=None, grow_policy=None,
              importance_type=None, interaction_constraints=None,
              learning_rate=None, max_bin=None, max_cat_threshold=None,
              max_cat_to_onehot=None, max_delta_step=None, max_depth=None,
              max_leaves=None, min_child_weight=None, missing=nan,
              monotone_constraints=None, multi_strategy=None, n_estimators=None,
              n_jobs=None, num_parallel_tree=None, ...)",0,0.1,5,300,False,"{'final_estimator': XGBClassifier(base_score=None, booster=None, callbacks=None,
              colsample_bylevel=None, colsample_bynode=None,
              colsample_bytree=None, device=None, early_stopping_rounds=None,
              enable_categorical=False, eval_metric=None, feature_types=None,
              feature_weights=None, gamma=None, grow_policy=None,
              importance_type=None, interaction_constraints=None,
              learning_rate=None, max_bin=None, max_cat_threshold=None,
              max_cat_to_onehot=None, max_delta_step=None, max_depth=None,
              max_leaves=None, min_child_weight=None, missing=nan,
              monotone_constraints=None, multi_strategy=None, n_estimators=None,
              n_jobs=None, num_parallel_tree=None, ...), 'final_estimator__gamma': 0, 'final_estimator__learning_rate': 0.1, 'final_estimator__max_depth': 5, 'final_estimator__n_estimators': 300, 'passthrough': False}",0.8041543026706232,0.8100890207715133,0.781404549950544,0.8,0.7891089108910891,0.7969513568567539,0.01036322372867554,72,0.8436018957345972,0.8456591639871383,0.8239043824701195,0.8386581469648562,0.8332028191072827,0.8370052816527987,0.007838740222068276,72
96.35928936004639,8.784342744950953,1.088590431213379,0.11336403190769717,"XGBClassifier(base_score=None, booster=None, callbacks=None,
              colsample_bylevel=None, colsample_bynode=None,
              colsample_bytree=None, device=None, early_stopping_rounds=None,
              enable_categorical=False, eval_metric=None, feature_types=None,
              feature_weights=None, gamma=None, grow_policy=None,
              importance_type=None, interaction_constraints=None,
              learning_rate=None, max_bin=None, max_cat_threshold=None,
              max_cat_to_onehot=None, max_delta_step=None, max_depth=None,
              max_leaves=None, min_child_weight=None, missing=nan,
              monotone_constraints=None, multi_strategy=None, n_estimators=None,
              n_jobs=None, num_parallel_tree=None, ...)",0,0.1,7,100,True,"{'final_estimator': XGBClassifier(base_score=None, booster=None, callbacks=None,
              colsample_bylevel=None, colsample_bynode=None,
              colsample_bytree=None, device=None, early_stopping_rounds=None,
              enable_categorical=False, eval_metric=None, feature_types=None,
              feature_weights=None, gamma=None, grow_policy=None,
              importance_type=None, interaction_constraints=None,
              learning_rate=None, max_bin=None, max_cat_threshold=None,
              max_cat_to_onehot=None, max_delta_step=None, max_depth=None,
              max_leaves=None, min_child_weight=None, missing=nan,
              monotone_constraints=None, multi_strategy=None, n_estimators=None,
              n_jobs=None, num_parallel_tree=None, ...), 'final_estimator__gamma': 0, 'final_estimator__learning_rate': 0.1, 'final_estimator__max_depth': 7, 'final_estimator__n_estimators': 100, 'passthrough': True}",0.8150346191889218,0.827893175074184,0.8189910979228486,0.803960396039604,0.805940594059406,0.8143639764569928,0.008764554597629396,9,0.8528717545239969,0.8621236133122029,0.8555643251775849,0.8428571428571429,0.8466353677621283,0.852010440726611,0.006757551141576818,28
92.51125717163086,6.432113741535024,1.075405216217041,0.13796755189218088,"XGBClassifier(base_score=None, booster=None, callbacks=None,
              colsample_bylevel=None, colsample_bynode=None,
              colsample_bytree=None, device=None, early_stopping_rounds=None,
              enable_categorical=False, eval_metric=None, feature_types=None,
              feature_weights=None, gamma=None, grow_policy=None,
              importance_type=None, interaction_constraints=None,
              learning_rate=None, max_bin=None, max_cat_threshold=None,
              max_cat_to_onehot=None, max_delta_step=None, max_depth=None,
              max_leaves=None, min_child_weight=None, missing=nan,
              monotone_constraints=None, multi_strategy=None, n_estimators=None,
              n_jobs=None, num_parallel_tree=None, ...)",0,0.1,7,100,False,"{'final_estimator': XGBClassifier(base_score=None, booster=None, callbacks=None,
              colsample_bylevel=None, colsample_bynode=None,
              colsample_bytree=None, device=None, early_stopping_rounds=None,
              enable_categorical=False, eval_metric=None, feature_types=None,
              feature_weights=None, gamma=None, grow_policy=None,
              importance_type=None, interaction_constraints=None,
              learning_rate=None, max_bin=None, max_cat_threshold=None,
              max_cat_to_onehot=None, max_delta_step=None, max_depth=None,
              max_leaves=None, min_child_weight=None, missing=nan,
              monotone_constraints=None, multi_strategy=None, n_estimators=None,
              n_jobs=None, num_parallel_tree=None, ...), 'final_estimator__gamma': 0, 'final_estimator__learning_rate': 0.1, 'final_estimator__max_depth': 7, 'final_estimator__n_estimators': 100, 'passthrough': False}",0.8160237388724035,0.8051434223541049,0.7922848664688428,0.8158415841584158,0.807920792079208,0.807442880786595,0.00871149413315716,51,0.8549141965678627,0.8440221694378464,0.8356807511737089,0.85423197492163,0.8479623824451411,0.8473622949092379,0.007102094471276241,66
91.59812626838684,5.765453115981028,0.9931660652160644,0.08652170541979196,"XGBClassifier(base_score=None, booster=None, callbacks=None,
              colsample_bylevel=None, colsample_bynode=None,
              colsample_bytree=None, device=None, early_stopping_rounds=None,
              enable_categorical=False, eval_metric=None, feature_types=None,
              feature_weights=None, gamma=None, grow_policy=None,
              importance_type=None, interaction_constraints=None,
              learning_rate=None, max_bin=None, max_cat_threshold=None,
              max_cat_to_onehot=None, max_delta_step=None, max_depth=None,
              max_leaves=None, min_child_weight=None, missing=nan,
              monotone_constraints=None, multi_strategy=None, n_estimators=None,
              n_jobs=None, num_parallel_tree=None, ...)",0,0.1,7,300,True,"{'final_estimator': XGBClassifier(base_score=None, booster=None, callbacks=None,
              colsample_bylevel=None, colsample_bynode=None,
              colsample_bytree=None, device=None, early_stopping_rounds=None,
              enable_categorical=False, eval_metric=None, feature_types=None,
              feature_weights=None, gamma=None, grow_policy=None,
              importance_type=None, interaction_constraints=None,
              learning_rate=None, max_bin=None, max_cat_threshold=None,
              max_cat_to_onehot=None, max_delta_step=None, max_depth=None,
              max_leaves=None, min_child_weight=None, missing=nan,
              monotone_constraints=None, multi_strategy=None, n_estimators=None,
              n_jobs=None, num_parallel_tree=None, ...), 'final_estimator__gamma': 0, 'final_estimator__learning_rate': 0.1, 'final_estimator__max_depth': 7, 'final_estimator__n_estimators': 300, 'passthrough': True}",0.8100890207715133,0.8219584569732937,0.8120672601384767,0.810891089108911,0.804950495049505,0.8119912644083399,0.005545305269964837,25,0.8478605388272583,0.8580441640378549,0.8503937007874016,0.8473221422861711,0.8454901960784313,0.8498221484034234,0.004399817425350115,49
96.88178939819336,9.542151252453062,1.0917446613311768,0.06288074115807041,"XGBClassifier(base_score=None, booster=None, callbacks=None,
              colsample_bylevel=None, colsample_bynode=None,
              colsample_bytree=None, device=None, early_stopping_rounds=None,
              enable_categorical=False, eval_metric=None, feature_types=None,
              feature_weights=None, gamma=None, grow_policy=None,
              importance_type=None, interaction_constraints=None,
              learning_rate=None, max_bin=None, max_cat_threshold=None,
              max_cat_to_onehot=None, max_delta_step=None, max_depth=None,
              max_leaves=None, min_child_weight=None, missing=nan,
              monotone_constraints=None, multi_strategy=None, n_estimators=None,
              n_jobs=None, num_parallel_tree=None, ...)",0,0.1,7,300,False,"{'final_estimator': XGBClassifier(base_score=None, booster=None, callbacks=None,
              colsample_bylevel=None, colsample_bynode=None,
              colsample_bytree=None, device=None, early_stopping_rounds=None,
              enable_categorical=False, eval_metric=None, feature_types=None,
              feature_weights=None, gamma=None, grow_policy=None,
              importance_type=None, interaction_constraints=None,
              learning_rate=None, max_bin=None, max_cat_threshold=None,
              max_cat_to_onehot=None, max_delta_step=None, max_depth=None,
              max_leaves=None, min_child_weight=None, missing=nan,
              monotone_constraints=None, multi_strategy=None, n_estimators=None,
              n_jobs=None, num_parallel_tree=None, ...), 'final_estimator__gamma': 0, 'final_estimator__learning_rate': 0.1, 'final_estimator__max_depth': 7, 'final_estimator__n_estimators': 300, 'passthrough': False}",0.8001978239366964,0.8130563798219584,0.7952522255192879,0.7960396039603961,0.807920792079208,0.8024933650635093,0.006933814075064089,66,0.8399366085578447,0.8469635627530364,0.8345323741007195,0.8365079365079365,0.8474842767295597,0.8410849517298195,0.00530496865178183,70
89.02319765090942,6.4125470241874325,0.9916984558105468,0.03860764570479117,"XGBClassifier(base_score=None, booster=None, callbacks=None,
              colsample_bylevel=None, colsample_bynode=None,
              colsample_bytree=None, device=None, early_stopping_rounds=None,
              enable_categorical=False, eval_metric=None, feature_types=None,
              feature_weights=None, gamma=None, grow_policy=None,
              importance_type=None, interaction_constraints=None,
              learning_rate=None, max_bin=None, max_cat_threshold=None,
              max_cat_to_onehot=None, max_delta_step=None, max_depth=None,
              max_leaves=None, min_child_weight=None, missing=nan,
              monotone_constraints=None, multi_strategy=None, n_estimators=None,
              n_jobs=None, num_parallel_tree=None, ...)",5,0.01,3,100,True,"{'final_estimator': XGBClassifier(base_score=None, booster=None, callbacks=None,
              colsample_bylevel=None, colsample_bynode=None,
              colsample_bytree=None, device=None, early_stopping_rounds=None,
              enable_categorical=False, eval_metric=None, feature_types=None,
              feature_weights=None, gamma=None, grow_policy=None,
              importance_type=None, interaction_constraints=None,
              learning_rate=None, max_bin=None, max_cat_threshold=None,
              max_cat_to_onehot=None, max_delta_step=None, max_depth=None,
              max_leaves=None, min_child_weight=None, missing=nan,
              monotone_constraints=None, multi_strategy=None, n_estimators=None,
              n_jobs=None, num_parallel_tree=None, ...), 'final_estimator__gamma': 5, 'final_estimator__learning_rate': 0.01, 'final_estimator__max_depth': 3, 'final_estimator__n_estimators': 100, 'passthrough': True}",0.8061325420375866,0.8180019782393669,0.7922848664688428,0.799009900990099,0.7980198019801981,0.8026898179432186,0.008830950743671058,65,0.8539493293591655,0.8632986627043091,0.8399390243902439,0.8495181616011861,0.8493353028064993,0.8512080961722808,0.007576956791806019,34
88.88769445419311,2.9580188839922092,1.0778488636016845,0.06025464096748457,"XGBClassifier(base_score=None, booster=None, callbacks=None,
              colsample_bylevel=None, colsample_bynode=None,
              colsample_bytree=None, device=None, early_stopping_rounds=None,
              enable_categorical=False, eval_metric=None, feature_types=None,
              feature_weights=None, gamma=None, grow_policy=None,
              importance_type=None, interaction_constraints=None,
              learning_rate=None, max_bin=None, max_cat_threshold=None,
              max_cat_to_onehot=None, max_delta_step=None, max_depth=None,
              max_leaves=None, min_child_weight=None, missing=nan,
              monotone_constraints=None, multi_strategy=None, n_estimators=None,
              n_jobs=None, num_parallel_tree=None, ...)",5,0.01,3,100,False,"{'final_estimator': XGBClassifier(base_score=None, booster=None, callbacks=None,
              colsample_bylevel=None, colsample_bynode=None,
              colsample_bytree=None, device=None, early_stopping_rounds=None,
              enable_categorical=False, eval_metric=None, feature_types=None,
              feature_weights=None, gamma=None, grow_policy=None,
              importance_type=None, interaction_constraints=None,
              learning_rate=None, max_bin=None, max_cat_threshold=None,
              max_cat_to_onehot=None, max_delta_step=None, max_depth=None,
              max_leaves=None, min_child_weight=None, missing=nan,
              monotone_constraints=None, multi_strategy=None, n_estimators=None,
              n_jobs=None, num_parallel_tree=None, ...), 'final_estimator__gamma': 5, 'final_estimator__learning_rate': 0.01, 'final_estimator__max_depth': 3, 'final_estimator__n_estimators': 100, 'passthrough': False}",0.8001978239366964,0.8170128585558852,0.7932739861523245,0.799009900990099,0.802970297029703,0.8024929733329417,0.007917627588260126,67,0.8488023952095808,0.8626577579806979,0.8408225437928408,0.8495181616011861,0.8529194382852919,0.8509440593739195,0.007073582464396012,40
90.30538387298584,5.921900015175007,1.0247453689575194,0.018177783358386275,"XGBClassifier(base_score=None, booster=None, callbacks=None,
              colsample_bylevel=None, colsample_bynode=None,
              colsample_bytree=None, device=None, early_stopping_rounds=None,
              enable_categorical=False, eval_metric=None, feature_types=None,
              feature_weights=None, gamma=None, grow_policy=None,
              importance_type=None, interaction_constraints=None,
              learning_rate=None, max_bin=None, max_cat_threshold=None,
              max_cat_to_onehot=None, max_delta_step=None, max_depth=None,
              max_leaves=None, min_child_weight=None, missing=nan,
              monotone_constraints=None, multi_strategy=None, n_estimators=None,
              n_jobs=None, num_parallel_tree=None, ...)",5,0.01,3,300,True,"{'final_estimator': XGBClassifier(base_score=None, booster=None, callbacks=None,
              colsample_bylevel=None, colsample_bynode=None,
              colsample_bytree=None, device=None, early_stopping_rounds=None,
              enable_categorical=False, eval_metric=None, feature_types=None,
              feature_weights=None, gamma=None, grow_policy=None,
              importance_type=None, interaction_constraints=None,
              learning_rate=None, max_bin=None, max_cat_threshold=None,
              max_cat_to_onehot=None, max_delta_step=None, max_depth=None,
              max_leaves=None, min_child_weight=None, missing=nan,
              monotone_constraints=None, multi_strategy=None, n_estimators=None,
              n_jobs=None, num_parallel_tree=None, ...), 'final_estimator__gamma': 5, 'final_estimator__learning_rate': 0.01, 'final_estimator__max_depth': 3, 'final_estimator__n_estimators': 300, 'passthrough': True}",0.8090999010880316,0.8189910979228486,0.8051434223541049,0.804950495049505,0.801980198019802,0.8080330228868584,0.005928002961685076,47,0.8502715283165244,0.8582494190549961,0.845732184808144,0.8485780169100692,0.848714069591528,0.8503090437362524,0.004231760901854963,45
88.7080008506775,3.4747908129966874,1.1046453952789306,0.061250888308256445,"XGBClassifier(base_score=None, booster=None, callbacks=None,
              colsample_bylevel=None, colsample_bynode=None,
              colsample_bytree=None, device=None, early_stopping_rounds=None,
              enable_categorical=False, eval_metric=None, feature_types=None,
              feature_weights=None, gamma=None, grow_policy=None,
              importance_type=None, interaction_constraints=None,
              learning_rate=None, max_bin=None, max_cat_threshold=None,
              max_cat_to_onehot=None, max_delta_step=None, max_depth=None,
              max_leaves=None, min_child_weight=None, missing=nan,
              monotone_constraints=None, multi_strategy=None, n_estimators=None,
              n_jobs=None, num_parallel_tree=None, ...)",5,0.01,3,300,False,"{'final_estimator': XGBClassifier(base_score=None, booster=None, callbacks=None,
              colsample_bylevel=None, colsample_bynode=None,
              colsample_bytree=None, device=None, early_stopping_rounds=None,
              enable_categorical=False, eval_metric=None, feature_types=None,
              feature_weights=None, gamma=None, grow_policy=None,
              importance_type=None, interaction_constraints=None,
              learning_rate=None, max_bin=None, max_cat_threshold=None,
              max_cat_to_onehot=None, max_delta_step=None, max_depth=None,
              max_leaves=None, min_child_weight=None, missing=nan,
              monotone_constraints=None, multi_strategy=None, n_estimators=None,
              n_jobs=None, num_parallel_tree=None, ...), 'final_estimator__gamma': 5, 'final_estimator__learning_rate': 0.01, 'final_estimator__max_depth': 3, 'final_estimator__n_estimators': 300, 'passthrough': False}",0.8061325420375866,0.8170128585558852,0.8031651829871415,0.8128712871287128,0.8,0.8078363741418653,0.006256037808720663,48,0.8471138845553822,0.8564778898370831,0.8436763550667714,0.8524590163934426,0.8467374810318664,0.8492929253769091,0.004571044155773349,55
86.61306848526002,3.9689869585337934,1.006589984893799,0.06668641139182399,"XGBClassifier(base_score=None, booster=None, callbacks=None,
              colsample_bylevel=None, colsample_bynode=None,
              colsample_bytree=None, device=None, early_stopping_rounds=None,
              enable_categorical=False, eval_metric=None, feature_types=None,
              feature_weights=None, gamma=None, grow_policy=None,
              importance_type=None, interaction_constraints=None,
              learning_rate=None, max_bin=None, max_cat_threshold=None,
              max_cat_to_onehot=None, max_delta_step=None, max_depth=None,
              max_leaves=None, min_child_weight=None, missing=nan,
              monotone_constraints=None, multi_strategy=None, n_estimators=None,
              n_jobs=None, num_parallel_tree=None, ...)",5,0.01,5,100,True,"{'final_estimator': XGBClassifier(base_score=None, booster=None, callbacks=None,
              colsample_bylevel=None, colsample_bynode=None,
              colsample_bytree=None, device=None, early_stopping_rounds=None,
              enable_categorical=False, eval_metric=None, feature_types=None,
              feature_weights=None, gamma=None, grow_policy=None,
              importance_type=None, interaction_constraints=None,
              learning_rate=None, max_bin=None, max_cat_threshold=None,
              max_cat_to_onehot=None, max_delta_step=None, max_depth=None,
              max_leaves=None, min_child_weight=None, missing=nan,
              monotone_constraints=None, multi_strategy=None, n_estimators=None,
              n_jobs=None, num_parallel_tree=None, ...), 'final_estimator__gamma': 5, 'final_estimator__learning_rate': 0.01, 'final_estimator__max_depth': 5, 'final_estimator__n_estimators': 100, 'passthrough': True}",0.8090999010880316,0.8189910979228486,0.80811078140455,0.804950495049505,0.7960396039603961,0.8074383758850662,0.007386470525326502,52,0.8554307116104869,0.8627156789197299,0.8528072837632777,0.8510959939531368,0.8467261904761905,0.8537551717445645,0.005300460706412768,12
91.72947425842285,4.536250321521056,1.1800570487976074,0.18693234804772693,"XGBClassifier(base_score=None, booster=None, callbacks=None,
              colsample_bylevel=None, colsample_bynode=None,
              colsample_bytree=None, device=None, early_stopping_rounds=None,
              enable_categorical=False, eval_metric=None, feature_types=None,
              feature_weights=None, gamma=None, grow_policy=None,
              importance_type=None, interaction_constraints=None,
              learning_rate=None, max_bin=None, max_cat_threshold=None,
              max_cat_to_onehot=None, max_delta_step=None, max_depth=None,
              max_leaves=None, min_child_weight=None, missing=nan,
              monotone_constraints=None, multi_strategy=None, n_estimators=None,
              n_jobs=None, num_parallel_tree=None, ...)",5,0.01,5,100,False,"{'final_estimator': XGBClassifier(base_score=None, booster=None, callbacks=None,
              colsample_bylevel=None, colsample_bynode=None,
              colsample_bytree=None, device=None, early_stopping_rounds=None,
              enable_categorical=False, eval_metric=None, feature_types=None,
              feature_weights=None, gamma=None, grow_policy=None,
              importance_type=None, interaction_constraints=None,
              learning_rate=None, max_bin=None, max_cat_threshold=None,
              max_cat_to_onehot=None, max_delta_step=None, max_depth=None,
              max_leaves=None, min_child_weight=None, missing=nan,
              monotone_constraints=None, multi_strategy=None, n_estimators=None,
              n_jobs=None, num_parallel_tree=None, ...), 'final_estimator__gamma': 5, 'final_estimator__learning_rate': 0.01, 'final_estimator__max_depth': 5, 'final_estimator__n_estimators': 100, 'passthrough': False}",0.8090999010880316,0.8189910979228486,0.7972304648862513,0.8128712871287128,0.7980198019801981,0.8072425106012086,0.008467133427291454,53,0.854559155990957,0.8629213483146068,0.844106463878327,0.8584269662921349,0.85,0.854002786895205,0.0065327354130009395,10
90.16204962730407,4.064005357532857,1.0059674263000489,0.02519401136445664,"XGBClassifier(base_score=None, booster=None, callbacks=None,
              colsample_bylevel=None, colsample_bynode=None,
              colsample_bytree=None, device=None, early_stopping_rounds=None,
              enable_categorical=False, eval_metric=None, feature_types=None,
              feature_weights=None, gamma=None, grow_policy=None,
              importance_type=None, interaction_constraints=None,
              learning_rate=None, max_bin=None, max_cat_threshold=None,
              max_cat_to_onehot=None, max_delta_step=None, max_depth=None,
              max_leaves=None, min_child_weight=None, missing=nan,
              monotone_constraints=None, multi_strategy=None, n_estimators=None,
              n_jobs=None, num_parallel_tree=None, ...)",5,0.01,5,300,True,"{'final_estimator': XGBClassifier(base_score=None, booster=None, callbacks=None,
              colsample_bylevel=None, colsample_bynode=None,
              colsample_bytree=None, device=None, early_stopping_rounds=None,
              enable_categorical=False, eval_metric=None, feature_types=None,
              feature_weights=None, gamma=None, grow_policy=None,
              importance_type=None, interaction_constraints=None,
              learning_rate=None, max_bin=None, max_cat_threshold=None,
              max_cat_to_onehot=None, max_delta_step=None, max_depth=None,
              max_leaves=None, min_child_weight=None, missing=nan,
              monotone_constraints=None, multi_strategy=None, n_estimators=None,
              n_jobs=None, num_parallel_tree=None, ...), 'final_estimator__gamma': 5, 'final_estimator__learning_rate': 0.01, 'final_estimator__max_depth': 5, 'final_estimator__n_estimators': 300, 'passthrough': True}",0.8170128585558852,0.8199802176063303,0.8130563798219584,0.804950495049505,0.80990099009901,0.8129801882265377,0.005276856641756124,17,0.8564778898370831,0.8575899843505478,0.8531468531468531,0.846930846930847,0.8538812785388128,0.8536053705608287,0.0037138697651934696,14
90.34431180953979,4.005800775544939,1.0869597911834716,0.05605016459261971,"XGBClassifier(base_score=None, booster=None, callbacks=None,
              colsample_bylevel=None, colsample_bynode=None,
              colsample_bytree=None, device=None, early_stopping_rounds=None,
              enable_categorical=False, eval_metric=None, feature_types=None,
              feature_weights=None, gamma=None, grow_policy=None,
              importance_type=None, interaction_constraints=None,
              learning_rate=None, max_bin=None, max_cat_threshold=None,
              max_cat_to_onehot=None, max_delta_step=None, max_depth=None,
              max_leaves=None, min_child_weight=None, missing=nan,
              monotone_constraints=None, multi_strategy=None, n_estimators=None,
              n_jobs=None, num_parallel_tree=None, ...)",5,0.01,5,300,False,"{'final_estimator': XGBClassifier(base_score=None, booster=None, callbacks=None,
              colsample_bylevel=None, colsample_bynode=None,
              colsample_bytree=None, device=None, early_stopping_rounds=None,
              enable_categorical=False, eval_metric=None, feature_types=None,
              feature_weights=None, gamma=None, grow_policy=None,
              importance_type=None, interaction_constraints=None,
              learning_rate=None, max_bin=None, max_cat_threshold=None,
              max_cat_to_onehot=None, max_delta_step=None, max_depth=None,
              max_leaves=None, min_child_weight=None, missing=nan,
              monotone_constraints=None, multi_strategy=None, n_estimators=None,
              n_jobs=None, num_parallel_tree=None, ...), 'final_estimator__gamma': 5, 'final_estimator__learning_rate': 0.01, 'final_estimator__max_depth': 5, 'final_estimator__n_estimators': 300, 'passthrough': False}",0.8189910979228486,0.8249258160237388,0.80811078140455,0.8148514851485148,0.802970297029703,0.8139698955058711,0.007763275765980907,12,0.8569194683346364,0.8631090487238979,0.8482003129890454,0.8540202966432474,0.8486692015209125,0.8541836656423479,0.005538656741012202,8
87.43357219696045,4.192457938876301,1.0396793842315675,0.0472762487737244,"XGBClassifier(base_score=None, booster=None, callbacks=None,
              colsample_bylevel=None, colsample_bynode=None,
              colsample_bytree=None, device=None, early_stopping_rounds=None,
              enable_categorical=False, eval_metric=None, feature_types=None,
              feature_weights=None, gamma=None, grow_policy=None,
              importance_type=None, interaction_constraints=None,
              learning_rate=None, max_bin=None, max_cat_threshold=None,
              max_cat_to_onehot=None, max_delta_step=None, max_depth=None,
              max_leaves=None, min_child_weight=None, missing=nan,
              monotone_constraints=None, multi_strategy=None, n_estimators=None,
              n_jobs=None, num_parallel_tree=None, ...)",5,0.01,7,100,True,"{'final_estimator': XGBClassifier(base_score=None, booster=None, callbacks=None,
              colsample_bylevel=None, colsample_bynode=None,
              colsample_bytree=None, device=None, early_stopping_rounds=None,
              enable_categorical=False, eval_metric=None, feature_types=None,
              feature_weights=None, gamma=None, grow_policy=None,
              importance_type=None, interaction_constraints=None,
              learning_rate=None, max_bin=None, max_cat_threshold=None,
              max_cat_to_onehot=None, max_delta_step=None, max_depth=None,
              max_leaves=None, min_child_weight=None, missing=nan,
              monotone_constraints=None, multi_strategy=None, n_estimators=None,
              n_jobs=None, num_parallel_tree=None, ...), 'final_estimator__gamma': 5, 'final_estimator__learning_rate': 0.01, 'final_estimator__max_depth': 7, 'final_estimator__n_estimators': 100, 'passthrough': True}",0.8061325420375866,0.8140454995054401,0.80811078140455,0.80990099009901,0.800990099009901,0.8078359824112976,0.004305013413028067,49,0.8515151515151516,0.8582202111613876,0.8514548238897397,0.8536585365853658,0.8510007412898444,0.8531698928882978,0.00268809734425965,18
90.9017439365387,5.102910391409303,1.021709156036377,0.0649932209523566,"XGBClassifier(base_score=None, booster=None, callbacks=None,
              colsample_bylevel=None, colsample_bynode=None,
              colsample_bytree=None, device=None, early_stopping_rounds=None,
              enable_categorical=False, eval_metric=None, feature_types=None,
              feature_weights=None, gamma=None, grow_policy=None,
              importance_type=None, interaction_constraints=None,
              learning_rate=None, max_bin=None, max_cat_threshold=None,
              max_cat_to_onehot=None, max_delta_step=None, max_depth=None,
              max_leaves=None, min_child_weight=None, missing=nan,
              monotone_constraints=None, multi_strategy=None, n_estimators=None,
              n_jobs=None, num_parallel_tree=None, ...)",5,0.01,7,100,False,"{'final_estimator': XGBClassifier(base_score=None, booster=None, callbacks=None,
              colsample_bylevel=None, colsample_bynode=None,
              colsample_bytree=None, device=None, early_stopping_rounds=None,
              enable_categorical=False, eval_metric=None, feature_types=None,
              feature_weights=None, gamma=None, grow_policy=None,
              importance_type=None, interaction_constraints=None,
              learning_rate=None, max_bin=None, max_cat_threshold=None,
              max_cat_to_onehot=None, max_delta_step=None, max_depth=None,
              max_leaves=None, min_child_weight=None, missing=nan,
              monotone_constraints=None, multi_strategy=None, n_estimators=None,
              n_jobs=None, num_parallel_tree=None, ...), 'final_estimator__gamma': 5, 'final_estimator__learning_rate': 0.01, 'final_estimator__max_depth': 7, 'final_estimator__n_estimators': 100, 'passthrough': False}",0.8011869436201781,0.8160237388724035,0.8031651829871415,0.807920792079208,0.800990099009901,0.8058573513137665,0.005663282565749169,58,0.8485305199698568,0.8601503759398497,0.8484386900228484,0.8536953242835595,0.852314474650992,0.8526258769734213,0.004293326383983633,22
89.23794951438904,4.618242141550981,1.0664661407470704,0.03252745942650497,"XGBClassifier(base_score=None, booster=None, callbacks=None,
              colsample_bylevel=None, colsample_bynode=None,
              colsample_bytree=None, device=None, early_stopping_rounds=None,
              enable_categorical=False, eval_metric=None, feature_types=None,
              feature_weights=None, gamma=None, grow_policy=None,
              importance_type=None, interaction_constraints=None,
              learning_rate=None, max_bin=None, max_cat_threshold=None,
              max_cat_to_onehot=None, max_delta_step=None, max_depth=None,
              max_leaves=None, min_child_weight=None, missing=nan,
              monotone_constraints=None, multi_strategy=None, n_estimators=None,
              n_jobs=None, num_parallel_tree=None, ...)",5,0.01,7,300,True,"{'final_estimator': XGBClassifier(base_score=None, booster=None, callbacks=None,
              colsample_bylevel=None, colsample_bynode=None,
              colsample_bytree=None, device=None, early_stopping_rounds=None,
              enable_categorical=False, eval_metric=None, feature_types=None,
              feature_weights=None, gamma=None, grow_policy=None,
              importance_type=None, interaction_constraints=None,
              learning_rate=None, max_bin=None, max_cat_threshold=None,
              max_cat_to_onehot=None, max_delta_step=None, max_depth=None,
              max_leaves=None, min_child_weight=None, missing=nan,
              monotone_constraints=None, multi_strategy=None, n_estimators=None,
              n_jobs=None, num_parallel_tree=None, ...), 'final_estimator__gamma': 5, 'final_estimator__learning_rate': 0.01, 'final_estimator__max_depth': 7, 'final_estimator__n_estimators': 300, 'passthrough': True}",0.8130563798219584,0.8140454995054401,0.8100890207715133,0.808910891089109,0.80990099009901,0.8112005562574062,0.0019851817602750004,27,0.852689010132502,0.853125,0.8504672897196262,0.8486274509803922,0.8538812785388128,0.8517580058742666,0.001934427605885638,29
92.45401549339294,11.084507691824534,1.0034531116485597,0.023570818911344597,"XGBClassifier(base_score=None, booster=None, callbacks=None,
              colsample_bylevel=None, colsample_bynode=None,
              colsample_bytree=None, device=None, early_stopping_rounds=None,
              enable_categorical=False, eval_metric=None, feature_types=None,
              feature_weights=None, gamma=None, grow_policy=None,
              importance_type=None, interaction_constraints=None,
              learning_rate=None, max_bin=None, max_cat_threshold=None,
              max_cat_to_onehot=None, max_delta_step=None, max_depth=None,
              max_leaves=None, min_child_weight=None, missing=nan,
              monotone_constraints=None, multi_strategy=None, n_estimators=None,
              n_jobs=None, num_parallel_tree=None, ...)",5,0.01,7,300,False,"{'final_estimator': XGBClassifier(base_score=None, booster=None, callbacks=None,
              colsample_bylevel=None, colsample_bynode=None,
              colsample_bytree=None, device=None, early_stopping_rounds=None,
              enable_categorical=False, eval_metric=None, feature_types=None,
              feature_weights=None, gamma=None, grow_policy=None,
              importance_type=None, interaction_constraints=None,
              learning_rate=None, max_bin=None, max_cat_threshold=None,
              max_cat_to_onehot=None, max_delta_step=None, max_depth=None,
              max_leaves=None, min_child_weight=None, missing=nan,
              monotone_constraints=None, multi_strategy=None, n_estimators=None,
              n_jobs=None, num_parallel_tree=None, ...), 'final_estimator__gamma': 5, 'final_estimator__learning_rate': 0.01, 'final_estimator__max_depth': 7, 'final_estimator__n_estimators': 300, 'passthrough': False}",0.8189910979228486,0.8269040553907022,0.8090999010880316,0.8158415841584158,0.808910891089109,0.8159495059298214,0.006718992010952862,2,0.8566953797963978,0.8644461657629744,0.8488645262333594,0.8551401869158879,0.853454821564161,0.8557202160545561,0.005090423785118973,1
89.59963102340699,4.5411045843135405,1.016859483718872,0.06779248145181337,"XGBClassifier(base_score=None, booster=None, callbacks=None,
              colsample_bylevel=None, colsample_bynode=None,
              colsample_bytree=None, device=None, early_stopping_rounds=None,
              enable_categorical=False, eval_metric=None, feature_types=None,
              feature_weights=None, gamma=None, grow_policy=None,
              importance_type=None, interaction_constraints=None,
              learning_rate=None, max_bin=None, max_cat_threshold=None,
              max_cat_to_onehot=None, max_delta_step=None, max_depth=None,
              max_leaves=None, min_child_weight=None, missing=nan,
              monotone_constraints=None, multi_strategy=None, n_estimators=None,
              n_jobs=None, num_parallel_tree=None, ...)",5,0.05,3,100,True,"{'final_estimator': XGBClassifier(base_score=None, booster=None, callbacks=None,
              colsample_bylevel=None, colsample_bynode=None,
              colsample_bytree=None, device=None, early_stopping_rounds=None,
              enable_categorical=False, eval_metric=None, feature_types=None,
              feature_weights=None, gamma=None, grow_policy=None,
              importance_type=None, interaction_constraints=None,
              learning_rate=None, max_bin=None, max_cat_threshold=None,
              max_cat_to_onehot=None, max_delta_step=None, max_depth=None,
              max_leaves=None, min_child_weight=None, missing=nan,
              monotone_constraints=None, multi_strategy=None, n_estimators=None,
              n_jobs=None, num_parallel_tree=None, ...), 'final_estimator__gamma': 5, 'final_estimator__learning_rate': 0.05, 'final_estimator__max_depth': 3, 'final_estimator__n_estimators': 100, 'passthrough': True}",0.8090999010880316,0.8160237388724035,0.8031651829871415,0.799009900990099,0.802970297029703,0.8060538041934757,0.005935436378807753,57,0.8495713172252534,0.8551401869158879,0.8446526151444185,0.8427575522850503,0.849128127369219,0.8482499597879659,0.004315085684311114,63
86.94572010040284,3.2385666308108156,0.9877312183380127,0.05065416697612251,"XGBClassifier(base_score=None, booster=None, callbacks=None,
              colsample_bylevel=None, colsample_bynode=None,
              colsample_bytree=None, device=None, early_stopping_rounds=None,
              enable_categorical=False, eval_metric=None, feature_types=None,
              feature_weights=None, gamma=None, grow_policy=None,
              importance_type=None, interaction_constraints=None,
              learning_rate=None, max_bin=None, max_cat_threshold=None,
              max_cat_to_onehot=None, max_delta_step=None, max_depth=None,
              max_leaves=None, min_child_weight=None, missing=nan,
              monotone_constraints=None, multi_strategy=None, n_estimators=None,
              n_jobs=None, num_parallel_tree=None, ...)",5,0.05,3,100,False,"{'final_estimator': XGBClassifier(base_score=None, booster=None, callbacks=None,
              colsample_bylevel=None, colsample_bynode=None,
              colsample_bytree=None, device=None, early_stopping_rounds=None,
              enable_categorical=False, eval_metric=None, feature_types=None,
              feature_weights=None, gamma=None, grow_policy=None,
              importance_type=None, interaction_constraints=None,
              learning_rate=None, max_bin=None, max_cat_threshold=None,
              max_cat_to_onehot=None, max_delta_step=None, max_depth=None,
              max_leaves=None, min_child_weight=None, missing=nan,
              monotone_constraints=None, multi_strategy=None, n_estimators=None,
              n_jobs=None, num_parallel_tree=None, ...), 'final_estimator__gamma': 5, 'final_estimator__learning_rate': 0.05, 'final_estimator__max_depth': 3, 'final_estimator__n_estimators': 100, 'passthrough': False}",0.8071216617210683,0.8180019782393669,0.8061325420375866,0.8118811881188119,0.8,0.8086274740233668,0.006023179377006696,42,0.8477751756440282,0.8582434514637904,0.8456692913385827,0.8513302034428795,0.8465045592705167,0.8499045362319595,0.004595679566693171,48
90.28465051651001,6.254824561179044,1.0791238784790038,0.065492104434926,"XGBClassifier(base_score=None, booster=None, callbacks=None,
              colsample_bylevel=None, colsample_bynode=None,
              colsample_bytree=None, device=None, early_stopping_rounds=None,
              enable_categorical=False, eval_metric=None, feature_types=None,
              feature_weights=None, gamma=None, grow_policy=None,
              importance_type=None, interaction_constraints=None,
              learning_rate=None, max_bin=None, max_cat_threshold=None,
              max_cat_to_onehot=None, max_delta_step=None, max_depth=None,
              max_leaves=None, min_child_weight=None, missing=nan,
              monotone_constraints=None, multi_strategy=None, n_estimators=None,
              n_jobs=None, num_parallel_tree=None, ...)",5,0.05,3,300,True,"{'final_estimator': XGBClassifier(base_score=None, booster=None, callbacks=None,
              colsample_bylevel=None, colsample_bynode=None,
              colsample_bytree=None, device=None, early_stopping_rounds=None,
              enable_categorical=False, eval_metric=None, feature_types=None,
              feature_weights=None, gamma=None, grow_policy=None,
              importance_type=None, interaction_constraints=None,
              learning_rate=None, max_bin=None, max_cat_threshold=None,
              max_cat_to_onehot=None, max_delta_step=None, max_depth=None,
              max_leaves=None, min_child_weight=None, missing=nan,
              monotone_constraints=None, multi_strategy=None, n_estimators=None,
              n_jobs=None, num_parallel_tree=None, ...), 'final_estimator__gamma': 5, 'final_estimator__learning_rate': 0.05, 'final_estimator__max_depth': 3, 'final_estimator__n_estimators': 300, 'passthrough': True}",0.8090999010880316,0.8160237388724035,0.8011869436201781,0.799009900990099,0.802970297029703,0.8056581563200831,0.0061758649305503266,59,0.8495713172252534,0.8551401869158879,0.843335931410756,0.843000773395205,0.849128127369219,0.8480352672632641,0.004504743320753087,64
95.64917588233948,7.214513540782679,1.051281452178955,0.05453484149350188,"XGBClassifier(base_score=None, booster=None, callbacks=None,
              colsample_bylevel=None, colsample_bynode=None,
              colsample_bytree=None, device=None, early_stopping_rounds=None,
              enable_categorical=False, eval_metric=None, feature_types=None,
              feature_weights=None, gamma=None, grow_policy=None,
              importance_type=None, interaction_constraints=None,
              learning_rate=None, max_bin=None, max_cat_threshold=None,
              max_cat_to_onehot=None, max_delta_step=None, max_depth=None,
              max_leaves=None, min_child_weight=None, missing=nan,
              monotone_constraints=None, multi_strategy=None, n_estimators=None,
              n_jobs=None, num_parallel_tree=None, ...)",5,0.05,3,300,False,"{'final_estimator': XGBClassifier(base_score=None, booster=None, callbacks=None,
              colsample_bylevel=None, colsample_bynode=None,
              colsample_bytree=None, device=None, early_stopping_rounds=None,
              enable_categorical=False, eval_metric=None, feature_types=None,
              feature_weights=None, gamma=None, grow_policy=None,
              importance_type=None, interaction_constraints=None,
              learning_rate=None, max_bin=None, max_cat_threshold=None,
              max_cat_to_onehot=None, max_delta_step=None, max_depth=None,
              max_leaves=None, min_child_weight=None, missing=nan,
              monotone_constraints=None, multi_strategy=None, n_estimators=None,
              n_jobs=None, num_parallel_tree=None, ...), 'final_estimator__gamma': 5, 'final_estimator__learning_rate': 0.05, 'final_estimator__max_depth': 3, 'final_estimator__n_estimators': 300, 'passthrough': False}",0.8071216617210683,0.8189910979228486,0.8061325420375866,0.8128712871287128,0.8,0.8090233177620432,0.006442928728506346,39,0.8477751756440282,0.8582494190549961,0.8459119496855346,0.8519968676585747,0.8465045592705167,0.85008759426273,0.004601785220940557,47
96.4883267402649,6.421480466412803,1.1687150955200196,0.19843790645239356,"XGBClassifier(base_score=None, booster=None, callbacks=None,
              colsample_bylevel=None, colsample_bynode=None,
              colsample_bytree=None, device=None, early_stopping_rounds=None,
              enable_categorical=False, eval_metric=None, feature_types=None,
              feature_weights=None, gamma=None, grow_policy=None,
              importance_type=None, interaction_constraints=None,
              learning_rate=None, max_bin=None, max_cat_threshold=None,
              max_cat_to_onehot=None, max_delta_step=None, max_depth=None,
              max_leaves=None, min_child_weight=None, missing=nan,
              monotone_constraints=None, multi_strategy=None, n_estimators=None,
              n_jobs=None, num_parallel_tree=None, ...)",5,0.05,5,100,True,"{'final_estimator': XGBClassifier(base_score=None, booster=None, callbacks=None,
              colsample_bylevel=None, colsample_bynode=None,
              colsample_bytree=None, device=None, early_stopping_rounds=None,
              enable_categorical=False, eval_metric=None, feature_types=None,
              feature_weights=None, gamma=None, grow_policy=None,
              importance_type=None, interaction_constraints=None,
              learning_rate=None, max_bin=None, max_cat_threshold=None,
              max_cat_to_onehot=None, max_delta_step=None, max_depth=None,
              max_leaves=None, min_child_weight=None, missing=nan,
              monotone_constraints=None, multi_strategy=None, n_estimators=None,
              n_jobs=None, num_parallel_tree=None, ...), 'final_estimator__gamma': 5, 'final_estimator__learning_rate': 0.05, 'final_estimator__max_depth': 5, 'final_estimator__n_estimators': 100, 'passthrough': True}",0.8140454995054401,0.8229475766567754,0.8150346191889218,0.803960396039604,0.807920792079208,0.8127817766939899,0.0065032562860345795,19,0.8540372670807453,0.8598277212216131,0.8547008547008547,0.8457943925233645,0.853030303030303,0.8534781077113761,0.004502563031272018,15
91.89265737533569,4.128724762000474,1.095103645324707,0.07314744336268018,"XGBClassifier(base_score=None, booster=None, callbacks=None,
              colsample_bylevel=None, colsample_bynode=None,
              colsample_bytree=None, device=None, early_stopping_rounds=None,
              enable_categorical=False, eval_metric=None, feature_types=None,
              feature_weights=None, gamma=None, grow_policy=None,
              importance_type=None, interaction_constraints=None,
              learning_rate=None, max_bin=None, max_cat_threshold=None,
              max_cat_to_onehot=None, max_delta_step=None, max_depth=None,
              max_leaves=None, min_child_weight=None, missing=nan,
              monotone_constraints=None, multi_strategy=None, n_estimators=None,
              n_jobs=None, num_parallel_tree=None, ...)",5,0.05,5,100,False,"{'final_estimator': XGBClassifier(base_score=None, booster=None, callbacks=None,
              colsample_bylevel=None, colsample_bynode=None,
              colsample_bytree=None, device=None, early_stopping_rounds=None,
              enable_categorical=False, eval_metric=None, feature_types=None,
              feature_weights=None, gamma=None, grow_policy=None,
              importance_type=None, interaction_constraints=None,
              learning_rate=None, max_bin=None, max_cat_threshold=None,
              max_cat_to_onehot=None, max_delta_step=None, max_depth=None,
              max_leaves=None, min_child_weight=None, missing=nan,
              monotone_constraints=None, multi_strategy=None, n_estimators=None,
              n_jobs=None, num_parallel_tree=None, ...), 'final_estimator__gamma': 5, 'final_estimator__learning_rate': 0.05, 'final_estimator__max_depth': 5, 'final_estimator__n_estimators': 100, 'passthrough': False}",0.820969337289812,0.8239366963402571,0.8041543026706232,0.8128712871287128,0.805940594059406,0.8135744434977623,0.00786854341663626,15,0.8575924468922108,0.8624420401854714,0.8457943925233645,0.851764705882353,0.8512898330804249,0.8537766837127648,0.005720103232122823,11
95.76842865943908,7.393261581946594,1.1120681285858154,0.041438667622199145,"XGBClassifier(base_score=None, booster=None, callbacks=None,
              colsample_bylevel=None, colsample_bynode=None,
              colsample_bytree=None, device=None, early_stopping_rounds=None,
              enable_categorical=False, eval_metric=None, feature_types=None,
              feature_weights=None, gamma=None, grow_policy=None,
              importance_type=None, interaction_constraints=None,
              learning_rate=None, max_bin=None, max_cat_threshold=None,
              max_cat_to_onehot=None, max_delta_step=None, max_depth=None,
              max_leaves=None, min_child_weight=None, missing=nan,
              monotone_constraints=None, multi_strategy=None, n_estimators=None,
              n_jobs=None, num_parallel_tree=None, ...)",5,0.05,5,300,True,"{'final_estimator': XGBClassifier(base_score=None, booster=None, callbacks=None,
              colsample_bylevel=None, colsample_bynode=None,
              colsample_bytree=None, device=None, early_stopping_rounds=None,
              enable_categorical=False, eval_metric=None, feature_types=None,
              feature_weights=None, gamma=None, grow_policy=None,
              importance_type=None, interaction_constraints=None,
              learning_rate=None, max_bin=None, max_cat_threshold=None,
              max_cat_to_onehot=None, max_delta_step=None, max_depth=None,
              max_leaves=None, min_child_weight=None, missing=nan,
              monotone_constraints=None, multi_strategy=None, n_estimators=None,
              n_jobs=None, num_parallel_tree=None, ...), 'final_estimator__gamma': 5, 'final_estimator__learning_rate': 0.05, 'final_estimator__max_depth': 5, 'final_estimator__n_estimators': 300, 'passthrough': True}",0.80811078140455,0.8189910979228486,0.8130563798219584,0.799009900990099,0.808910891089109,0.8096158102457129,0.006557146818646575,36,0.8500772797527048,0.8562450903377847,0.8533747090768037,0.8422688422688422,0.853454821564161,0.8510841486000592,0.004821316994546429,35
97.52921395301819,11.519667539561484,1.136754035949707,0.09047873037031567,"XGBClassifier(base_score=None, booster=None, callbacks=None,
              colsample_bylevel=None, colsample_bynode=None,
              colsample_bytree=None, device=None, early_stopping_rounds=None,
              enable_categorical=False, eval_metric=None, feature_types=None,
              feature_weights=None, gamma=None, grow_policy=None,
              importance_type=None, interaction_constraints=None,
              learning_rate=None, max_bin=None, max_cat_threshold=None,
              max_cat_to_onehot=None, max_delta_step=None, max_depth=None,
              max_leaves=None, min_child_weight=None, missing=nan,
              monotone_constraints=None, multi_strategy=None, n_estimators=None,
              n_jobs=None, num_parallel_tree=None, ...)",5,0.05,5,300,False,"{'final_estimator': XGBClassifier(base_score=None, booster=None, callbacks=None,
              colsample_bylevel=None, colsample_bynode=None,
              colsample_bytree=None, device=None, early_stopping_rounds=None,
              enable_categorical=False, eval_metric=None, feature_types=None,
              feature_weights=None, gamma=None, grow_policy=None,
              importance_type=None, interaction_constraints=None,
              learning_rate=None, max_bin=None, max_cat_threshold=None,
              max_cat_to_onehot=None, max_delta_step=None, max_depth=None,
              max_leaves=None, min_child_weight=None, missing=nan,
              monotone_constraints=None, multi_strategy=None, n_estimators=None,
              n_jobs=None, num_parallel_tree=None, ...), 'final_estimator__gamma': 5, 'final_estimator__learning_rate': 0.05, 'final_estimator__max_depth': 5, 'final_estimator__n_estimators': 300, 'passthrough': False}",0.8189910979228486,0.827893175074184,0.8100890207715133,0.808910891089109,0.806930693069307,0.8145629755853925,0.00784240464502517,6,0.8562450903377847,0.865533230293663,0.8497652582159625,0.8488645262333594,0.8519362186788155,0.854468864751917,0.006091337833030223,7
93.29505214691162,6.242860799101071,1.035151195526123,0.14018155132782367,"XGBClassifier(base_score=None, booster=None, callbacks=None,
              colsample_bylevel=None, colsample_bynode=None,
              colsample_bytree=None, device=None, early_stopping_rounds=None,
              enable_categorical=False, eval_metric=None, feature_types=None,
              feature_weights=None, gamma=None, grow_policy=None,
              importance_type=None, interaction_constraints=None,
              learning_rate=None, max_bin=None, max_cat_threshold=None,
              max_cat_to_onehot=None, max_delta_step=None, max_depth=None,
              max_leaves=None, min_child_weight=None, missing=nan,
              monotone_constraints=None, multi_strategy=None, n_estimators=None,
              n_jobs=None, num_parallel_tree=None, ...)",5,0.05,7,100,True,"{'final_estimator': XGBClassifier(base_score=None, booster=None, callbacks=None,
              colsample_bylevel=None, colsample_bynode=None,
              colsample_bytree=None, device=None, early_stopping_rounds=None,
              enable_categorical=False, eval_metric=None, feature_types=None,
              feature_weights=None, gamma=None, grow_policy=None,
              importance_type=None, interaction_constraints=None,
              learning_rate=None, max_bin=None, max_cat_threshold=None,
              max_cat_to_onehot=None, max_delta_step=None, max_depth=None,
              max_leaves=None, min_child_weight=None, missing=nan,
              monotone_constraints=None, multi_strategy=None, n_estimators=None,
              n_jobs=None, num_parallel_tree=None, ...), 'final_estimator__gamma': 5, 'final_estimator__learning_rate': 0.05, 'final_estimator__max_depth': 7, 'final_estimator__n_estimators': 100, 'passthrough': True}",0.8100890207715133,0.8140454995054401,0.811078140454995,0.800990099009901,0.8118811881188119,0.8096167895721322,0.004505980719368136,35,0.8502340093603744,0.8524332810047096,0.8511301636788776,0.8428459734167318,0.8549618320610687,0.8503210519043524,0.004062939549134163,44
93.7166051864624,8.10176800010989,1.0206031322479248,0.05625923406956683,"XGBClassifier(base_score=None, booster=None, callbacks=None,
              colsample_bylevel=None, colsample_bynode=None,
              colsample_bytree=None, device=None, early_stopping_rounds=None,
              enable_categorical=False, eval_metric=None, feature_types=None,
              feature_weights=None, gamma=None, grow_policy=None,
              importance_type=None, interaction_constraints=None,
              learning_rate=None, max_bin=None, max_cat_threshold=None,
              max_cat_to_onehot=None, max_delta_step=None, max_depth=None,
              max_leaves=None, min_child_weight=None, missing=nan,
              monotone_constraints=None, multi_strategy=None, n_estimators=None,
              n_jobs=None, num_parallel_tree=None, ...)",5,0.05,7,100,False,"{'final_estimator': XGBClassifier(base_score=None, booster=None, callbacks=None,
              colsample_bylevel=None, colsample_bynode=None,
              colsample_bytree=None, device=None, early_stopping_rounds=None,
              enable_categorical=False, eval_metric=None, feature_types=None,
              feature_weights=None, gamma=None, grow_policy=None,
              importance_type=None, interaction_constraints=None,
              learning_rate=None, max_bin=None, max_cat_threshold=None,
              max_cat_to_onehot=None, max_delta_step=None, max_depth=None,
              max_leaves=None, min_child_weight=None, missing=nan,
              monotone_constraints=None, multi_strategy=None, n_estimators=None,
              n_jobs=None, num_parallel_tree=None, ...), 'final_estimator__gamma': 5, 'final_estimator__learning_rate': 0.05, 'final_estimator__max_depth': 7, 'final_estimator__n_estimators': 100, 'passthrough': False}",0.8229475766567754,0.8259149357072205,0.8051434223541049,0.8118811881188119,0.807920792079208,0.814761582983224,0.008234195504895934,5,0.8593872741555381,0.8637770897832817,0.8464536243180046,0.8515625,0.8528072837632777,0.8547975544040204,0.006095006259645185,5
90.18058896064758,5.212399369628359,1.061448097229004,0.09739444193343928,"XGBClassifier(base_score=None, booster=None, callbacks=None,
              colsample_bylevel=None, colsample_bynode=None,
              colsample_bytree=None, device=None, early_stopping_rounds=None,
              enable_categorical=False, eval_metric=None, feature_types=None,
              feature_weights=None, gamma=None, grow_policy=None,
              importance_type=None, interaction_constraints=None,
              learning_rate=None, max_bin=None, max_cat_threshold=None,
              max_cat_to_onehot=None, max_delta_step=None, max_depth=None,
              max_leaves=None, min_child_weight=None, missing=nan,
              monotone_constraints=None, multi_strategy=None, n_estimators=None,
              n_jobs=None, num_parallel_tree=None, ...)",5,0.05,7,300,True,"{'final_estimator': XGBClassifier(base_score=None, booster=None, callbacks=None,
              colsample_bylevel=None, colsample_bynode=None,
              colsample_bytree=None, device=None, early_stopping_rounds=None,
              enable_categorical=False, eval_metric=None, feature_types=None,
              feature_weights=None, gamma=None, grow_policy=None,
              importance_type=None, interaction_constraints=None,
              learning_rate=None, max_bin=None, max_cat_threshold=None,
              max_cat_to_onehot=None, max_delta_step=None, max_depth=None,
              max_leaves=None, min_child_weight=None, missing=nan,
              monotone_constraints=None, multi_strategy=None, n_estimators=None,
              n_jobs=None, num_parallel_tree=None, ...), 'final_estimator__gamma': 5, 'final_estimator__learning_rate': 0.05, 'final_estimator__max_depth': 7, 'final_estimator__n_estimators': 300, 'passthrough': True}",0.8140454995054401,0.8199802176063303,0.8229475766567754,0.810891089108911,0.8128712871287128,0.8161471340012341,0.004554395644455989,1,0.8528951486697965,0.8573667711598746,0.8607003891050584,0.8508977361436377,0.8558352402745996,0.8555390570705933,0.003423440469214791,2
93.06659574508667,4.48075758499582,1.1609296321868896,0.2033991111760334,"XGBClassifier(base_score=None, booster=None, callbacks=None,
              colsample_bylevel=None, colsample_bynode=None,
              colsample_bytree=None, device=None, early_stopping_rounds=None,
              enable_categorical=False, eval_metric=None, feature_types=None,
              feature_weights=None, gamma=None, grow_policy=None,
              importance_type=None, interaction_constraints=None,
              learning_rate=None, max_bin=None, max_cat_threshold=None,
              max_cat_to_onehot=None, max_delta_step=None, max_depth=None,
              max_leaves=None, min_child_weight=None, missing=nan,
              monotone_constraints=None, multi_strategy=None, n_estimators=None,
              n_jobs=None, num_parallel_tree=None, ...)",5,0.05,7,300,False,"{'final_estimator': XGBClassifier(base_score=None, booster=None, callbacks=None,
              colsample_bylevel=None, colsample_bynode=None,
              colsample_bytree=None, device=None, early_stopping_rounds=None,
              enable_categorical=False, eval_metric=None, feature_types=None,
              feature_weights=None, gamma=None, grow_policy=None,
              importance_type=None, interaction_constraints=None,
              learning_rate=None, max_bin=None, max_cat_threshold=None,
              max_cat_to_onehot=None, max_delta_step=None, max_depth=None,
              max_leaves=None, min_child_weight=None, missing=nan,
              monotone_constraints=None, multi_strategy=None, n_estimators=None,
              n_jobs=None, num_parallel_tree=None, ...), 'final_estimator__gamma': 5, 'final_estimator__learning_rate': 0.05, 'final_estimator__max_depth': 7, 'final_estimator__n_estimators': 300, 'passthrough': False}",0.8219584569732937,0.8269040553907022,0.8041543026706232,0.8128712871287128,0.803960396039604,0.8139696996405872,0.009261236296437774,13,0.858712715855573,0.8644461657629744,0.8453125,0.8522283033620016,0.85,0.8541399369961097,0.0067207994062551905,9
85.6657280921936,1.4871563085930894,1.0375088214874268,0.21739558607977874,"XGBClassifier(base_score=None, booster=None, callbacks=None,
              colsample_bylevel=None, colsample_bynode=None,
              colsample_bytree=None, device=None, early_stopping_rounds=None,
              enable_categorical=False, eval_metric=None, feature_types=None,
              feature_weights=None, gamma=None, grow_policy=None,
              importance_type=None, interaction_constraints=None,
              learning_rate=None, max_bin=None, max_cat_threshold=None,
              max_cat_to_onehot=None, max_delta_step=None, max_depth=None,
              max_leaves=None, min_child_weight=None, missing=nan,
              monotone_constraints=None, multi_strategy=None, n_estimators=None,
              n_jobs=None, num_parallel_tree=None, ...)",5,0.1,3,100,True,"{'final_estimator': XGBClassifier(base_score=None, booster=None, callbacks=None,
              colsample_bylevel=None, colsample_bynode=None,
              colsample_bytree=None, device=None, early_stopping_rounds=None,
              enable_categorical=False, eval_metric=None, feature_types=None,
              feature_weights=None, gamma=None, grow_policy=None,
              importance_type=None, interaction_constraints=None,
              learning_rate=None, max_bin=None, max_cat_threshold=None,
              max_cat_to_onehot=None, max_delta_step=None, max_depth=None,
              max_leaves=None, min_child_weight=None, missing=nan,
              monotone_constraints=None, multi_strategy=None, n_estimators=None,
              n_jobs=None, num_parallel_tree=None, ...), 'final_estimator__gamma': 5, 'final_estimator__learning_rate': 0.1, 'final_estimator__max_depth': 3, 'final_estimator__n_estimators': 100, 'passthrough': True}",0.8071216617210683,0.8170128585558852,0.8011869436201781,0.803960396039604,0.803960396039604,0.8066484511952678,0.005512244808988317,56,0.8477751756440282,0.8558067030397506,0.8428459734167318,0.8469860896445132,0.8495440729483282,0.8485916029386704,0.004224247948604092,60
95.29504365921021,4.549371738185837,1.1087819576263427,0.08006202894825373,"XGBClassifier(base_score=None, booster=None, callbacks=None,
              colsample_bylevel=None, colsample_bynode=None,
              colsample_bytree=None, device=None, early_stopping_rounds=None,
              enable_categorical=False, eval_metric=None, feature_types=None,
              feature_weights=None, gamma=None, grow_policy=None,
              importance_type=None, interaction_constraints=None,
              learning_rate=None, max_bin=None, max_cat_threshold=None,
              max_cat_to_onehot=None, max_delta_step=None, max_depth=None,
              max_leaves=None, min_child_weight=None, missing=nan,
              monotone_constraints=None, multi_strategy=None, n_estimators=None,
              n_jobs=None, num_parallel_tree=None, ...)",5,0.1,3,100,False,"{'final_estimator': XGBClassifier(base_score=None, booster=None, callbacks=None,
              colsample_bylevel=None, colsample_bynode=None,
              colsample_bytree=None, device=None, early_stopping_rounds=None,
              enable_categorical=False, eval_metric=None, feature_types=None,
              feature_weights=None, gamma=None, grow_policy=None,
              importance_type=None, interaction_constraints=None,
              learning_rate=None, max_bin=None, max_cat_threshold=None,
              max_cat_to_onehot=None, max_delta_step=None, max_depth=None,
              max_leaves=None, min_child_weight=None, missing=nan,
              monotone_constraints=None, multi_strategy=None, n_estimators=None,
              n_jobs=None, num_parallel_tree=None, ...), 'final_estimator__gamma': 5, 'final_estimator__learning_rate': 0.1, 'final_estimator__max_depth': 3, 'final_estimator__n_estimators': 100, 'passthrough': False}",0.8090999010880316,0.8180019782393669,0.8051434223541049,0.810891089108911,0.799009900990099,0.8084292583561027,0.006287580611225851,43,0.849336455893833,0.8575851393188855,0.845247446975648,0.8497246262785209,0.8458618071374335,0.8495510951208642,0.0043989608413516484,53
91.63815798759461,5.599753286209166,1.4059879779815674,0.459890147208908,"XGBClassifier(base_score=None, booster=None, callbacks=None,
              colsample_bylevel=None, colsample_bynode=None,
              colsample_bytree=None, device=None, early_stopping_rounds=None,
              enable_categorical=False, eval_metric=None, feature_types=None,
              feature_weights=None, gamma=None, grow_policy=None,
              importance_type=None, interaction_constraints=None,
              learning_rate=None, max_bin=None, max_cat_threshold=None,
              max_cat_to_onehot=None, max_delta_step=None, max_depth=None,
              max_leaves=None, min_child_weight=None, missing=nan,
              monotone_constraints=None, multi_strategy=None, n_estimators=None,
              n_jobs=None, num_parallel_tree=None, ...)",5,0.1,3,300,True,"{'final_estimator': XGBClassifier(base_score=None, booster=None, callbacks=None,
              colsample_bylevel=None, colsample_bynode=None,
              colsample_bytree=None, device=None, early_stopping_rounds=None,
              enable_categorical=False, eval_metric=None, feature_types=None,
              feature_weights=None, gamma=None, grow_policy=None,
              importance_type=None, interaction_constraints=None,
              learning_rate=None, max_bin=None, max_cat_threshold=None,
              max_cat_to_onehot=None, max_delta_step=None, max_depth=None,
              max_leaves=None, min_child_weight=None, missing=nan,
              monotone_constraints=None, multi_strategy=None, n_estimators=None,
              n_jobs=None, num_parallel_tree=None, ...), 'final_estimator__gamma': 5, 'final_estimator__learning_rate': 0.1, 'final_estimator__max_depth': 3, 'final_estimator__n_estimators': 300, 'passthrough': True}",0.80811078140455,0.8140454995054401,0.7972304648862513,0.802970297029703,0.803960396039604,0.8052634877731096,0.005598518369047262,61,0.8486739469578783,0.853125,0.839968774395004,0.8463320463320463,0.8495440729483282,0.8475287681266513,0.004365234186988801,65
103.06435933113099,8.158186279203427,1.2668904304504394,0.19310617278267955,"XGBClassifier(base_score=None, booster=None, callbacks=None,
              colsample_bylevel=None, colsample_bynode=None,
              colsample_bytree=None, device=None, early_stopping_rounds=None,
              enable_categorical=False, eval_metric=None, feature_types=None,
              feature_weights=None, gamma=None, grow_policy=None,
              importance_type=None, interaction_constraints=None,
              learning_rate=None, max_bin=None, max_cat_threshold=None,
              max_cat_to_onehot=None, max_delta_step=None, max_depth=None,
              max_leaves=None, min_child_weight=None, missing=nan,
              monotone_constraints=None, multi_strategy=None, n_estimators=None,
              n_jobs=None, num_parallel_tree=None, ...)",5,0.1,3,300,False,"{'final_estimator': XGBClassifier(base_score=None, booster=None, callbacks=None,
              colsample_bylevel=None, colsample_bynode=None,
              colsample_bytree=None, device=None, early_stopping_rounds=None,
              enable_categorical=False, eval_metric=None, feature_types=None,
              feature_weights=None, gamma=None, grow_policy=None,
              importance_type=None, interaction_constraints=None,
              learning_rate=None, max_bin=None, max_cat_threshold=None,
              max_cat_to_onehot=None, max_delta_step=None, max_depth=None,
              max_leaves=None, min_child_weight=None, missing=nan,
              monotone_constraints=None, multi_strategy=None, n_estimators=None,
              n_jobs=None, num_parallel_tree=None, ...), 'final_estimator__gamma': 5, 'final_estimator__learning_rate': 0.1, 'final_estimator__max_depth': 3, 'final_estimator__n_estimators': 300, 'passthrough': False}",0.8090999010880316,0.8219584569732937,0.8041543026706232,0.8118811881188119,0.7980198019801981,0.8090227301661918,0.008003446509995484,40,0.849336455893833,0.8615384615384616,0.8443396226415094,0.85062893081761,0.8452200303490136,0.8502127002480855,0.006142209930569152,46
99.53142423629761,7.955405175850358,1.1388351440429687,0.16488255522461165,"XGBClassifier(base_score=None, booster=None, callbacks=None,
              colsample_bylevel=None, colsample_bynode=None,
              colsample_bytree=None, device=None, early_stopping_rounds=None,
              enable_categorical=False, eval_metric=None, feature_types=None,
              feature_weights=None, gamma=None, grow_policy=None,
              importance_type=None, interaction_constraints=None,
              learning_rate=None, max_bin=None, max_cat_threshold=None,
              max_cat_to_onehot=None, max_delta_step=None, max_depth=None,
              max_leaves=None, min_child_weight=None, missing=nan,
              monotone_constraints=None, multi_strategy=None, n_estimators=None,
              n_jobs=None, num_parallel_tree=None, ...)",5,0.1,5,100,True,"{'final_estimator': XGBClassifier(base_score=None, booster=None, callbacks=None,
              colsample_bylevel=None, colsample_bynode=None,
              colsample_bytree=None, device=None, early_stopping_rounds=None,
              enable_categorical=False, eval_metric=None, feature_types=None,
              feature_weights=None, gamma=None, grow_policy=None,
              importance_type=None, interaction_constraints=None,
              learning_rate=None, max_bin=None, max_cat_threshold=None,
              max_cat_to_onehot=None, max_delta_step=None, max_depth=None,
              max_leaves=None, min_child_weight=None, missing=nan,
              monotone_constraints=None, multi_strategy=None, n_estimators=None,
              n_jobs=None, num_parallel_tree=None, ...), 'final_estimator__gamma': 5, 'final_estimator__learning_rate': 0.1, 'final_estimator__max_depth': 5, 'final_estimator__n_estimators': 100, 'passthrough': True}",0.8140454995054401,0.820969337289812,0.8120672601384767,0.807920792079208,0.80990099009901,0.8129807758223894,0.0044916317152675226,16,0.8540372670807453,0.8573680063041765,0.8524844720496895,0.8486739469578783,0.8538812785388128,0.8532889941862605,0.002810514889675395,16
92.52248907089233,2.76361396900012,0.9719974994659424,0.03153316499488001,"XGBClassifier(base_score=None, booster=None, callbacks=None,
              colsample_bylevel=None, colsample_bynode=None,
              colsample_bytree=None, device=None, early_stopping_rounds=None,
              enable_categorical=False, eval_metric=None, feature_types=None,
              feature_weights=None, gamma=None, grow_policy=None,
              importance_type=None, interaction_constraints=None,
              learning_rate=None, max_bin=None, max_cat_threshold=None,
              max_cat_to_onehot=None, max_delta_step=None, max_depth=None,
              max_leaves=None, min_child_weight=None, missing=nan,
              monotone_constraints=None, multi_strategy=None, n_estimators=None,
              n_jobs=None, num_parallel_tree=None, ...)",5,0.1,5,100,False,"{'final_estimator': XGBClassifier(base_score=None, booster=None, callbacks=None,
              colsample_bylevel=None, colsample_bynode=None,
              colsample_bytree=None, device=None, early_stopping_rounds=None,
              enable_categorical=False, eval_metric=None, feature_types=None,
              feature_weights=None, gamma=None, grow_policy=None,
              importance_type=None, interaction_constraints=None,
              learning_rate=None, max_bin=None, max_cat_threshold=None,
              max_cat_to_onehot=None, max_delta_step=None, max_depth=None,
              max_leaves=None, min_child_weight=None, missing=nan,
              monotone_constraints=None, multi_strategy=None, n_estimators=None,
              n_jobs=None, num_parallel_tree=None, ...), 'final_estimator__gamma': 5, 'final_estimator__learning_rate': 0.1, 'final_estimator__max_depth': 5, 'final_estimator__n_estimators': 100, 'passthrough': False}",0.8219584569732937,0.8239366963402571,0.8100890207715133,0.8158415841584158,0.802970297029703,0.8149592110546365,0.007717720915771983,4,0.858712715855573,0.8624420401854714,0.85,0.8549141965678627,0.849811320754717,0.8551760546727248,0.004918190712992956,3
87.1931565284729,1.9451740260329486,1.0828149318695068,0.06361247793084959,"XGBClassifier(base_score=None, booster=None, callbacks=None,
              colsample_bylevel=None, colsample_bynode=None,
              colsample_bytree=None, device=None, early_stopping_rounds=None,
              enable_categorical=False, eval_metric=None, feature_types=None,
              feature_weights=None, gamma=None, grow_policy=None,
              importance_type=None, interaction_constraints=None,
              learning_rate=None, max_bin=None, max_cat_threshold=None,
              max_cat_to_onehot=None, max_delta_step=None, max_depth=None,
              max_leaves=None, min_child_weight=None, missing=nan,
              monotone_constraints=None, multi_strategy=None, n_estimators=None,
              n_jobs=None, num_parallel_tree=None, ...)",5,0.1,5,300,True,"{'final_estimator': XGBClassifier(base_score=None, booster=None, callbacks=None,
              colsample_bylevel=None, colsample_bynode=None,
              colsample_bytree=None, device=None, early_stopping_rounds=None,
              enable_categorical=False, eval_metric=None, feature_types=None,
              feature_weights=None, gamma=None, grow_policy=None,
              importance_type=None, interaction_constraints=None,
              learning_rate=None, max_bin=None, max_cat_threshold=None,
              max_cat_to_onehot=None, max_delta_step=None, max_depth=None,
              max_leaves=None, min_child_weight=None, missing=nan,
              monotone_constraints=None, multi_strategy=None, n_estimators=None,
              n_jobs=None, num_parallel_tree=None, ...), 'final_estimator__gamma': 5, 'final_estimator__learning_rate': 0.1, 'final_estimator__max_depth': 5, 'final_estimator__n_estimators': 300, 'passthrough': True}",0.8100890207715133,0.8249258160237388,0.8140454995054401,0.799009900990099,0.80990099009901,0.8115942454779603,0.008333522195431077,26,0.8511627906976744,0.8605200945626478,0.8540372670807453,0.842023346303502,0.8541033434650456,0.852369368421923,0.006011969652067082,25
88.08753056526184,2.978623586865163,1.1177387237548828,0.2082727939849873,"XGBClassifier(base_score=None, booster=None, callbacks=None,
              colsample_bylevel=None, colsample_bynode=None,
              colsample_bytree=None, device=None, early_stopping_rounds=None,
              enable_categorical=False, eval_metric=None, feature_types=None,
              feature_weights=None, gamma=None, grow_policy=None,
              importance_type=None, interaction_constraints=None,
              learning_rate=None, max_bin=None, max_cat_threshold=None,
              max_cat_to_onehot=None, max_delta_step=None, max_depth=None,
              max_leaves=None, min_child_weight=None, missing=nan,
              monotone_constraints=None, multi_strategy=None, n_estimators=None,
              n_jobs=None, num_parallel_tree=None, ...)",5,0.1,5,300,False,"{'final_estimator': XGBClassifier(base_score=None, booster=None, callbacks=None,
              colsample_bylevel=None, colsample_bynode=None,
              colsample_bytree=None, device=None, early_stopping_rounds=None,
              enable_categorical=False, eval_metric=None, feature_types=None,
              feature_weights=None, gamma=None, grow_policy=None,
              importance_type=None, interaction_constraints=None,
              learning_rate=None, max_bin=None, max_cat_threshold=None,
              max_cat_to_onehot=None, max_delta_step=None, max_depth=None,
              max_leaves=None, min_child_weight=None, missing=nan,
              monotone_constraints=None, multi_strategy=None, n_estimators=None,
              n_jobs=None, num_parallel_tree=None, ...), 'final_estimator__gamma': 5, 'final_estimator__learning_rate': 0.1, 'final_estimator__max_depth': 5, 'final_estimator__n_estimators': 300, 'passthrough': False}",0.8170128585558852,0.8229475766567754,0.8051434223541049,0.810891089108911,0.804950495049505,0.8121890883450364,0.006967600361268744,24,0.8549019607843137,0.8615622583139985,0.8462138953942233,0.8506645817044566,0.850190114068441,0.8527065620530866,0.005213445049127011,21
91.21001691818238,3.5162178369591386,1.1712684631347656,0.23200956303376954,"XGBClassifier(base_score=None, booster=None, callbacks=None,
              colsample_bylevel=None, colsample_bynode=None,
              colsample_bytree=None, device=None, early_stopping_rounds=None,
              enable_categorical=False, eval_metric=None, feature_types=None,
              feature_weights=None, gamma=None, grow_policy=None,
              importance_type=None, interaction_constraints=None,
              learning_rate=None, max_bin=None, max_cat_threshold=None,
              max_cat_to_onehot=None, max_delta_step=None, max_depth=None,
              max_leaves=None, min_child_weight=None, missing=nan,
              monotone_constraints=None, multi_strategy=None, n_estimators=None,
              n_jobs=None, num_parallel_tree=None, ...)",5,0.1,7,100,True,"{'final_estimator': XGBClassifier(base_score=None, booster=None, callbacks=None,
              colsample_bylevel=None, colsample_bynode=None,
              colsample_bytree=None, device=None, early_stopping_rounds=None,
              enable_categorical=False, eval_metric=None, feature_types=None,
              feature_weights=None, gamma=None, grow_policy=None,
              importance_type=None, interaction_constraints=None,
              learning_rate=None, max_bin=None, max_cat_threshold=None,
              max_cat_to_onehot=None, max_delta_step=None, max_depth=None,
              max_leaves=None, min_child_weight=None, missing=nan,
              monotone_constraints=None, multi_strategy=None, n_estimators=None,
              n_jobs=None, num_parallel_tree=None, ...), 'final_estimator__gamma': 5, 'final_estimator__learning_rate': 0.1, 'final_estimator__max_depth': 7, 'final_estimator__n_estimators': 100, 'passthrough': True}",0.8090999010880316,0.8180019782393669,0.8249258160237388,0.8148514851485148,0.801980198019802,0.8137718757038908,0.007801803869477414,14,0.8491008600469117,0.8548895899053628,0.8607395751376868,0.8526398739164697,0.8468606431852986,0.8528461084383459,0.004824476044642286,19
88.94294710159302,2.7085650610743786,1.1676129817962646,0.17820987547296596,"XGBClassifier(base_score=None, booster=None, callbacks=None,
              colsample_bylevel=None, colsample_bynode=None,
              colsample_bytree=None, device=None, early_stopping_rounds=None,
              enable_categorical=False, eval_metric=None, feature_types=None,
              feature_weights=None, gamma=None, grow_policy=None,
              importance_type=None, interaction_constraints=None,
              learning_rate=None, max_bin=None, max_cat_threshold=None,
              max_cat_to_onehot=None, max_delta_step=None, max_depth=None,
              max_leaves=None, min_child_weight=None, missing=nan,
              monotone_constraints=None, multi_strategy=None, n_estimators=None,
              n_jobs=None, num_parallel_tree=None, ...)",5,0.1,7,100,False,"{'final_estimator': XGBClassifier(base_score=None, booster=None, callbacks=None,
              colsample_bylevel=None, colsample_bynode=None,
              colsample_bytree=None, device=None, early_stopping_rounds=None,
              enable_categorical=False, eval_metric=None, feature_types=None,
              feature_weights=None, gamma=None, grow_policy=None,
              importance_type=None, interaction_constraints=None,
              learning_rate=None, max_bin=None, max_cat_threshold=None,
              max_cat_to_onehot=None, max_delta_step=None, max_depth=None,
              max_leaves=None, min_child_weight=None, missing=nan,
              monotone_constraints=None, multi_strategy=None, n_estimators=None,
              n_jobs=None, num_parallel_tree=None, ...), 'final_estimator__gamma': 5, 'final_estimator__learning_rate': 0.1, 'final_estimator__max_depth': 7, 'final_estimator__n_estimators': 100, 'passthrough': False}",0.8199802176063303,0.8269040553907022,0.8001978239366964,0.8128712871287128,0.802970297029703,0.812584736218429,0.010056750913982703,21,0.8573667711598746,0.8644461657629744,0.8426791277258567,0.8524590163934426,0.8488990129081245,0.8531700187900546,0.007396891671246967,17
82.93925547599792,7.497993726772247,0.8135999202728271,0.04703155285686298,"XGBClassifier(base_score=None, booster=None, callbacks=None,
              colsample_bylevel=None, colsample_bynode=None,
              colsample_bytree=None, device=None, early_stopping_rounds=None,
              enable_categorical=False, eval_metric=None, feature_types=None,
              feature_weights=None, gamma=None, grow_policy=None,
              importance_type=None, interaction_constraints=None,
              learning_rate=None, max_bin=None, max_cat_threshold=None,
              max_cat_to_onehot=None, max_delta_step=None, max_depth=None,
              max_leaves=None, min_child_weight=None, missing=nan,
              monotone_constraints=None, multi_strategy=None, n_estimators=None,
              n_jobs=None, num_parallel_tree=None, ...)",5,0.1,7,300,True,"{'final_estimator': XGBClassifier(base_score=None, booster=None, callbacks=None,
              colsample_bylevel=None, colsample_bynode=None,
              colsample_bytree=None, device=None, early_stopping_rounds=None,
              enable_categorical=False, eval_metric=None, feature_types=None,
              feature_weights=None, gamma=None, grow_policy=None,
              importance_type=None, interaction_constraints=None,
              learning_rate=None, max_bin=None, max_cat_threshold=None,
              max_cat_to_onehot=None, max_delta_step=None, max_depth=None,
              max_leaves=None, min_child_weight=None, missing=nan,
              monotone_constraints=None, multi_strategy=None, n_estimators=None,
              n_jobs=None, num_parallel_tree=None, ...), 'final_estimator__gamma': 5, 'final_estimator__learning_rate': 0.1, 'final_estimator__max_depth': 7, 'final_estimator__n_estimators': 300, 'passthrough': True}",0.8100890207715133,0.8140454995054401,0.8189910979228486,0.804950495049505,0.8148514851485148,0.8125855196795644,0.004750235386352762,20,0.8504672897196262,0.8526645768025078,0.857365549493375,0.8454901960784313,0.8564850345356869,0.8524945293259254,0.004309298553324546,24
70.22797541618347,3.53712755038667,0.6990520000457764,0.03926732353927868,"XGBClassifier(base_score=None, booster=None, callbacks=None,
              colsample_bylevel=None, colsample_bynode=None,
              colsample_bytree=None, device=None, early_stopping_rounds=None,
              enable_categorical=False, eval_metric=None, feature_types=None,
              feature_weights=None, gamma=None, grow_policy=None,
              importance_type=None, interaction_constraints=None,
              learning_rate=None, max_bin=None, max_cat_threshold=None,
              max_cat_to_onehot=None, max_delta_step=None, max_depth=None,
              max_leaves=None, min_child_weight=None, missing=nan,
              monotone_constraints=None, multi_strategy=None, n_estimators=None,
              n_jobs=None, num_parallel_tree=None, ...)",5,0.1,7,300,False,"{'final_estimator': XGBClassifier(base_score=None, booster=None, callbacks=None,
              colsample_bylevel=None, colsample_bynode=None,
              colsample_bytree=None, device=None, early_stopping_rounds=None,
              enable_categorical=False, eval_metric=None, feature_types=None,
              feature_weights=None, gamma=None, grow_policy=None,
              importance_type=None, interaction_constraints=None,
              learning_rate=None, max_bin=None, max_cat_threshold=None,
              max_cat_to_onehot=None, max_delta_step=None, max_depth=None,
              max_leaves=None, min_child_weight=None, missing=nan,
              monotone_constraints=None, multi_strategy=None, n_estimators=None,
              n_jobs=None, num_parallel_tree=None, ...), 'final_estimator__gamma': 5, 'final_estimator__learning_rate': 0.1, 'final_estimator__max_depth': 7, 'final_estimator__n_estimators': 300, 'passthrough': False}",0.8180019782393669,0.8298714144411474,0.8051434223541049,0.8138613861386138,0.807920792079208,0.8149597986504882,0.008703177687352973,3,0.8560250391236307,0.8666666666666667,0.8464536243180046,0.853125,0.8525835866261399,0.8549707833468885,0.006626503816390086,4
