mean_fit_time,std_fit_time,mean_score_time,std_score_time,param_final_estimator,param_final_estimator__metric,param_final_estimator__n_neighbors,param_final_estimator__weights,param_passthrough,params,,,mean_test_accuracy,std_test_accuracy,rank_test_accuracy,mean_test_f1,std_test_f1,rank_test_f1
91.9891624,1.336062583,1.06725955,0.035076825,RandomForestClassifier(),FALSE,30,1,2,300,TRUE,"{'final_estimator': RandomForestClassifier(), 'final_estimator__bootstrap': False, 'final_estimator__max_depth': 30, 'final_estimator__min_samples_leaf': 1, 'final_estimator__min_samples_split': 2, 'final_estimator__n_estimators': 300, 'passthrough': True}",0.816146351,0.006989941,1,0.856460172,0.005842666,1
92.45401549,11.08450769,1.003453112,0.023570819,XGBClassifier(),5,0.01,7,300,FALSE,"gamma': 5, 'learning rate': 0.01, 'max depth': 7, 'n estimators': 300, 'passthrough': False}",,0.815949506,0.006718992,3,0.855720216,0.005090424,2
90.96821928,1.494795023,1.072588921,0.017096935,RandomForestClassifier(),FALSE,,1,2,300,TRUE,"{'final_estimator': RandomForestClassifier(), 'final_estimator__bootstrap': False, 'final_estimator__max_depth': None, 'final_estimator__min_samples_leaf': 1, 'final_estimator__min_samples_split': 2, 'final_estimator__n_estimators': 300, 'passthrough': True}",0.814960386,0.006194226,4,0.855690631,0.005774576,3
90.18058896,5.21239937,1.061448097,0.097394442,"XGBClassifier(base_score=None, booster=None, callbacks=None,
              colsample_bylevel=None, colsample_bynode=None,
              colsample_bytree=None, device=None, early_stopping_rounds=None,
              enable_categorical=False, eval_metric=None, feature_types=None,
              feature_weights=None, gamma=None, grow_policy=None,
              importance_type=None, interaction_constraints=None,
              learning_rate=None, max_bin=None, max_cat_threshold=None,
              max_cat_to_onehot=None, max_delta_step=None, max_depth=None,
              max_leaves=None, min_child_weight=None, missing=nan,
              monotone_constraints=None, multi_strategy=None, n_estimators=None,
              n_jobs=None, num_parallel_tree=None, ...)",5,0.05,7,300,TRUE,"{'final_estimator': XGBClassifier(base_score=None, booster=None, callbacks=None,
              colsample_bylevel=None, colsample_bynode=None,
              colsample_bytree=None, device=None, early_stopping_rounds=None,
              enable_categorical=False, eval_metric=None, feature_types=None,
              feature_weights=None, gamma=None, grow_policy=None,
              importance_type=None, interaction_constraints=None,
              learning_rate=None, max_bin=None, max_cat_threshold=None,
              max_cat_to_onehot=None, max_delta_step=None, max_depth=None,
              max_leaves=None, min_child_weight=None, missing=nan,
              monotone_constraints=None, multi_strategy=None, n_estimators=None,
              n_jobs=None, num_parallel_tree=None, ...), 'final_estimator__gamma': 5, 'final_estimator__learning_rate': 0.05, 'final_estimator__max_depth': 7, 'final_estimator__n_estimators': 300, 'passthrough': True}",,0.816147134,0.004554396,2,0.855539057,0.00342344,4
92.52248907,2.763613969,0.971997499,0.031533165,"XGBClassifier(base_score=None, booster=None, callbacks=None,
              colsample_bylevel=None, colsample_bynode=None,
              colsample_bytree=None, device=None, early_stopping_rounds=None,
              enable_categorical=False, eval_metric=None, feature_types=None,
              feature_weights=None, gamma=None, grow_policy=None,
              importance_type=None, interaction_constraints=None,
              learning_rate=None, max_bin=None, max_cat_threshold=None,
              max_cat_to_onehot=None, max_delta_step=None, max_depth=None,
              max_leaves=None, min_child_weight=None, missing=nan,
              monotone_constraints=None, multi_strategy=None, n_estimators=None,
              n_jobs=None, num_parallel_tree=None, ...)",5,0.1,5,100,FALSE,"{'final_estimator': XGBClassifier(base_score=None, booster=None, callbacks=None,
              colsample_bylevel=None, colsample_bynode=None,
              colsample_bytree=None, device=None, early_stopping_rounds=None,
              enable_categorical=False, eval_metric=None, feature_types=None,
              feature_weights=None, gamma=None, grow_policy=None,
              importance_type=None, interaction_constraints=None,
              learning_rate=None, max_bin=None, max_cat_threshold=None,
              max_cat_to_onehot=None, max_delta_step=None, max_depth=None,
              max_leaves=None, min_child_weight=None, missing=nan,
              monotone_constraints=None, multi_strategy=None, n_estimators=None,
              n_jobs=None, num_parallel_tree=None, ...), 'final_estimator__gamma': 5, 'final_estimator__learning_rate': 0.1, 'final_estimator__max_depth': 5, 'final_estimator__n_estimators': 100, 'passthrough': False}",,0.814959211,0.007717721,6,0.855176055,0.004918191,5
70.22797542,3.53712755,0.699052,0.039267324,"XGBClassifier(base_score=None, booster=None, callbacks=None,
              colsample_bylevel=None, colsample_bynode=None,
              colsample_bytree=None, device=None, early_stopping_rounds=None,
              enable_categorical=False, eval_metric=None, feature_types=None,
              feature_weights=None, gamma=None, grow_policy=None,
              importance_type=None, interaction_constraints=None,
              learning_rate=None, max_bin=None, max_cat_threshold=None,
              max_cat_to_onehot=None, max_delta_step=None, max_depth=None,
              max_leaves=None, min_child_weight=None, missing=nan,
              monotone_constraints=None, multi_strategy=None, n_estimators=None,
              n_jobs=None, num_parallel_tree=None, ...)",5,0.1,7,300,FALSE,"{'final_estimator': XGBClassifier(base_score=None, booster=None, callbacks=None,
              colsample_bylevel=None, colsample_bynode=None,
              colsample_bytree=None, device=None, early_stopping_rounds=None,
              enable_categorical=False, eval_metric=None, feature_types=None,
              feature_weights=None, gamma=None, grow_policy=None,
              importance_type=None, interaction_constraints=None,
              learning_rate=None, max_bin=None, max_cat_threshold=None,
              max_cat_to_onehot=None, max_delta_step=None, max_depth=None,
              max_leaves=None, min_child_weight=None, missing=nan,
              monotone_constraints=None, multi_strategy=None, n_estimators=None,
              n_jobs=None, num_parallel_tree=None, ...), 'final_estimator__gamma': 5, 'final_estimator__learning_rate': 0.1, 'final_estimator__max_depth': 7, 'final_estimator__n_estimators': 300, 'passthrough': False}",,0.814959799,0.008703178,5,0.854970783,0.006626504,6
93.71660519,8.101768,1.020603132,0.056259234,"XGBClassifier(base_score=None, booster=None, callbacks=None,
              colsample_bylevel=None, colsample_bynode=None,
              colsample_bytree=None, device=None, early_stopping_rounds=None,
              enable_categorical=False, eval_metric=None, feature_types=None,
              feature_weights=None, gamma=None, grow_policy=None,
              importance_type=None, interaction_constraints=None,
              learning_rate=None, max_bin=None, max_cat_threshold=None,
              max_cat_to_onehot=None, max_delta_step=None, max_depth=None,
              max_leaves=None, min_child_weight=None, missing=nan,
              monotone_constraints=None, multi_strategy=None, n_estimators=None,
              n_jobs=None, num_parallel_tree=None, ...)",5,0.05,7,100,FALSE,"{'final_estimator': XGBClassifier(base_score=None, booster=None, callbacks=None,
              colsample_bylevel=None, colsample_bynode=None,
              colsample_bytree=None, device=None, early_stopping_rounds=None,
              enable_categorical=False, eval_metric=None, feature_types=None,
              feature_weights=None, gamma=None, grow_policy=None,
              importance_type=None, interaction_constraints=None,
              learning_rate=None, max_bin=None, max_cat_threshold=None,
              max_cat_to_onehot=None, max_delta_step=None, max_depth=None,
              max_leaves=None, min_child_weight=None, missing=nan,
              monotone_constraints=None, multi_strategy=None, n_estimators=None,
              n_jobs=None, num_parallel_tree=None, ...), 'final_estimator__gamma': 5, 'final_estimator__learning_rate': 0.05, 'final_estimator__max_depth': 7, 'final_estimator__n_estimators': 100, 'passthrough': False}",,0.814761583,0.008234196,7,0.854797554,0.006095006,7
96.7597899,4.546576672,1.03089757,0.045783334,"XGBClassifier(base_score=None, booster=None, callbacks=None,
              colsample_bylevel=None, colsample_bynode=None,
              colsample_bytree=None, device=None, early_stopping_rounds=None,
              enable_categorical=False, eval_metric=None, feature_types=None,
              feature_weights=None, gamma=None, grow_policy=None,
              importance_type=None, interaction_constraints=None,
              learning_rate=None, max_bin=None, max_cat_threshold=None,
              max_cat_to_onehot=None, max_delta_step=None, max_depth=None,
              max_leaves=None, min_child_weight=None, missing=nan,
              monotone_constraints=None, multi_strategy=None, n_estimators=None,
              n_jobs=None, num_parallel_tree=None, ...)",0,0.01,5,300,TRUE,"{'final_estimator': XGBClassifier(base_score=None, booster=None, callbacks=None,
              colsample_bylevel=None, colsample_bynode=None,
              colsample_bytree=None, device=None, early_stopping_rounds=None,
              enable_categorical=False, eval_metric=None, feature_types=None,
              feature_weights=None, gamma=None, grow_policy=None,
              importance_type=None, interaction_constraints=None,
              learning_rate=None, max_bin=None, max_cat_threshold=None,
              max_cat_to_onehot=None, max_delta_step=None, max_depth=None,
              max_leaves=None, min_child_weight=None, missing=nan,
              monotone_constraints=None, multi_strategy=None, n_estimators=None,
              n_jobs=None, num_parallel_tree=None, ...), 'final_estimator__gamma': 0, 'final_estimator__learning_rate': 0.01, 'final_estimator__max_depth': 5, 'final_estimator__n_estimators': 300, 'passthrough': True}",,0.814365348,0.005304013,9,0.854676861,0.00313447,8
89.49188213,0.923346951,1.086290407,0.026882841,RandomForestClassifier(),TRUE,30,4,10,300,TRUE,"{'final_estimator': RandomForestClassifier(), 'final_estimator__bootstrap': True, 'final_estimator__max_depth': 30, 'final_estimator__min_samples_leaf': 4, 'final_estimator__min_samples_split': 10, 'final_estimator__n_estimators': 300, 'passthrough': True}",0.811791874,0.009641814,31,0.854630083,0.007748696,9
97.52921395,11.51966754,1.136754036,0.09047873,"XGBClassifier(base_score=None, booster=None, callbacks=None,
              colsample_bylevel=None, colsample_bynode=None,
              colsample_bytree=None, device=None, early_stopping_rounds=None,
              enable_categorical=False, eval_metric=None, feature_types=None,
              feature_weights=None, gamma=None, grow_policy=None,
              importance_type=None, interaction_constraints=None,
              learning_rate=None, max_bin=None, max_cat_threshold=None,
              max_cat_to_onehot=None, max_delta_step=None, max_depth=None,
              max_leaves=None, min_child_weight=None, missing=nan,
              monotone_constraints=None, multi_strategy=None, n_estimators=None,
              n_jobs=None, num_parallel_tree=None, ...)",5,0.05,5,300,FALSE,"{'final_estimator': XGBClassifier(base_score=None, booster=None, callbacks=None,
              colsample_bylevel=None, colsample_bynode=None,
              colsample_bytree=None, device=None, early_stopping_rounds=None,
              enable_categorical=False, eval_metric=None, feature_types=None,
              feature_weights=None, gamma=None, grow_policy=None,
              importance_type=None, interaction_constraints=None,
              learning_rate=None, max_bin=None, max_cat_threshold=None,
              max_cat_to_onehot=None, max_delta_step=None, max_depth=None,
              max_leaves=None, min_child_weight=None, missing=nan,
              monotone_constraints=None, multi_strategy=None, n_estimators=None,
              n_jobs=None, num_parallel_tree=None, ...), 'final_estimator__gamma': 5, 'final_estimator__learning_rate': 0.05, 'final_estimator__max_depth': 5, 'final_estimator__n_estimators': 300, 'passthrough': False}",,0.814562976,0.007842405,8,0.854468865,0.006091338,10
89.96191554,0.49879587,1.087953663,0.03069112,RandomForestClassifier(),TRUE,30,4,2,300,TRUE,"{'final_estimator': RandomForestClassifier(), 'final_estimator__bootstrap': True, 'final_estimator__max_depth': 30, 'final_estimator__min_samples_leaf': 4, 'final_estimator__min_samples_split': 2, 'final_estimator__n_estimators': 300, 'passthrough': True}",0.811991069,0.008412499,29,0.854457014,0.006757449,11
90.34431181,4.005800776,1.086959791,0.056050165,"XGBClassifier(base_score=None, booster=None, callbacks=None,
              colsample_bylevel=None, colsample_bynode=None,
              colsample_bytree=None, device=None, early_stopping_rounds=None,
              enable_categorical=False, eval_metric=None, feature_types=None,
              feature_weights=None, gamma=None, grow_policy=None,
              importance_type=None, interaction_constraints=None,
              learning_rate=None, max_bin=None, max_cat_threshold=None,
              max_cat_to_onehot=None, max_delta_step=None, max_depth=None,
              max_leaves=None, min_child_weight=None, missing=nan,
              monotone_constraints=None, multi_strategy=None, n_estimators=None,
              n_jobs=None, num_parallel_tree=None, ...)",5,0.01,5,300,FALSE,"{'final_estimator': XGBClassifier(base_score=None, booster=None, callbacks=None,
              colsample_bylevel=None, colsample_bynode=None,
              colsample_bytree=None, device=None, early_stopping_rounds=None,
              enable_categorical=False, eval_metric=None, feature_types=None,
              feature_weights=None, gamma=None, grow_policy=None,
              importance_type=None, interaction_constraints=None,
              learning_rate=None, max_bin=None, max_cat_threshold=None,
              max_cat_to_onehot=None, max_delta_step=None, max_depth=None,
              max_leaves=None, min_child_weight=None, missing=nan,
              monotone_constraints=None, multi_strategy=None, n_estimators=None,
              n_jobs=None, num_parallel_tree=None, ...), 'final_estimator__gamma': 5, 'final_estimator__learning_rate': 0.01, 'final_estimator__max_depth': 5, 'final_estimator__n_estimators': 300, 'passthrough': False}",,0.813969896,0.007763276,14,0.854183666,0.005538657,12
93.06659575,4.480757585,1.160929632,0.203399111,"XGBClassifier(base_score=None, booster=None, callbacks=None,
              colsample_bylevel=None, colsample_bynode=None,
              colsample_bytree=None, device=None, early_stopping_rounds=None,
              enable_categorical=False, eval_metric=None, feature_types=None,
              feature_weights=None, gamma=None, grow_policy=None,
              importance_type=None, interaction_constraints=None,
              learning_rate=None, max_bin=None, max_cat_threshold=None,
              max_cat_to_onehot=None, max_delta_step=None, max_depth=None,
              max_leaves=None, min_child_weight=None, missing=nan,
              monotone_constraints=None, multi_strategy=None, n_estimators=None,
              n_jobs=None, num_parallel_tree=None, ...)",5,0.05,7,300,FALSE,"{'final_estimator': XGBClassifier(base_score=None, booster=None, callbacks=None,
              colsample_bylevel=None, colsample_bynode=None,
              colsample_bytree=None, device=None, early_stopping_rounds=None,
              enable_categorical=False, eval_metric=None, feature_types=None,
              feature_weights=None, gamma=None, grow_policy=None,
              importance_type=None, interaction_constraints=None,
              learning_rate=None, max_bin=None, max_cat_threshold=None,
              max_cat_to_onehot=None, max_delta_step=None, max_depth=None,
              max_leaves=None, min_child_weight=None, missing=nan,
              monotone_constraints=None, multi_strategy=None, n_estimators=None,
              n_jobs=None, num_parallel_tree=None, ...), 'final_estimator__gamma': 5, 'final_estimator__learning_rate': 0.05, 'final_estimator__max_depth': 7, 'final_estimator__n_estimators': 300, 'passthrough': False}",,0.8139697,0.009261236,15,0.854139937,0.006720799,13
91.72947426,4.536250322,1.180057049,0.186932348,"XGBClassifier(base_score=None, booster=None, callbacks=None,
              colsample_bylevel=None, colsample_bynode=None,
              colsample_bytree=None, device=None, early_stopping_rounds=None,
              enable_categorical=False, eval_metric=None, feature_types=None,
              feature_weights=None, gamma=None, grow_policy=None,
              importance_type=None, interaction_constraints=None,
              learning_rate=None, max_bin=None, max_cat_threshold=None,
              max_cat_to_onehot=None, max_delta_step=None, max_depth=None,
              max_leaves=None, min_child_weight=None, missing=nan,
              monotone_constraints=None, multi_strategy=None, n_estimators=None,
              n_jobs=None, num_parallel_tree=None, ...)",5,0.01,5,100,FALSE,"{'final_estimator': XGBClassifier(base_score=None, booster=None, callbacks=None,
              colsample_bylevel=None, colsample_bynode=None,
              colsample_bytree=None, device=None, early_stopping_rounds=None,
              enable_categorical=False, eval_metric=None, feature_types=None,
              feature_weights=None, gamma=None, grow_policy=None,
              importance_type=None, interaction_constraints=None,
              learning_rate=None, max_bin=None, max_cat_threshold=None,
              max_cat_to_onehot=None, max_delta_step=None, max_depth=None,
              max_leaves=None, min_child_weight=None, missing=nan,
              monotone_constraints=None, multi_strategy=None, n_estimators=None,
              n_jobs=None, num_parallel_tree=None, ...), 'final_estimator__gamma': 5, 'final_estimator__learning_rate': 0.01, 'final_estimator__max_depth': 5, 'final_estimator__n_estimators': 100, 'passthrough': False}",,0.807242511,0.008467133,85,0.854002787,0.006532735,14
92.96062188,1.59197219,1.06962204,0.052384139,RandomForestClassifier(),FALSE,30,1,10,300,TRUE,"{'final_estimator': RandomForestClassifier(), 'final_estimator__bootstrap': False, 'final_estimator__max_depth': 30, 'final_estimator__min_samples_leaf': 1, 'final_estimator__min_samples_split': 10, 'final_estimator__n_estimators': 300, 'passthrough': True}",0.811793049,0.006328058,30,0.853951384,0.005608302,15
91.89265738,4.128724762,1.095103645,0.073147443,"XGBClassifier(base_score=None, booster=None, callbacks=None,
              colsample_bylevel=None, colsample_bynode=None,
              colsample_bytree=None, device=None, early_stopping_rounds=None,
              enable_categorical=False, eval_metric=None, feature_types=None,
              feature_weights=None, gamma=None, grow_policy=None,
              importance_type=None, interaction_constraints=None,
              learning_rate=None, max_bin=None, max_cat_threshold=None,
              max_cat_to_onehot=None, max_delta_step=None, max_depth=None,
              max_leaves=None, min_child_weight=None, missing=nan,
              monotone_constraints=None, multi_strategy=None, n_estimators=None,
              n_jobs=None, num_parallel_tree=None, ...)",5,0.05,5,100,FALSE,"{'final_estimator': XGBClassifier(base_score=None, booster=None, callbacks=None,
              colsample_bylevel=None, colsample_bynode=None,
              colsample_bytree=None, device=None, early_stopping_rounds=None,
              enable_categorical=False, eval_metric=None, feature_types=None,
              feature_weights=None, gamma=None, grow_policy=None,
              importance_type=None, interaction_constraints=None,
              learning_rate=None, max_bin=None, max_cat_threshold=None,
              max_cat_to_onehot=None, max_delta_step=None, max_depth=None,
              max_leaves=None, min_child_weight=None, missing=nan,
              monotone_constraints=None, multi_strategy=None, n_estimators=None,
              n_jobs=None, num_parallel_tree=None, ...), 'final_estimator__gamma': 5, 'final_estimator__learning_rate': 0.05, 'final_estimator__max_depth': 5, 'final_estimator__n_estimators': 100, 'passthrough': False}",,0.813574443,0.007868543,17,0.853776684,0.005720103,16
86.61306849,3.968986959,1.006589985,0.066686411,"XGBClassifier(base_score=None, booster=None, callbacks=None,
              colsample_bylevel=None, colsample_bynode=None,
              colsample_bytree=None, device=None, early_stopping_rounds=None,
              enable_categorical=False, eval_metric=None, feature_types=None,
              feature_weights=None, gamma=None, grow_policy=None,
              importance_type=None, interaction_constraints=None,
              learning_rate=None, max_bin=None, max_cat_threshold=None,
              max_cat_to_onehot=None, max_delta_step=None, max_depth=None,
              max_leaves=None, min_child_weight=None, missing=nan,
              monotone_constraints=None, multi_strategy=None, n_estimators=None,
              n_jobs=None, num_parallel_tree=None, ...)",5,0.01,5,100,TRUE,"{'final_estimator': XGBClassifier(base_score=None, booster=None, callbacks=None,
              colsample_bylevel=None, colsample_bynode=None,
              colsample_bytree=None, device=None, early_stopping_rounds=None,
              enable_categorical=False, eval_metric=None, feature_types=None,
              feature_weights=None, gamma=None, grow_policy=None,
              importance_type=None, interaction_constraints=None,
              learning_rate=None, max_bin=None, max_cat_threshold=None,
              max_cat_to_onehot=None, max_delta_step=None, max_depth=None,
              max_leaves=None, min_child_weight=None, missing=nan,
              monotone_constraints=None, multi_strategy=None, n_estimators=None,
              n_jobs=None, num_parallel_tree=None, ...), 'final_estimator__gamma': 5, 'final_estimator__learning_rate': 0.01, 'final_estimator__max_depth': 5, 'final_estimator__n_estimators': 100, 'passthrough': True}",,0.807438376,0.007386471,84,0.853755172,0.005300461,17
96.67010784,4.390953909,1.005070639,0.055222202,"XGBClassifier(base_score=None, booster=None, callbacks=None,
              colsample_bylevel=None, colsample_bynode=None,
              colsample_bytree=None, device=None, early_stopping_rounds=None,
              enable_categorical=False, eval_metric=None, feature_types=None,
              feature_weights=None, gamma=None, grow_policy=None,
              importance_type=None, interaction_constraints=None,
              learning_rate=None, max_bin=None, max_cat_threshold=None,
              max_cat_to_onehot=None, max_delta_step=None, max_depth=None,
              max_leaves=None, min_child_weight=None, missing=nan,
              monotone_constraints=None, multi_strategy=None, n_estimators=None,
              n_jobs=None, num_parallel_tree=None, ...)",0,0.01,5,100,TRUE,"{'final_estimator': XGBClassifier(base_score=None, booster=None, callbacks=None,
              colsample_bylevel=None, colsample_bynode=None,
              colsample_bytree=None, device=None, early_stopping_rounds=None,
              enable_categorical=False, eval_metric=None, feature_types=None,
              feature_weights=None, gamma=None, grow_policy=None,
              importance_type=None, interaction_constraints=None,
              learning_rate=None, max_bin=None, max_cat_threshold=None,
              max_cat_to_onehot=None, max_delta_step=None, max_depth=None,
              max_leaves=None, min_child_weight=None, missing=nan,
              monotone_constraints=None, multi_strategy=None, n_estimators=None,
              n_jobs=None, num_parallel_tree=None, ...), 'final_estimator__gamma': 0, 'final_estimator__learning_rate': 0.01, 'final_estimator__max_depth': 5, 'final_estimator__n_estimators': 100, 'passthrough': True}",,0.807043316,0.005419555,88,0.853724758,0.003392806,18
87.5366045,1.037270269,1.036969137,0.036647305,RandomForestClassifier(),TRUE,10,1,10,100,TRUE,"{'final_estimator': RandomForestClassifier(), 'final_estimator__bootstrap': True, 'final_estimator__max_depth': 10, 'final_estimator__min_samples_leaf': 1, 'final_estimator__min_samples_split': 10, 'final_estimator__n_estimators': 100, 'passthrough': True}",0.808825102,0.007499256,64,0.853679016,0.005646007,19
90.16204963,4.064005358,1.005967426,0.025194011,"XGBClassifier(base_score=None, booster=None, callbacks=None,
              colsample_bylevel=None, colsample_bynode=None,
              colsample_bytree=None, device=None, early_stopping_rounds=None,
              enable_categorical=False, eval_metric=None, feature_types=None,
              feature_weights=None, gamma=None, grow_policy=None,
              importance_type=None, interaction_constraints=None,
              learning_rate=None, max_bin=None, max_cat_threshold=None,
              max_cat_to_onehot=None, max_delta_step=None, max_depth=None,
              max_leaves=None, min_child_weight=None, missing=nan,
              monotone_constraints=None, multi_strategy=None, n_estimators=None,
              n_jobs=None, num_parallel_tree=None, ...)",5,0.01,5,300,TRUE,"{'final_estimator': XGBClassifier(base_score=None, booster=None, callbacks=None,
              colsample_bylevel=None, colsample_bynode=None,
              colsample_bytree=None, device=None, early_stopping_rounds=None,
              enable_categorical=False, eval_metric=None, feature_types=None,
              feature_weights=None, gamma=None, grow_policy=None,
              importance_type=None, interaction_constraints=None,
              learning_rate=None, max_bin=None, max_cat_threshold=None,
              max_cat_to_onehot=None, max_delta_step=None, max_depth=None,
              max_leaves=None, min_child_weight=None, missing=nan,
              monotone_constraints=None, multi_strategy=None, n_estimators=None,
              n_jobs=None, num_parallel_tree=None, ...), 'final_estimator__gamma': 5, 'final_estimator__learning_rate': 0.01, 'final_estimator__max_depth': 5, 'final_estimator__n_estimators': 300, 'passthrough': True}",,0.812980188,0.005276857,19,0.853605371,0.00371387,20
89.18763905,0.355430879,1.055086517,0.034479965,RandomForestClassifier(),FALSE,,1,10,300,TRUE,"{'final_estimator': RandomForestClassifier(), 'final_estimator__bootstrap': False, 'final_estimator__max_depth': None, 'final_estimator__min_samples_leaf': 1, 'final_estimator__min_samples_split': 10, 'final_estimator__n_estimators': 300, 'passthrough': True}",0.811199773,0.0046755,36,0.853577365,0.003940238,21
96.48832674,6.421480466,1.168715096,0.198437906,"XGBClassifier(base_score=None, booster=None, callbacks=None,
              colsample_bylevel=None, colsample_bynode=None,
              colsample_bytree=None, device=None, early_stopping_rounds=None,
              enable_categorical=False, eval_metric=None, feature_types=None,
              feature_weights=None, gamma=None, grow_policy=None,
              importance_type=None, interaction_constraints=None,
              learning_rate=None, max_bin=None, max_cat_threshold=None,
              max_cat_to_onehot=None, max_delta_step=None, max_depth=None,
              max_leaves=None, min_child_weight=None, missing=nan,
              monotone_constraints=None, multi_strategy=None, n_estimators=None,
              n_jobs=None, num_parallel_tree=None, ...)",5,0.05,5,100,TRUE,"{'final_estimator': XGBClassifier(base_score=None, booster=None, callbacks=None,
              colsample_bylevel=None, colsample_bynode=None,
              colsample_bytree=None, device=None, early_stopping_rounds=None,
              enable_categorical=False, eval_metric=None, feature_types=None,
              feature_weights=None, gamma=None, grow_policy=None,
              importance_type=None, interaction_constraints=None,
              learning_rate=None, max_bin=None, max_cat_threshold=None,
              max_cat_to_onehot=None, max_delta_step=None, max_depth=None,
              max_leaves=None, min_child_weight=None, missing=nan,
              monotone_constraints=None, multi_strategy=None, n_estimators=None,
              n_jobs=None, num_parallel_tree=None, ...), 'final_estimator__gamma': 5, 'final_estimator__learning_rate': 0.05, 'final_estimator__max_depth': 5, 'final_estimator__n_estimators': 100, 'passthrough': True}",,0.812781777,0.006503256,21,0.853478108,0.004502563,22
93.18333664,2.886814126,1.135415792,0.017583828,RandomForestClassifier(),FALSE,10,1,2,300,TRUE,"{'final_estimator': RandomForestClassifier(), 'final_estimator__bootstrap': False, 'final_estimator__max_depth': 10, 'final_estimator__min_samples_leaf': 1, 'final_estimator__min_samples_split': 2, 'final_estimator__n_estimators': 300, 'passthrough': True}",0.808033219,0.004493407,72,0.853329279,0.003720145,23
90.50076976,0.57226462,1.084387302,0.033103065,RandomForestClassifier(),TRUE,30,1,2,300,TRUE,"{'final_estimator': RandomForestClassifier(), 'final_estimator__bootstrap': True, 'final_estimator__max_depth': 30, 'final_estimator__min_samples_leaf': 1, 'final_estimator__min_samples_split': 2, 'final_estimator__n_estimators': 300, 'passthrough': True}",0.811594245,0.009052561,32,0.853295597,0.007231884,24
99.53142424,7.955405176,1.138835144,0.164882555,"XGBClassifier(base_score=None, booster=None, callbacks=None,
              colsample_bylevel=None, colsample_bynode=None,
              colsample_bytree=None, device=None, early_stopping_rounds=None,
              enable_categorical=False, eval_metric=None, feature_types=None,
              feature_weights=None, gamma=None, grow_policy=None,
              importance_type=None, interaction_constraints=None,
              learning_rate=None, max_bin=None, max_cat_threshold=None,
              max_cat_to_onehot=None, max_delta_step=None, max_depth=None,
              max_leaves=None, min_child_weight=None, missing=nan,
              monotone_constraints=None, multi_strategy=None, n_estimators=None,
              n_jobs=None, num_parallel_tree=None, ...)",5,0.1,5,100,TRUE,"{'final_estimator': XGBClassifier(base_score=None, booster=None, callbacks=None,
              colsample_bylevel=None, colsample_bynode=None,
              colsample_bytree=None, device=None, early_stopping_rounds=None,
              enable_categorical=False, eval_metric=None, feature_types=None,
              feature_weights=None, gamma=None, grow_policy=None,
              importance_type=None, interaction_constraints=None,
              learning_rate=None, max_bin=None, max_cat_threshold=None,
              max_cat_to_onehot=None, max_delta_step=None, max_depth=None,
              max_leaves=None, min_child_weight=None, missing=nan,
              monotone_constraints=None, multi_strategy=None, n_estimators=None,
              n_jobs=None, num_parallel_tree=None, ...), 'final_estimator__gamma': 5, 'final_estimator__learning_rate': 0.1, 'final_estimator__max_depth': 5, 'final_estimator__n_estimators': 100, 'passthrough': True}",,0.812980776,0.004491632,18,0.853288994,0.002810515,25
89.47484169,0.894139268,0.994256306,0.019133244,RandomForestClassifier(),TRUE,,4,2,100,TRUE,"{'final_estimator': RandomForestClassifier(), 'final_estimator__bootstrap': True, 'final_estimator__max_depth': None, 'final_estimator__min_samples_leaf': 4, 'final_estimator__min_samples_split': 2, 'final_estimator__n_estimators': 100, 'passthrough': True}",0.810604734,0.007996945,43,0.853285481,0.006158737,26
88.9429471,2.708565061,1.167612982,0.178209875,"XGBClassifier(base_score=None, booster=None, callbacks=None,
              colsample_bylevel=None, colsample_bynode=None,
              colsample_bytree=None, device=None, early_stopping_rounds=None,
              enable_categorical=False, eval_metric=None, feature_types=None,
              feature_weights=None, gamma=None, grow_policy=None,
              importance_type=None, interaction_constraints=None,
              learning_rate=None, max_bin=None, max_cat_threshold=None,
              max_cat_to_onehot=None, max_delta_step=None, max_depth=None,
              max_leaves=None, min_child_weight=None, missing=nan,
              monotone_constraints=None, multi_strategy=None, n_estimators=None,
              n_jobs=None, num_parallel_tree=None, ...)",5,0.1,7,100,FALSE,"{'final_estimator': XGBClassifier(base_score=None, booster=None, callbacks=None,
              colsample_bylevel=None, colsample_bynode=None,
              colsample_bytree=None, device=None, early_stopping_rounds=None,
              enable_categorical=False, eval_metric=None, feature_types=None,
              feature_weights=None, gamma=None, grow_policy=None,
              importance_type=None, interaction_constraints=None,
              learning_rate=None, max_bin=None, max_cat_threshold=None,
              max_cat_to_onehot=None, max_delta_step=None, max_depth=None,
              max_leaves=None, min_child_weight=None, missing=nan,
              monotone_constraints=None, multi_strategy=None, n_estimators=None,
              n_jobs=None, num_parallel_tree=None, ...), 'final_estimator__gamma': 5, 'final_estimator__learning_rate': 0.1, 'final_estimator__max_depth': 7, 'final_estimator__n_estimators': 100, 'passthrough': False}",,0.812584736,0.010056751,23,0.853170019,0.007396892,27
87.4335722,4.192457939,1.039679384,0.047276249,"XGBClassifier(base_score=None, booster=None, callbacks=None,
              colsample_bylevel=None, colsample_bynode=None,
              colsample_bytree=None, device=None, early_stopping_rounds=None,
              enable_categorical=False, eval_metric=None, feature_types=None,
              feature_weights=None, gamma=None, grow_policy=None,
              importance_type=None, interaction_constraints=None,
              learning_rate=None, max_bin=None, max_cat_threshold=None,
              max_cat_to_onehot=None, max_delta_step=None, max_depth=None,
              max_leaves=None, min_child_weight=None, missing=nan,
              monotone_constraints=None, multi_strategy=None, n_estimators=None,
              n_jobs=None, num_parallel_tree=None, ...)",5,0.01,7,100,TRUE,"{'final_estimator': XGBClassifier(base_score=None, booster=None, callbacks=None,
              colsample_bylevel=None, colsample_bynode=None,
              colsample_bytree=None, device=None, early_stopping_rounds=None,
              enable_categorical=False, eval_metric=None, feature_types=None,
              feature_weights=None, gamma=None, grow_policy=None,
              importance_type=None, interaction_constraints=None,
              learning_rate=None, max_bin=None, max_cat_threshold=None,
              max_cat_to_onehot=None, max_delta_step=None, max_depth=None,
              max_leaves=None, min_child_weight=None, missing=nan,
              monotone_constraints=None, multi_strategy=None, n_estimators=None,
              n_jobs=None, num_parallel_tree=None, ...), 'final_estimator__gamma': 5, 'final_estimator__learning_rate': 0.01, 'final_estimator__max_depth': 7, 'final_estimator__n_estimators': 100, 'passthrough': True}",,0.807835982,0.004305013,76,0.853169893,0.002688097,28
87.31545796,2.716885805,1.031734085,0.058122192,RandomForestClassifier(),TRUE,30,4,10,100,TRUE,"{'final_estimator': RandomForestClassifier(), 'final_estimator__bootstrap': True, 'final_estimator__max_depth': 30, 'final_estimator__min_samples_leaf': 4, 'final_estimator__min_samples_split': 10, 'final_estimator__n_estimators': 100, 'passthrough': True}",0.811002928,0.00402608,38,0.853119558,0.003818015,29
84.52161503,0.542614408,0.981721115,0.037890407,RandomForestClassifier(),FALSE,,1,10,100,TRUE,"{'final_estimator': RandomForestClassifier(), 'final_estimator__bootstrap': False, 'final_estimator__max_depth': None, 'final_estimator__min_samples_leaf': 1, 'final_estimator__min_samples_split': 10, 'final_estimator__n_estimators': 100, 'passthrough': True}",0.810605713,0.005398001,42,0.853048557,0.004570951,30
87.33065515,1.179318369,1.018658924,0.038370136,RandomForestClassifier(),TRUE,10,4,10,100,TRUE,"{'final_estimator': RandomForestClassifier(), 'final_estimator__bootstrap': True, 'final_estimator__max_depth': 10, 'final_estimator__min_samples_leaf': 4, 'final_estimator__min_samples_split': 10, 'final_estimator__n_estimators': 100, 'passthrough': True}",0.807637963,0.009230313,79,0.853008547,0.007549803,31
85.50512652,2.103832559,1.031574345,0.049331226,RandomForestClassifier(),FALSE,,4,10,100,TRUE,"{'final_estimator': RandomForestClassifier(), 'final_estimator__bootstrap': False, 'final_estimator__max_depth': None, 'final_estimator__min_samples_leaf': 4, 'final_estimator__min_samples_split': 10, 'final_estimator__n_estimators': 100, 'passthrough': True}",0.810803929,0.007320534,41,0.852994104,0.006059966,32
90.58338647,2.345089235,1.071182442,0.091132647,RandomForestClassifier(),TRUE,10,4,2,300,TRUE,"{'final_estimator': RandomForestClassifier(), 'final_estimator__bootstrap': True, 'final_estimator__max_depth': 10, 'final_estimator__min_samples_leaf': 4, 'final_estimator__min_samples_split': 2, 'final_estimator__n_estimators': 300, 'passthrough': True}",0.807636787,0.007128779,80,0.852855201,0.005403521,33
97.51615157,6.782459531,1.052271843,0.032146262,RandomForestClassifier(),TRUE,,1,2,300,TRUE,"{'final_estimator': RandomForestClassifier(), 'final_estimator__bootstrap': True, 'final_estimator__max_depth': None, 'final_estimator__min_samples_leaf': 1, 'final_estimator__min_samples_split': 2, 'final_estimator__n_estimators': 300, 'passthrough': True}",0.811003712,0.004496431,37,0.852848764,0.004213141,34
91.21001692,3.516217837,1.171268463,0.232009563,"XGBClassifier(base_score=None, booster=None, callbacks=None,
              colsample_bylevel=None, colsample_bynode=None,
              colsample_bytree=None, device=None, early_stopping_rounds=None,
              enable_categorical=False, eval_metric=None, feature_types=None,
              feature_weights=None, gamma=None, grow_policy=None,
              importance_type=None, interaction_constraints=None,
              learning_rate=None, max_bin=None, max_cat_threshold=None,
              max_cat_to_onehot=None, max_delta_step=None, max_depth=None,
              max_leaves=None, min_child_weight=None, missing=nan,
              monotone_constraints=None, multi_strategy=None, n_estimators=None,
              n_jobs=None, num_parallel_tree=None, ...)",5,0.1,7,100,TRUE,"{'final_estimator': XGBClassifier(base_score=None, booster=None, callbacks=None,
              colsample_bylevel=None, colsample_bynode=None,
              colsample_bytree=None, device=None, early_stopping_rounds=None,
              enable_categorical=False, eval_metric=None, feature_types=None,
              feature_weights=None, gamma=None, grow_policy=None,
              importance_type=None, interaction_constraints=None,
              learning_rate=None, max_bin=None, max_cat_threshold=None,
              max_cat_to_onehot=None, max_delta_step=None, max_depth=None,
              max_leaves=None, min_child_weight=None, missing=nan,
              monotone_constraints=None, multi_strategy=None, n_estimators=None,
              n_jobs=None, num_parallel_tree=None, ...), 'final_estimator__gamma': 5, 'final_estimator__learning_rate': 0.1, 'final_estimator__max_depth': 7, 'final_estimator__n_estimators': 100, 'passthrough': True}",,0.813771876,0.007801804,16,0.852846108,0.004824476,35
90.86607723,3.672293882,1.002188396,0.118005265,"XGBClassifier(base_score=None, booster=None, callbacks=None,
              colsample_bylevel=None, colsample_bynode=None,
              colsample_bytree=None, device=None, early_stopping_rounds=None,
              enable_categorical=False, eval_metric=None, feature_types=None,
              feature_weights=None, gamma=None, grow_policy=None,
              importance_type=None, interaction_constraints=None,
              learning_rate=None, max_bin=None, max_cat_threshold=None,
              max_cat_to_onehot=None, max_delta_step=None, max_depth=None,
              max_leaves=None, min_child_weight=None, missing=nan,
              monotone_constraints=None, multi_strategy=None, n_estimators=None,
              n_jobs=None, num_parallel_tree=None, ...)",0,0.05,7,100,TRUE,"{'final_estimator': XGBClassifier(base_score=None, booster=None, callbacks=None,
              colsample_bylevel=None, colsample_bynode=None,
              colsample_bytree=None, device=None, early_stopping_rounds=None,
              enable_categorical=False, eval_metric=None, feature_types=None,
              feature_weights=None, gamma=None, grow_policy=None,
              importance_type=None, interaction_constraints=None,
              learning_rate=None, max_bin=None, max_cat_threshold=None,
              max_cat_to_onehot=None, max_delta_step=None, max_depth=None,
              max_leaves=None, min_child_weight=None, missing=nan,
              monotone_constraints=None, multi_strategy=None, n_estimators=None,
              n_jobs=None, num_parallel_tree=None, ...), 'final_estimator__gamma': 0, 'final_estimator__learning_rate': 0.05, 'final_estimator__max_depth': 7, 'final_estimator__n_estimators': 100, 'passthrough': True}",,0.814365152,0.006443675,10,0.852778917,0.005323751,36
84.3420239,0.828028804,1.048551035,0.027107653,RandomForestClassifier(),FALSE,,1,2,100,TRUE,"{'final_estimator': RandomForestClassifier(), 'final_estimator__bootstrap': False, 'final_estimator__max_depth': None, 'final_estimator__min_samples_leaf': 1, 'final_estimator__min_samples_split': 2, 'final_estimator__n_estimators': 100, 'passthrough': True}",0.812187913,0.008808855,27,0.852749895,0.005726065,37
88.08753057,2.978623587,1.117738724,0.208272794,"XGBClassifier(base_score=None, booster=None, callbacks=None,
              colsample_bylevel=None, colsample_bynode=None,
              colsample_bytree=None, device=None, early_stopping_rounds=None,
              enable_categorical=False, eval_metric=None, feature_types=None,
              feature_weights=None, gamma=None, grow_policy=None,
              importance_type=None, interaction_constraints=None,
              learning_rate=None, max_bin=None, max_cat_threshold=None,
              max_cat_to_onehot=None, max_delta_step=None, max_depth=None,
              max_leaves=None, min_child_weight=None, missing=nan,
              monotone_constraints=None, multi_strategy=None, n_estimators=None,
              n_jobs=None, num_parallel_tree=None, ...)",5,0.1,5,300,FALSE,"{'final_estimator': XGBClassifier(base_score=None, booster=None, callbacks=None,
              colsample_bylevel=None, colsample_bynode=None,
              colsample_bytree=None, device=None, early_stopping_rounds=None,
              enable_categorical=False, eval_metric=None, feature_types=None,
              feature_weights=None, gamma=None, grow_policy=None,
              importance_type=None, interaction_constraints=None,
              learning_rate=None, max_bin=None, max_cat_threshold=None,
              max_cat_to_onehot=None, max_delta_step=None, max_depth=None,
              max_leaves=None, min_child_weight=None, missing=nan,
              monotone_constraints=None, multi_strategy=None, n_estimators=None,
              n_jobs=None, num_parallel_tree=None, ...), 'final_estimator__gamma': 5, 'final_estimator__learning_rate': 0.1, 'final_estimator__max_depth': 5, 'final_estimator__n_estimators': 300, 'passthrough': False}",,0.812189088,0.0069676,26,0.852706562,0.005213445,38
92.30844202,3.114381346,1.075239515,0.056316601,RandomForestClassifier(),FALSE,10,1,10,300,TRUE,"{'final_estimator': RandomForestClassifier(), 'final_estimator__bootstrap': False, 'final_estimator__max_depth': 10, 'final_estimator__min_samples_leaf': 1, 'final_estimator__min_samples_split': 10, 'final_estimator__n_estimators': 300, 'passthrough': True}",0.807241531,0.004337998,86,0.852678353,0.00363799,39
89.62980237,1.233011177,1.113968754,0.058897271,RandomForestClassifier(),TRUE,30,1,10,300,TRUE,"{'final_estimator': RandomForestClassifier(), 'final_estimator__bootstrap': True, 'final_estimator__max_depth': 30, 'final_estimator__min_samples_leaf': 1, 'final_estimator__min_samples_split': 10, 'final_estimator__n_estimators': 300, 'passthrough': True}",0.810210066,0.006413348,45,0.852638883,0.005494832,40
90.90174394,5.102910391,1.021709156,0.064993221,"XGBClassifier(base_score=None, booster=None, callbacks=None,
              colsample_bylevel=None, colsample_bynode=None,
              colsample_bytree=None, device=None, early_stopping_rounds=None,
              enable_categorical=False, eval_metric=None, feature_types=None,
              feature_weights=None, gamma=None, grow_policy=None,
              importance_type=None, interaction_constraints=None,
              learning_rate=None, max_bin=None, max_cat_threshold=None,
              max_cat_to_onehot=None, max_delta_step=None, max_depth=None,
              max_leaves=None, min_child_weight=None, missing=nan,
              monotone_constraints=None, multi_strategy=None, n_estimators=None,
              n_jobs=None, num_parallel_tree=None, ...)",5,0.01,7,100,FALSE,"{'final_estimator': XGBClassifier(base_score=None, booster=None, callbacks=None,
              colsample_bylevel=None, colsample_bynode=None,
              colsample_bytree=None, device=None, early_stopping_rounds=None,
              enable_categorical=False, eval_metric=None, feature_types=None,
              feature_weights=None, gamma=None, grow_policy=None,
              importance_type=None, interaction_constraints=None,
              learning_rate=None, max_bin=None, max_cat_threshold=None,
              max_cat_to_onehot=None, max_delta_step=None, max_depth=None,
              max_leaves=None, min_child_weight=None, missing=nan,
              monotone_constraints=None, multi_strategy=None, n_estimators=None,
              n_jobs=None, num_parallel_tree=None, ...), 'final_estimator__gamma': 5, 'final_estimator__learning_rate': 0.01, 'final_estimator__max_depth': 7, 'final_estimator__n_estimators': 100, 'passthrough': False}",,0.805857351,0.005663283,100,0.852625877,0.004293326,41
89.56257377,0.879231407,1.14764266,0.163153489,RandomForestClassifier(),FALSE,,4,10,300,TRUE,"{'final_estimator': RandomForestClassifier(), 'final_estimator__bootstrap': False, 'final_estimator__max_depth': None, 'final_estimator__min_samples_leaf': 4, 'final_estimator__min_samples_split': 10, 'final_estimator__n_estimators': 300, 'passthrough': True}",0.810013221,0.00230778,49,0.852613033,0.002300564,42
97.40258079,10.46228618,1.073239088,0.063180105,"XGBClassifier(base_score=None, booster=None, callbacks=None,
              colsample_bylevel=None, colsample_bynode=None,
              colsample_bytree=None, device=None, early_stopping_rounds=None,
              enable_categorical=False, eval_metric=None, feature_types=None,
              feature_weights=None, gamma=None, grow_policy=None,
              importance_type=None, interaction_constraints=None,
              learning_rate=None, max_bin=None, max_cat_threshold=None,
              max_cat_to_onehot=None, max_delta_step=None, max_depth=None,
              max_leaves=None, min_child_weight=None, missing=nan,
              monotone_constraints=None, multi_strategy=None, n_estimators=None,
              n_jobs=None, num_parallel_tree=None, ...)",0,0.05,5,100,TRUE,"{'final_estimator': XGBClassifier(base_score=None, booster=None, callbacks=None,
              colsample_bylevel=None, colsample_bynode=None,
              colsample_bytree=None, device=None, early_stopping_rounds=None,
              enable_categorical=False, eval_metric=None, feature_types=None,
              feature_weights=None, gamma=None, grow_policy=None,
              importance_type=None, interaction_constraints=None,
              learning_rate=None, max_bin=None, max_cat_threshold=None,
              max_cat_to_onehot=None, max_delta_step=None, max_depth=None,
              max_leaves=None, min_child_weight=None, missing=nan,
              monotone_constraints=None, multi_strategy=None, n_estimators=None,
              n_jobs=None, num_parallel_tree=None, ...), 'final_estimator__gamma': 0, 'final_estimator__learning_rate': 0.05, 'final_estimator__max_depth': 5, 'final_estimator__n_estimators': 100, 'passthrough': True}",,0.812386521,0.005479027,25,0.852581321,0.003343565,43
83.29438796,1.695891935,0.869906187,0.065386436,RandomForestClassifier(),FALSE,30,4,10,300,TRUE,"{'final_estimator': RandomForestClassifier(), 'final_estimator__bootstrap': False, 'final_estimator__max_depth': 30, 'final_estimator__min_samples_leaf': 4, 'final_estimator__min_samples_split': 10, 'final_estimator__n_estimators': 300, 'passthrough': True}",0.81001185,0.004639009,51,0.852532335,0.003364665,44
84.83837624,2.305395039,1.033864546,0.033817784,RandomForestClassifier(),FALSE,,4,2,100,TRUE,"{'final_estimator': RandomForestClassifier(), 'final_estimator__bootstrap': False, 'final_estimator__max_depth': None, 'final_estimator__min_samples_leaf': 4, 'final_estimator__min_samples_split': 2, 'final_estimator__n_estimators': 100, 'passthrough': True}",0.810207323,0.009423863,47,0.852503153,0.006708173,45
82.93925548,7.497993727,0.81359992,0.047031553,"XGBClassifier(base_score=None, booster=None, callbacks=None,
              colsample_bylevel=None, colsample_bynode=None,
              colsample_bytree=None, device=None, early_stopping_rounds=None,
              enable_categorical=False, eval_metric=None, feature_types=None,
              feature_weights=None, gamma=None, grow_policy=None,
              importance_type=None, interaction_constraints=None,
              learning_rate=None, max_bin=None, max_cat_threshold=None,
              max_cat_to_onehot=None, max_delta_step=None, max_depth=None,
              max_leaves=None, min_child_weight=None, missing=nan,
              monotone_constraints=None, multi_strategy=None, n_estimators=None,
              n_jobs=None, num_parallel_tree=None, ...)",5,0.1,7,300,TRUE,"{'final_estimator': XGBClassifier(base_score=None, booster=None, callbacks=None,
              colsample_bylevel=None, colsample_bynode=None,
              colsample_bytree=None, device=None, early_stopping_rounds=None,
              enable_categorical=False, eval_metric=None, feature_types=None,
              feature_weights=None, gamma=None, grow_policy=None,
              importance_type=None, interaction_constraints=None,
              learning_rate=None, max_bin=None, max_cat_threshold=None,
              max_cat_to_onehot=None, max_delta_step=None, max_depth=None,
              max_leaves=None, min_child_weight=None, missing=nan,
              monotone_constraints=None, multi_strategy=None, n_estimators=None,
              n_jobs=None, num_parallel_tree=None, ...), 'final_estimator__gamma': 5, 'final_estimator__learning_rate': 0.1, 'final_estimator__max_depth': 7, 'final_estimator__n_estimators': 300, 'passthrough': True}",,0.81258552,0.004750235,22,0.852494529,0.004309299,46
95.11938376,1.593158124,1.059817791,0.020529127,RandomForestClassifier(),TRUE,,1,10,300,TRUE,"{'final_estimator': RandomForestClassifier(), 'final_estimator__bootstrap': True, 'final_estimator__max_depth': None, 'final_estimator__min_samples_leaf': 1, 'final_estimator__min_samples_split': 10, 'final_estimator__n_estimators': 300, 'passthrough': True}",0.809814222,0.00584019,52,0.852486511,0.004551627,47
87.19315653,1.945174026,1.082814932,0.063612478,"XGBClassifier(base_score=None, booster=None, callbacks=None,
              colsample_bylevel=None, colsample_bynode=None,
              colsample_bytree=None, device=None, early_stopping_rounds=None,
              enable_categorical=False, eval_metric=None, feature_types=None,
              feature_weights=None, gamma=None, grow_policy=None,
              importance_type=None, interaction_constraints=None,
              learning_rate=None, max_bin=None, max_cat_threshold=None,
              max_cat_to_onehot=None, max_delta_step=None, max_depth=None,
              max_leaves=None, min_child_weight=None, missing=nan,
              monotone_constraints=None, multi_strategy=None, n_estimators=None,
              n_jobs=None, num_parallel_tree=None, ...)",5,0.1,5,300,TRUE,"{'final_estimator': XGBClassifier(base_score=None, booster=None, callbacks=None,
              colsample_bylevel=None, colsample_bynode=None,
              colsample_bytree=None, device=None, early_stopping_rounds=None,
              enable_categorical=False, eval_metric=None, feature_types=None,
              feature_weights=None, gamma=None, grow_policy=None,
              importance_type=None, interaction_constraints=None,
              learning_rate=None, max_bin=None, max_cat_threshold=None,
              max_cat_to_onehot=None, max_delta_step=None, max_depth=None,
              max_leaves=None, min_child_weight=None, missing=nan,
              monotone_constraints=None, multi_strategy=None, n_estimators=None,
              n_jobs=None, num_parallel_tree=None, ...), 'final_estimator__gamma': 5, 'final_estimator__learning_rate': 0.1, 'final_estimator__max_depth': 5, 'final_estimator__n_estimators': 300, 'passthrough': True}",,0.811594245,0.008333522,33,0.852369368,0.00601197,48
91.2007607,2.609100306,1.162622356,0.346317212,"XGBClassifier(base_score=None, booster=None, callbacks=None,
              colsample_bylevel=None, colsample_bynode=None,
              colsample_bytree=None, device=None, early_stopping_rounds=None,
              enable_categorical=False, eval_metric=None, feature_types=None,
              feature_weights=None, gamma=None, grow_policy=None,
              importance_type=None, interaction_constraints=None,
              learning_rate=None, max_bin=None, max_cat_threshold=None,
              max_cat_to_onehot=None, max_delta_step=None, max_depth=None,
              max_leaves=None, min_child_weight=None, missing=nan,
              monotone_constraints=None, multi_strategy=None, n_estimators=None,
              n_jobs=None, num_parallel_tree=None, ...)",0,0.01,5,300,FALSE,"{'final_estimator': XGBClassifier(base_score=None, booster=None, callbacks=None,
              colsample_bylevel=None, colsample_bynode=None,
              colsample_bytree=None, device=None, early_stopping_rounds=None,
              enable_categorical=False, eval_metric=None, feature_types=None,
              feature_weights=None, gamma=None, grow_policy=None,
              importance_type=None, interaction_constraints=None,
              learning_rate=None, max_bin=None, max_cat_threshold=None,
              max_cat_to_onehot=None, max_delta_step=None, max_depth=None,
              max_leaves=None, min_child_weight=None, missing=nan,
              monotone_constraints=None, multi_strategy=None, n_estimators=None,
              n_jobs=None, num_parallel_tree=None, ...), 'final_estimator__gamma': 0, 'final_estimator__learning_rate': 0.01, 'final_estimator__max_depth': 5, 'final_estimator__n_estimators': 300, 'passthrough': False}",,0.811001949,0.006143069,39,0.852340552,0.003849971,49
94.68716116,2.330426587,1.029483271,0.026753582,RandomForestClassifier(),TRUE,,4,2,300,TRUE,"{'final_estimator': RandomForestClassifier(), 'final_estimator__bootstrap': True, 'final_estimator__max_depth': None, 'final_estimator__min_samples_leaf': 4, 'final_estimator__min_samples_split': 2, 'final_estimator__n_estimators': 300, 'passthrough': True}",0.808825298,0.007495383,63,0.852230932,0.006089173,50
92.46192775,7.628899253,0.995321035,0.087083006,"XGBClassifier(base_score=None, booster=None, callbacks=None,
              colsample_bylevel=None, colsample_bynode=None,
              colsample_bytree=None, device=None, early_stopping_rounds=None,
              enable_categorical=False, eval_metric=None, feature_types=None,
              feature_weights=None, gamma=None, grow_policy=None,
              importance_type=None, interaction_constraints=None,
              learning_rate=None, max_bin=None, max_cat_threshold=None,
              max_cat_to_onehot=None, max_delta_step=None, max_depth=None,
              max_leaves=None, min_child_weight=None, missing=nan,
              monotone_constraints=None, multi_strategy=None, n_estimators=None,
              n_jobs=None, num_parallel_tree=None, ...)",0,0.05,7,300,TRUE,"{'final_estimator': XGBClassifier(base_score=None, booster=None, callbacks=None,
              colsample_bylevel=None, colsample_bynode=None,
              colsample_bytree=None, device=None, early_stopping_rounds=None,
              enable_categorical=False, eval_metric=None, feature_types=None,
              feature_weights=None, gamma=None, grow_policy=None,
              importance_type=None, interaction_constraints=None,
              learning_rate=None, max_bin=None, max_cat_threshold=None,
              max_cat_to_onehot=None, max_delta_step=None, max_depth=None,
              max_leaves=None, min_child_weight=None, missing=nan,
              monotone_constraints=None, multi_strategy=None, n_estimators=None,
              n_jobs=None, num_parallel_tree=None, ...), 'final_estimator__gamma': 0, 'final_estimator__learning_rate': 0.05, 'final_estimator__max_depth': 7, 'final_estimator__n_estimators': 300, 'passthrough': True}",,0.813971462,0.004352715,13,0.852230109,0.004034028,51
89.01465182,1.052675752,1.070943546,0.015303781,RandomForestClassifier(),FALSE,,4,2,300,TRUE,"{'final_estimator': RandomForestClassifier(), 'final_estimator__bootstrap': False, 'final_estimator__max_depth': None, 'final_estimator__min_samples_leaf': 4, 'final_estimator__min_samples_split': 2, 'final_estimator__n_estimators': 300, 'passthrough': True}",0.80941779,0.005559048,59,0.852228913,0.004187573,52
87.68365879,1.282454076,1.126580572,0.090476048,RandomForestClassifier(),FALSE,10,1,10,100,TRUE,"{'final_estimator': RandomForestClassifier(), 'final_estimator__bootstrap': False, 'final_estimator__max_depth': 10, 'final_estimator__min_samples_leaf': 1, 'final_estimator__min_samples_split': 10, 'final_estimator__n_estimators': 100, 'passthrough': True}",0.806648059,0.005123358,94,0.852196908,0.004431028,53
96.35928936,8.784342745,1.088590431,0.113364032,"XGBClassifier(base_score=None, booster=None, callbacks=None,
              colsample_bylevel=None, colsample_bynode=None,
              colsample_bytree=None, device=None, early_stopping_rounds=None,
              enable_categorical=False, eval_metric=None, feature_types=None,
              feature_weights=None, gamma=None, grow_policy=None,
              importance_type=None, interaction_constraints=None,
              learning_rate=None, max_bin=None, max_cat_threshold=None,
              max_cat_to_onehot=None, max_delta_step=None, max_depth=None,
              max_leaves=None, min_child_weight=None, missing=nan,
              monotone_constraints=None, multi_strategy=None, n_estimators=None,
              n_jobs=None, num_parallel_tree=None, ...)",0,0.1,7,100,TRUE,"{'final_estimator': XGBClassifier(base_score=None, booster=None, callbacks=None,
              colsample_bylevel=None, colsample_bynode=None,
              colsample_bytree=None, device=None, early_stopping_rounds=None,
              enable_categorical=False, eval_metric=None, feature_types=None,
              feature_weights=None, gamma=None, grow_policy=None,
              importance_type=None, interaction_constraints=None,
              learning_rate=None, max_bin=None, max_cat_threshold=None,
              max_cat_to_onehot=None, max_delta_step=None, max_depth=None,
              max_leaves=None, min_child_weight=None, missing=nan,
              monotone_constraints=None, multi_strategy=None, n_estimators=None,
              n_jobs=None, num_parallel_tree=None, ...), 'final_estimator__gamma': 0, 'final_estimator__learning_rate': 0.1, 'final_estimator__max_depth': 7, 'final_estimator__n_estimators': 100, 'passthrough': True}",,0.814363976,0.008764555,11,0.852010441,0.006757551,54
92.65865827,1.94531859,1.061636877,0.04376291,RandomForestClassifier(),FALSE,30,4,2,300,TRUE,"{'final_estimator': RandomForestClassifier(), 'final_estimator__bootstrap': False, 'final_estimator__max_depth': 30, 'final_estimator__min_samples_leaf': 4, 'final_estimator__min_samples_split': 2, 'final_estimator__n_estimators': 300, 'passthrough': True}",0.809616594,0.004245226,55,0.851935038,0.003787684,55
91.11169233,0.677148921,1.014013243,0.051961218,RandomForestClassifier(),TRUE,10,1,2,300,TRUE,"{'final_estimator': RandomForestClassifier(), 'final_estimator__bootstrap': True, 'final_estimator__max_depth': 10, 'final_estimator__min_samples_leaf': 1, 'final_estimator__min_samples_split': 2, 'final_estimator__n_estimators': 300, 'passthrough': True}",0.806053217,0.009271483,99,0.851922314,0.00690647,56
88.96729584,4.368307672,1.017608023,0.049920567,RandomForestClassifier(),FALSE,30,1,2,100,TRUE,"{'final_estimator': RandomForestClassifier(), 'final_estimator__bootstrap': False, 'final_estimator__max_depth': 30, 'final_estimator__min_samples_leaf': 1, 'final_estimator__min_samples_split': 2, 'final_estimator__n_estimators': 100, 'passthrough': True}",0.811396617,0.010476347,34,0.851783583,0.008622556,57
89.23794951,4.618242142,1.066466141,0.032527459,"XGBClassifier(base_score=None, booster=None, callbacks=None,
              colsample_bylevel=None, colsample_bynode=None,
              colsample_bytree=None, device=None, early_stopping_rounds=None,
              enable_categorical=False, eval_metric=None, feature_types=None,
              feature_weights=None, gamma=None, grow_policy=None,
              importance_type=None, interaction_constraints=None,
              learning_rate=None, max_bin=None, max_cat_threshold=None,
              max_cat_to_onehot=None, max_delta_step=None, max_depth=None,
              max_leaves=None, min_child_weight=None, missing=nan,
              monotone_constraints=None, multi_strategy=None, n_estimators=None,
              n_jobs=None, num_parallel_tree=None, ...)",5,0.01,7,300,TRUE,"{'final_estimator': XGBClassifier(base_score=None, booster=None, callbacks=None,
              colsample_bylevel=None, colsample_bynode=None,
              colsample_bytree=None, device=None, early_stopping_rounds=None,
              enable_categorical=False, eval_metric=None, feature_types=None,
              feature_weights=None, gamma=None, grow_policy=None,
              importance_type=None, interaction_constraints=None,
              learning_rate=None, max_bin=None, max_cat_threshold=None,
              max_cat_to_onehot=None, max_delta_step=None, max_depth=None,
              max_leaves=None, min_child_weight=None, missing=nan,
              monotone_constraints=None, multi_strategy=None, n_estimators=None,
              n_jobs=None, num_parallel_tree=None, ...), 'final_estimator__gamma': 5, 'final_estimator__learning_rate': 0.01, 'final_estimator__max_depth': 7, 'final_estimator__n_estimators': 300, 'passthrough': True}",,0.811200556,0.001985182,35,0.851758006,0.001934428,58
86.78365088,1.477726439,1.086007214,0.051623499,RandomForestClassifier(),TRUE,,4,10,100,TRUE,"{'final_estimator': RandomForestClassifier(), 'final_estimator__bootstrap': True, 'final_estimator__max_depth': None, 'final_estimator__min_samples_leaf': 4, 'final_estimator__min_samples_split': 10, 'final_estimator__n_estimators': 100, 'passthrough': True}",0.808626103,0.006287992,67,0.851754865,0.00473638,59
94.51043901,5.750746549,1.067366409,0.058676524,"XGBClassifier(base_score=None, booster=None, callbacks=None,
              colsample_bylevel=None, colsample_bynode=None,
              colsample_bytree=None, device=None, early_stopping_rounds=None,
              enable_categorical=False, eval_metric=None, feature_types=None,
              feature_weights=None, gamma=None, grow_policy=None,
              importance_type=None, interaction_constraints=None,
              learning_rate=None, max_bin=None, max_cat_threshold=None,
              max_cat_to_onehot=None, max_delta_step=None, max_depth=None,
              max_leaves=None, min_child_weight=None, missing=nan,
              monotone_constraints=None, multi_strategy=None, n_estimators=None,
              n_jobs=None, num_parallel_tree=None, ...)",0,0.1,3,100,FALSE,"{'final_estimator': XGBClassifier(base_score=None, booster=None, callbacks=None,
              colsample_bylevel=None, colsample_bynode=None,
              colsample_bytree=None, device=None, early_stopping_rounds=None,
              enable_categorical=False, eval_metric=None, feature_types=None,
              feature_weights=None, gamma=None, grow_policy=None,
              importance_type=None, interaction_constraints=None,
              learning_rate=None, max_bin=None, max_cat_threshold=None,
              max_cat_to_onehot=None, max_delta_step=None, max_depth=None,
              max_leaves=None, min_child_weight=None, missing=nan,
              monotone_constraints=None, multi_strategy=None, n_estimators=None,
              n_jobs=None, num_parallel_tree=None, ...), 'final_estimator__gamma': 0, 'final_estimator__learning_rate': 0.1, 'final_estimator__max_depth': 3, 'final_estimator__n_estimators': 100, 'passthrough': False}",,0.812389654,0.003735667,24,0.851674207,0.003414175,60
113.8508295,9.669317208,1.071973896,0.055924014,"XGBClassifier(base_score=None, booster=None, callbacks=None,
              colsample_bylevel=None, colsample_bynode=None,
              colsample_bytree=None, device=None, early_stopping_rounds=None,
              enable_categorical=False, eval_metric=None, feature_types=None,
              feature_weights=None, gamma=None, grow_policy=None,
              importance_type=None, interaction_constraints=None,
              learning_rate=None, max_bin=None, max_cat_threshold=None,
              max_cat_to_onehot=None, max_delta_step=None, max_depth=None,
              max_leaves=None, min_child_weight=None, missing=nan,
              monotone_constraints=None, multi_strategy=None, n_estimators=None,
              n_jobs=None, num_parallel_tree=None, ...)",0,0.01,3,100,TRUE,"{'final_estimator': XGBClassifier(base_score=None, booster=None, callbacks=None,
              colsample_bylevel=None, colsample_bynode=None,
              colsample_bytree=None, device=None, early_stopping_rounds=None,
              enable_categorical=False, eval_metric=None, feature_types=None,
              feature_weights=None, gamma=None, grow_policy=None,
              importance_type=None, interaction_constraints=None,
              learning_rate=None, max_bin=None, max_cat_threshold=None,
              max_cat_to_onehot=None, max_delta_step=None, max_depth=None,
              max_leaves=None, min_child_weight=None, missing=nan,
              monotone_constraints=None, multi_strategy=None, n_estimators=None,
              n_jobs=None, num_parallel_tree=None, ...), 'final_estimator__gamma': 0, 'final_estimator__learning_rate': 0.01, 'final_estimator__max_depth': 3, 'final_estimator__n_estimators': 100, 'passthrough': True}",,0.803085074,0.009092507,127,0.851637794,0.007709578,61
85.42006345,1.731963098,1.076758623,0.059756327,RandomForestClassifier(),FALSE,30,4,10,100,TRUE,"{'final_estimator': RandomForestClassifier(), 'final_estimator__bootstrap': False, 'final_estimator__max_depth': 30, 'final_estimator__min_samples_leaf': 4, 'final_estimator__min_samples_split': 10, 'final_estimator__n_estimators': 100, 'passthrough': True}",0.809218791,0.008010165,60,0.851539414,0.006320174,62
94.23454056,5.523668509,1.00348177,0.060321133,"XGBClassifier(base_score=None, booster=None, callbacks=None,
              colsample_bylevel=None, colsample_bynode=None,
              colsample_bytree=None, device=None, early_stopping_rounds=None,
              enable_categorical=False, eval_metric=None, feature_types=None,
              feature_weights=None, gamma=None, grow_policy=None,
              importance_type=None, interaction_constraints=None,
              learning_rate=None, max_bin=None, max_cat_threshold=None,
              max_cat_to_onehot=None, max_delta_step=None, max_depth=None,
              max_leaves=None, min_child_weight=None, missing=nan,
              monotone_constraints=None, multi_strategy=None, n_estimators=None,
              n_jobs=None, num_parallel_tree=None, ...)",0,0.01,7,300,TRUE,"{'final_estimator': XGBClassifier(base_score=None, booster=None, callbacks=None,
              colsample_bylevel=None, colsample_bynode=None,
              colsample_bytree=None, device=None, early_stopping_rounds=None,
              enable_categorical=False, eval_metric=None, feature_types=None,
              feature_weights=None, gamma=None, grow_policy=None,
              importance_type=None, interaction_constraints=None,
              learning_rate=None, max_bin=None, max_cat_threshold=None,
              max_cat_to_onehot=None, max_delta_step=None, max_depth=None,
              max_leaves=None, min_child_weight=None, missing=nan,
              monotone_constraints=None, multi_strategy=None, n_estimators=None,
              n_jobs=None, num_parallel_tree=None, ...), 'final_estimator__gamma': 0, 'final_estimator__learning_rate': 0.01, 'final_estimator__max_depth': 7, 'final_estimator__n_estimators': 300, 'passthrough': True}",,0.811001753,0.003935889,40,0.851465225,0.001889714,63
93.72761803,7.254652929,1.129818344,0.069276163,"XGBClassifier(base_score=None, booster=None, callbacks=None,
              colsample_bylevel=None, colsample_bynode=None,
              colsample_bytree=None, device=None, early_stopping_rounds=None,
              enable_categorical=False, eval_metric=None, feature_types=None,
              feature_weights=None, gamma=None, grow_policy=None,
              importance_type=None, interaction_constraints=None,
              learning_rate=None, max_bin=None, max_cat_threshold=None,
              max_cat_to_onehot=None, max_delta_step=None, max_depth=None,
              max_leaves=None, min_child_weight=None, missing=nan,
              monotone_constraints=None, multi_strategy=None, n_estimators=None,
              n_jobs=None, num_parallel_tree=None, ...)",0,0.1,5,300,TRUE,"{'final_estimator': XGBClassifier(base_score=None, booster=None, callbacks=None,
              colsample_bylevel=None, colsample_bynode=None,
              colsample_bytree=None, device=None, early_stopping_rounds=None,
              enable_categorical=False, eval_metric=None, feature_types=None,
              feature_weights=None, gamma=None, grow_policy=None,
              importance_type=None, interaction_constraints=None,
              learning_rate=None, max_bin=None, max_cat_threshold=None,
              max_cat_to_onehot=None, max_delta_step=None, max_depth=None,
              max_leaves=None, min_child_weight=None, missing=nan,
              monotone_constraints=None, multi_strategy=None, n_estimators=None,
              n_jobs=None, num_parallel_tree=None, ...), 'final_estimator__gamma': 0, 'final_estimator__learning_rate': 0.1, 'final_estimator__max_depth': 5, 'final_estimator__n_estimators': 300, 'passthrough': True}",,0.814166153,0.009990198,12,0.851380507,0.00812324,64
90.75343499,3.162086858,1.093844461,0.061619639,RandomForestClassifier(),TRUE,,4,10,300,TRUE,"{'final_estimator': RandomForestClassifier(), 'final_estimator__bootstrap': True, 'final_estimator__max_depth': None, 'final_estimator__min_samples_leaf': 4, 'final_estimator__min_samples_split': 10, 'final_estimator__n_estimators': 300, 'passthrough': True}",0.808231043,0.008016881,71,0.85137024,0.006858413,65
85.23713684,1.32049905,1.031034327,0.026497527,RandomForestClassifier(),FALSE,10,4,2,100,TRUE,"{'final_estimator': RandomForestClassifier(), 'final_estimator__bootstrap': False, 'final_estimator__max_depth': 10, 'final_estimator__min_samples_leaf': 4, 'final_estimator__min_samples_split': 2, 'final_estimator__n_estimators': 100, 'passthrough': True}",0.805260746,0.008578013,108,0.851245421,0.006924921,66
89.02319765,6.412547024,0.991698456,0.038607646,"XGBClassifier(base_score=None, booster=None, callbacks=None,
              colsample_bylevel=None, colsample_bynode=None,
              colsample_bytree=None, device=None, early_stopping_rounds=None,
              enable_categorical=False, eval_metric=None, feature_types=None,
              feature_weights=None, gamma=None, grow_policy=None,
              importance_type=None, interaction_constraints=None,
              learning_rate=None, max_bin=None, max_cat_threshold=None,
              max_cat_to_onehot=None, max_delta_step=None, max_depth=None,
              max_leaves=None, min_child_weight=None, missing=nan,
              monotone_constraints=None, multi_strategy=None, n_estimators=None,
              n_jobs=None, num_parallel_tree=None, ...)",5,0.01,3,100,TRUE,"{'final_estimator': XGBClassifier(base_score=None, booster=None, callbacks=None,
              colsample_bylevel=None, colsample_bynode=None,
              colsample_bytree=None, device=None, early_stopping_rounds=None,
              enable_categorical=False, eval_metric=None, feature_types=None,
              feature_weights=None, gamma=None, grow_policy=None,
              importance_type=None, interaction_constraints=None,
              learning_rate=None, max_bin=None, max_cat_threshold=None,
              max_cat_to_onehot=None, max_delta_step=None, max_depth=None,
              max_leaves=None, min_child_weight=None, missing=nan,
              monotone_constraints=None, multi_strategy=None, n_estimators=None,
              n_jobs=None, num_parallel_tree=None, ...), 'final_estimator__gamma': 5, 'final_estimator__learning_rate': 0.01, 'final_estimator__max_depth': 3, 'final_estimator__n_estimators': 100, 'passthrough': True}",,0.802689818,0.008830951,131,0.851208096,0.007576957,67
94.06421609,1.453593288,1.139322186,0.06584222,RandomForestClassifier(),TRUE,10,1,10,300,TRUE,"{'final_estimator': RandomForestClassifier(), 'final_estimator__bootstrap': True, 'final_estimator__max_depth': 10, 'final_estimator__min_samples_leaf': 1, 'final_estimator__min_samples_split': 10, 'final_estimator__n_estimators': 300, 'passthrough': True}",0.805856372,0.005732123,101,0.851095572,0.004792453,68
95.76842866,7.393261582,1.112068129,0.041438668,"XGBClassifier(base_score=None, booster=None, callbacks=None,
              colsample_bylevel=None, colsample_bynode=None,
              colsample_bytree=None, device=None, early_stopping_rounds=None,
              enable_categorical=False, eval_metric=None, feature_types=None,
              feature_weights=None, gamma=None, grow_policy=None,
              importance_type=None, interaction_constraints=None,
              learning_rate=None, max_bin=None, max_cat_threshold=None,
              max_cat_to_onehot=None, max_delta_step=None, max_depth=None,
              max_leaves=None, min_child_weight=None, missing=nan,
              monotone_constraints=None, multi_strategy=None, n_estimators=None,
              n_jobs=None, num_parallel_tree=None, ...)",5,0.05,5,300,TRUE,"{'final_estimator': XGBClassifier(base_score=None, booster=None, callbacks=None,
              colsample_bylevel=None, colsample_bynode=None,
              colsample_bytree=None, device=None, early_stopping_rounds=None,
              enable_categorical=False, eval_metric=None, feature_types=None,
              feature_weights=None, gamma=None, grow_policy=None,
              importance_type=None, interaction_constraints=None,
              learning_rate=None, max_bin=None, max_cat_threshold=None,
              max_cat_to_onehot=None, max_delta_step=None, max_depth=None,
              max_leaves=None, min_child_weight=None, missing=nan,
              monotone_constraints=None, multi_strategy=None, n_estimators=None,
              n_jobs=None, num_parallel_tree=None, ...), 'final_estimator__gamma': 5, 'final_estimator__learning_rate': 0.05, 'final_estimator__max_depth': 5, 'final_estimator__n_estimators': 300, 'passthrough': True}",,0.80961581,0.006557147,56,0.851084149,0.004821317,69
90.41256719,4.912242031,1.067304325,0.038835134,"XGBClassifier(base_score=None, booster=None, callbacks=None,
              colsample_bylevel=None, colsample_bynode=None,
              colsample_bytree=None, device=None, early_stopping_rounds=None,
              enable_categorical=False, eval_metric=None, feature_types=None,
              feature_weights=None, gamma=None, grow_policy=None,
              importance_type=None, interaction_constraints=None,
              learning_rate=None, max_bin=None, max_cat_threshold=None,
              max_cat_to_onehot=None, max_delta_step=None, max_depth=None,
              max_leaves=None, min_child_weight=None, missing=nan,
              monotone_constraints=None, multi_strategy=None, n_estimators=None,
              n_jobs=None, num_parallel_tree=None, ...)",0,0.05,5,300,TRUE,"{'final_estimator': XGBClassifier(base_score=None, booster=None, callbacks=None,
              colsample_bylevel=None, colsample_bynode=None,
              colsample_bytree=None, device=None, early_stopping_rounds=None,
              enable_categorical=False, eval_metric=None, feature_types=None,
              feature_weights=None, gamma=None, grow_policy=None,
              importance_type=None, interaction_constraints=None,
              learning_rate=None, max_bin=None, max_cat_threshold=None,
              max_cat_to_onehot=None, max_delta_step=None, max_depth=None,
              max_leaves=None, min_child_weight=None, missing=nan,
              monotone_constraints=None, multi_strategy=None, n_estimators=None,
              n_jobs=None, num_parallel_tree=None, ...), 'final_estimator__gamma': 0, 'final_estimator__learning_rate': 0.05, 'final_estimator__max_depth': 5, 'final_estimator__n_estimators': 300, 'passthrough': True}",,0.812782364,0.004783252,20,0.851067201,0.003647578,70
111.5960524,7.759987316,1.079989529,0.072466457,"XGBClassifier(base_score=None, booster=None, callbacks=None,
              colsample_bylevel=None, colsample_bynode=None,
              colsample_bytree=None, device=None, early_stopping_rounds=None,
              enable_categorical=False, eval_metric=None, feature_types=None,
              feature_weights=None, gamma=None, grow_policy=None,
              importance_type=None, interaction_constraints=None,
              learning_rate=None, max_bin=None, max_cat_threshold=None,
              max_cat_to_onehot=None, max_delta_step=None, max_depth=None,
              max_leaves=None, min_child_weight=None, missing=nan,
              monotone_constraints=None, multi_strategy=None, n_estimators=None,
              n_jobs=None, num_parallel_tree=None, ...)",0,0.01,3,100,FALSE,"{'final_estimator': XGBClassifier(base_score=None, booster=None, callbacks=None,
              colsample_bylevel=None, colsample_bynode=None,
              colsample_bytree=None, device=None, early_stopping_rounds=None,
              enable_categorical=False, eval_metric=None, feature_types=None,
              feature_weights=None, gamma=None, grow_policy=None,
              importance_type=None, interaction_constraints=None,
              learning_rate=None, max_bin=None, max_cat_threshold=None,
              max_cat_to_onehot=None, max_delta_step=None, max_depth=None,
              max_leaves=None, min_child_weight=None, missing=nan,
              monotone_constraints=None, multi_strategy=None, n_estimators=None,
              n_jobs=None, num_parallel_tree=None, ...), 'final_estimator__gamma': 0, 'final_estimator__learning_rate': 0.01, 'final_estimator__max_depth': 3, 'final_estimator__n_estimators': 100, 'passthrough': False}",,0.802492973,0.007767932,133,0.851031972,0.006965628,71
95.54830184,8.844356985,1.157770824,0.192582418,"XGBClassifier(base_score=None, booster=None, callbacks=None,
              colsample_bylevel=None, colsample_bynode=None,
              colsample_bytree=None, device=None, early_stopping_rounds=None,
              enable_categorical=False, eval_metric=None, feature_types=None,
              feature_weights=None, gamma=None, grow_policy=None,
              importance_type=None, interaction_constraints=None,
              learning_rate=None, max_bin=None, max_cat_threshold=None,
              max_cat_to_onehot=None, max_delta_step=None, max_depth=None,
              max_leaves=None, min_child_weight=None, missing=nan,
              monotone_constraints=None, multi_strategy=None, n_estimators=None,
              n_jobs=None, num_parallel_tree=None, ...)",0,0.05,3,100,FALSE,"{'final_estimator': XGBClassifier(base_score=None, booster=None, callbacks=None,
              colsample_bylevel=None, colsample_bynode=None,
              colsample_bytree=None, device=None, early_stopping_rounds=None,
              enable_categorical=False, eval_metric=None, feature_types=None,
              feature_weights=None, gamma=None, grow_policy=None,
              importance_type=None, interaction_constraints=None,
              learning_rate=None, max_bin=None, max_cat_threshold=None,
              max_cat_to_onehot=None, max_delta_step=None, max_depth=None,
              max_leaves=None, min_child_weight=None, missing=nan,
              monotone_constraints=None, multi_strategy=None, n_estimators=None,
              n_jobs=None, num_parallel_tree=None, ...), 'final_estimator__gamma': 0, 'final_estimator__learning_rate': 0.05, 'final_estimator__max_depth': 3, 'final_estimator__n_estimators': 100, 'passthrough': False}",,0.810210066,0.008110835,46,0.850953178,0.006406732,72
92.66810808,6.219362974,1.062807751,0.050867403,"XGBClassifier(base_score=None, booster=None, callbacks=None,
              colsample_bylevel=None, colsample_bynode=None,
              colsample_bytree=None, device=None, early_stopping_rounds=None,
              enable_categorical=False, eval_metric=None, feature_types=None,
              feature_weights=None, gamma=None, grow_policy=None,
              importance_type=None, interaction_constraints=None,
              learning_rate=None, max_bin=None, max_cat_threshold=None,
              max_cat_to_onehot=None, max_delta_step=None, max_depth=None,
              max_leaves=None, min_child_weight=None, missing=nan,
              monotone_constraints=None, multi_strategy=None, n_estimators=None,
              n_jobs=None, num_parallel_tree=None, ...)",0,0.05,5,100,FALSE,"{'final_estimator': XGBClassifier(base_score=None, booster=None, callbacks=None,
              colsample_bylevel=None, colsample_bynode=None,
              colsample_bytree=None, device=None, early_stopping_rounds=None,
              enable_categorical=False, eval_metric=None, feature_types=None,
              feature_weights=None, gamma=None, grow_policy=None,
              importance_type=None, interaction_constraints=None,
              learning_rate=None, max_bin=None, max_cat_threshold=None,
              max_cat_to_onehot=None, max_delta_step=None, max_depth=None,
              max_leaves=None, min_child_weight=None, missing=nan,
              monotone_constraints=None, multi_strategy=None, n_estimators=None,
              n_jobs=None, num_parallel_tree=None, ...), 'final_estimator__gamma': 0, 'final_estimator__learning_rate': 0.05, 'final_estimator__max_depth': 5, 'final_estimator__n_estimators': 100, 'passthrough': False}",,0.810013221,0.00695489,50,0.850949689,0.005850611,73
88.88769445,2.958018884,1.077848864,0.060254641,"XGBClassifier(base_score=None, booster=None, callbacks=None,
              colsample_bylevel=None, colsample_bynode=None,
              colsample_bytree=None, device=None, early_stopping_rounds=None,
              enable_categorical=False, eval_metric=None, feature_types=None,
              feature_weights=None, gamma=None, grow_policy=None,
              importance_type=None, interaction_constraints=None,
              learning_rate=None, max_bin=None, max_cat_threshold=None,
              max_cat_to_onehot=None, max_delta_step=None, max_depth=None,
              max_leaves=None, min_child_weight=None, missing=nan,
              monotone_constraints=None, multi_strategy=None, n_estimators=None,
              n_jobs=None, num_parallel_tree=None, ...)",5,0.01,3,100,FALSE,"{'final_estimator': XGBClassifier(base_score=None, booster=None, callbacks=None,
              colsample_bylevel=None, colsample_bynode=None,
              colsample_bytree=None, device=None, early_stopping_rounds=None,
              enable_categorical=False, eval_metric=None, feature_types=None,
              feature_weights=None, gamma=None, grow_policy=None,
              importance_type=None, interaction_constraints=None,
              learning_rate=None, max_bin=None, max_cat_threshold=None,
              max_cat_to_onehot=None, max_delta_step=None, max_depth=None,
              max_leaves=None, min_child_weight=None, missing=nan,
              monotone_constraints=None, multi_strategy=None, n_estimators=None,
              n_jobs=None, num_parallel_tree=None, ...), 'final_estimator__gamma': 5, 'final_estimator__learning_rate': 0.01, 'final_estimator__max_depth': 3, 'final_estimator__n_estimators': 100, 'passthrough': False}",,0.802492973,0.007917628,134,0.850944059,0.007073582,74
88.24320116,0.857643234,1.052377081,0.033037768,RandomForestClassifier(),FALSE,10,4,10,300,TRUE,"{'final_estimator': RandomForestClassifier(), 'final_estimator__bootstrap': False, 'final_estimator__max_depth': 10, 'final_estimator__min_samples_leaf': 4, 'final_estimator__min_samples_split': 10, 'final_estimator__n_estimators': 300, 'passthrough': True}",0.805262313,0.006358847,107,0.85084408,0.005228248,75
94.76809626,7.776014981,1.110297823,0.144742188,"XGBClassifier(base_score=None, booster=None, callbacks=None,
              colsample_bylevel=None, colsample_bynode=None,
              colsample_bytree=None, device=None, early_stopping_rounds=None,
              enable_categorical=False, eval_metric=None, feature_types=None,
              feature_weights=None, gamma=None, grow_policy=None,
              importance_type=None, interaction_constraints=None,
              learning_rate=None, max_bin=None, max_cat_threshold=None,
              max_cat_to_onehot=None, max_delta_step=None, max_depth=None,
              max_leaves=None, min_child_weight=None, missing=nan,
              monotone_constraints=None, multi_strategy=None, n_estimators=None,
              n_jobs=None, num_parallel_tree=None, ...)",0,0.01,3,300,TRUE,"{'final_estimator': XGBClassifier(base_score=None, booster=None, callbacks=None,
              colsample_bylevel=None, colsample_bynode=None,
              colsample_bytree=None, device=None, early_stopping_rounds=None,
              enable_categorical=False, eval_metric=None, feature_types=None,
              feature_weights=None, gamma=None, grow_policy=None,
              importance_type=None, interaction_constraints=None,
              learning_rate=None, max_bin=None, max_cat_threshold=None,
              max_cat_to_onehot=None, max_delta_step=None, max_depth=None,
              max_leaves=None, min_child_weight=None, missing=nan,
              monotone_constraints=None, multi_strategy=None, n_estimators=None,
              n_jobs=None, num_parallel_tree=None, ...), 'final_estimator__gamma': 0, 'final_estimator__learning_rate': 0.01, 'final_estimator__max_depth': 3, 'final_estimator__n_estimators': 300, 'passthrough': True}",,0.808429258,0.006590265,68,0.850707738,0.004834696,76
88.9987546,2.315879511,0.952858925,0.061481065,"XGBClassifier(base_score=None, booster=None, callbacks=None,
              colsample_bylevel=None, colsample_bynode=None,
              colsample_bytree=None, device=None, early_stopping_rounds=None,
              enable_categorical=False, eval_metric=None, feature_types=None,
              feature_weights=None, gamma=None, grow_policy=None,
              importance_type=None, interaction_constraints=None,
              learning_rate=None, max_bin=None, max_cat_threshold=None,
              max_cat_to_onehot=None, max_delta_step=None, max_depth=None,
              max_leaves=None, min_child_weight=None, missing=nan,
              monotone_constraints=None, multi_strategy=None, n_estimators=None,
              n_jobs=None, num_parallel_tree=None, ...)",0,0.01,5,100,FALSE,"{'final_estimator': XGBClassifier(base_score=None, booster=None, callbacks=None,
              colsample_bylevel=None, colsample_bynode=None,
              colsample_bytree=None, device=None, early_stopping_rounds=None,
              enable_categorical=False, eval_metric=None, feature_types=None,
              feature_weights=None, gamma=None, grow_policy=None,
              importance_type=None, interaction_constraints=None,
              learning_rate=None, max_bin=None, max_cat_threshold=None,
              max_cat_to_onehot=None, max_delta_step=None, max_depth=None,
              max_leaves=None, min_child_weight=None, missing=nan,
              monotone_constraints=None, multi_strategy=None, n_estimators=None,
              n_jobs=None, num_parallel_tree=None, ...), 'final_estimator__gamma': 0, 'final_estimator__learning_rate': 0.01, 'final_estimator__max_depth': 5, 'final_estimator__n_estimators': 100, 'passthrough': False}",,0.802096542,0.009179148,138,0.850694335,0.006823877,77
90.55180254,1.399833902,1.035318899,0.070284159,RandomForestClassifier(),FALSE,10,1,2,100,TRUE,"{'final_estimator': RandomForestClassifier(), 'final_estimator__bootstrap': False, 'final_estimator__max_depth': 10, 'final_estimator__min_samples_leaf': 1, 'final_estimator__min_samples_split': 2, 'final_estimator__n_estimators': 100, 'passthrough': True}",0.804866469,0.007873132,111,0.850595318,0.006078221,78
92.21032681,4.909541335,0.983323908,0.039218435,"XGBClassifier(base_score=None, booster=None, callbacks=None,
              colsample_bylevel=None, colsample_bynode=None,
              colsample_bytree=None, device=None, early_stopping_rounds=None,
              enable_categorical=False, eval_metric=None, feature_types=None,
              feature_weights=None, gamma=None, grow_policy=None,
              importance_type=None, interaction_constraints=None,
              learning_rate=None, max_bin=None, max_cat_threshold=None,
              max_cat_to_onehot=None, max_delta_step=None, max_depth=None,
              max_leaves=None, min_child_weight=None, missing=nan,
              monotone_constraints=None, multi_strategy=None, n_estimators=None,
              n_jobs=None, num_parallel_tree=None, ...)",0,0.01,7,100,TRUE,"{'final_estimator': XGBClassifier(base_score=None, booster=None, callbacks=None,
              colsample_bylevel=None, colsample_bynode=None,
              colsample_bytree=None, device=None, early_stopping_rounds=None,
              enable_categorical=False, eval_metric=None, feature_types=None,
              feature_weights=None, gamma=None, grow_policy=None,
              importance_type=None, interaction_constraints=None,
              learning_rate=None, max_bin=None, max_cat_threshold=None,
              max_cat_to_onehot=None, max_delta_step=None, max_depth=None,
              max_leaves=None, min_child_weight=None, missing=nan,
              monotone_constraints=None, multi_strategy=None, n_estimators=None,
              n_jobs=None, num_parallel_tree=None, ...), 'final_estimator__gamma': 0, 'final_estimator__learning_rate': 0.01, 'final_estimator__max_depth': 7, 'final_estimator__n_estimators': 100, 'passthrough': True}",,0.804075369,0.006241082,117,0.850513322,0.003896379,79
90.02517967,6.477528638,1.07189784,0.035090077,RandomForestClassifier(),TRUE,10,4,2,100,TRUE,"{'final_estimator': RandomForestClassifier(), 'final_estimator__bootstrap': True, 'final_estimator__max_depth': 10, 'final_estimator__min_samples_leaf': 4, 'final_estimator__min_samples_split': 2, 'final_estimator__n_estimators': 100, 'passthrough': True}",0.804668645,0.009226643,113,0.850502955,0.007329623,80
88.84879069,0.731572011,1.022526741,0.052533204,RandomForestClassifier(),TRUE,10,1,2,100,TRUE,"{'final_estimator': RandomForestClassifier(), 'final_estimator__bootstrap': True, 'final_estimator__max_depth': 10, 'final_estimator__min_samples_leaf': 1, 'final_estimator__min_samples_split': 2, 'final_estimator__n_estimators': 100, 'passthrough': True}",0.804866273,0.009143513,112,0.850378249,0.007772931,81
89.8637538,1.819083349,1.048518848,0.032294079,RandomForestClassifier(),TRUE,10,4,10,300,TRUE,"{'final_estimator': RandomForestClassifier(), 'final_estimator__bootstrap': True, 'final_estimator__max_depth': 10, 'final_estimator__min_samples_leaf': 4, 'final_estimator__min_samples_split': 10, 'final_estimator__n_estimators': 300, 'passthrough': True}",0.805063509,0.009062412,109,0.850331758,0.006621217,82
93.29505215,6.242860799,1.035151196,0.140181551,"XGBClassifier(base_score=None, booster=None, callbacks=None,
              colsample_bylevel=None, colsample_bynode=None,
              colsample_bytree=None, device=None, early_stopping_rounds=None,
              enable_categorical=False, eval_metric=None, feature_types=None,
              feature_weights=None, gamma=None, grow_policy=None,
              importance_type=None, interaction_constraints=None,
              learning_rate=None, max_bin=None, max_cat_threshold=None,
              max_cat_to_onehot=None, max_delta_step=None, max_depth=None,
              max_leaves=None, min_child_weight=None, missing=nan,
              monotone_constraints=None, multi_strategy=None, n_estimators=None,
              n_jobs=None, num_parallel_tree=None, ...)",5,0.05,7,100,TRUE,"{'final_estimator': XGBClassifier(base_score=None, booster=None, callbacks=None,
              colsample_bylevel=None, colsample_bynode=None,
              colsample_bytree=None, device=None, early_stopping_rounds=None,
              enable_categorical=False, eval_metric=None, feature_types=None,
              feature_weights=None, gamma=None, grow_policy=None,
              importance_type=None, interaction_constraints=None,
              learning_rate=None, max_bin=None, max_cat_threshold=None,
              max_cat_to_onehot=None, max_delta_step=None, max_depth=None,
              max_leaves=None, min_child_weight=None, missing=nan,
              monotone_constraints=None, multi_strategy=None, n_estimators=None,
              n_jobs=None, num_parallel_tree=None, ...), 'final_estimator__gamma': 5, 'final_estimator__learning_rate': 0.05, 'final_estimator__max_depth': 7, 'final_estimator__n_estimators': 100, 'passthrough': True}",,0.80961679,0.004505981,54,0.850321052,0.00406294,83
90.30538387,5.921900015,1.024745369,0.018177783,"XGBClassifier(base_score=None, booster=None, callbacks=None,
              colsample_bylevel=None, colsample_bynode=None,
              colsample_bytree=None, device=None, early_stopping_rounds=None,
              enable_categorical=False, eval_metric=None, feature_types=None,
              feature_weights=None, gamma=None, grow_policy=None,
              importance_type=None, interaction_constraints=None,
              learning_rate=None, max_bin=None, max_cat_threshold=None,
              max_cat_to_onehot=None, max_delta_step=None, max_depth=None,
              max_leaves=None, min_child_weight=None, missing=nan,
              monotone_constraints=None, multi_strategy=None, n_estimators=None,
              n_jobs=None, num_parallel_tree=None, ...)",5,0.01,3,300,TRUE,"{'final_estimator': XGBClassifier(base_score=None, booster=None, callbacks=None,
              colsample_bylevel=None, colsample_bynode=None,
              colsample_bytree=None, device=None, early_stopping_rounds=None,
              enable_categorical=False, eval_metric=None, feature_types=None,
              feature_weights=None, gamma=None, grow_policy=None,
              importance_type=None, interaction_constraints=None,
              learning_rate=None, max_bin=None, max_cat_threshold=None,
              max_cat_to_onehot=None, max_delta_step=None, max_depth=None,
              max_leaves=None, min_child_weight=None, missing=nan,
              monotone_constraints=None, multi_strategy=None, n_estimators=None,
              n_jobs=None, num_parallel_tree=None, ...), 'final_estimator__gamma': 5, 'final_estimator__learning_rate': 0.01, 'final_estimator__max_depth': 3, 'final_estimator__n_estimators': 300, 'passthrough': True}",,0.808033023,0.005928003,74,0.850309044,0.004231761,84
103.0643593,8.158186279,1.26689043,0.193106173,"XGBClassifier(base_score=None, booster=None, callbacks=None,
              colsample_bylevel=None, colsample_bynode=None,
              colsample_bytree=None, device=None, early_stopping_rounds=None,
              enable_categorical=False, eval_metric=None, feature_types=None,
              feature_weights=None, gamma=None, grow_policy=None,
              importance_type=None, interaction_constraints=None,
              learning_rate=None, max_bin=None, max_cat_threshold=None,
              max_cat_to_onehot=None, max_delta_step=None, max_depth=None,
              max_leaves=None, min_child_weight=None, missing=nan,
              monotone_constraints=None, multi_strategy=None, n_estimators=None,
              n_jobs=None, num_parallel_tree=None, ...)",5,0.1,3,300,FALSE,"{'final_estimator': XGBClassifier(base_score=None, booster=None, callbacks=None,
              colsample_bylevel=None, colsample_bynode=None,
              colsample_bytree=None, device=None, early_stopping_rounds=None,
              enable_categorical=False, eval_metric=None, feature_types=None,
              feature_weights=None, gamma=None, grow_policy=None,
              importance_type=None, interaction_constraints=None,
              learning_rate=None, max_bin=None, max_cat_threshold=None,
              max_cat_to_onehot=None, max_delta_step=None, max_depth=None,
              max_leaves=None, min_child_weight=None, missing=nan,
              monotone_constraints=None, multi_strategy=None, n_estimators=None,
              n_jobs=None, num_parallel_tree=None, ...), 'final_estimator__gamma': 5, 'final_estimator__learning_rate': 0.1, 'final_estimator__max_depth': 3, 'final_estimator__n_estimators': 300, 'passthrough': False}",,0.80902273,0.008003447,62,0.8502127,0.00614221,85
89.54212723,0.36631466,1.072711945,0.038040448,RandomForestClassifier(),FALSE,10,4,2,300,TRUE,"{'final_estimator': RandomForestClassifier(), 'final_estimator__bootstrap': False, 'final_estimator__max_depth': 10, 'final_estimator__min_samples_leaf': 4, 'final_estimator__min_samples_split': 2, 'final_estimator__n_estimators': 300, 'passthrough': True}",0.804075173,0.009079573,118,0.850143926,0.007534251,86
95.64917588,7.214513541,1.051281452,0.054534841,"XGBClassifier(base_score=None, booster=None, callbacks=None,
              colsample_bylevel=None, colsample_bynode=None,
              colsample_bytree=None, device=None, early_stopping_rounds=None,
              enable_categorical=False, eval_metric=None, feature_types=None,
              feature_weights=None, gamma=None, grow_policy=None,
              importance_type=None, interaction_constraints=None,
              learning_rate=None, max_bin=None, max_cat_threshold=None,
              max_cat_to_onehot=None, max_delta_step=None, max_depth=None,
              max_leaves=None, min_child_weight=None, missing=nan,
              monotone_constraints=None, multi_strategy=None, n_estimators=None,
              n_jobs=None, num_parallel_tree=None, ...)",5,0.05,3,300,FALSE,"{'final_estimator': XGBClassifier(base_score=None, booster=None, callbacks=None,
              colsample_bylevel=None, colsample_bynode=None,
              colsample_bytree=None, device=None, early_stopping_rounds=None,
              enable_categorical=False, eval_metric=None, feature_types=None,
              feature_weights=None, gamma=None, grow_policy=None,
              importance_type=None, interaction_constraints=None,
              learning_rate=None, max_bin=None, max_cat_threshold=None,
              max_cat_to_onehot=None, max_delta_step=None, max_depth=None,
              max_leaves=None, min_child_weight=None, missing=nan,
              monotone_constraints=None, multi_strategy=None, n_estimators=None,
              n_jobs=None, num_parallel_tree=None, ...), 'final_estimator__gamma': 5, 'final_estimator__learning_rate': 0.05, 'final_estimator__max_depth': 3, 'final_estimator__n_estimators': 300, 'passthrough': False}",,0.809023318,0.006442929,61,0.850087594,0.004601785,87
86.9457201,3.238566631,0.987731218,0.050654167,"XGBClassifier(base_score=None, booster=None, callbacks=None,
              colsample_bylevel=None, colsample_bynode=None,
              colsample_bytree=None, device=None, early_stopping_rounds=None,
              enable_categorical=False, eval_metric=None, feature_types=None,
              feature_weights=None, gamma=None, grow_policy=None,
              importance_type=None, interaction_constraints=None,
              learning_rate=None, max_bin=None, max_cat_threshold=None,
              max_cat_to_onehot=None, max_delta_step=None, max_depth=None,
              max_leaves=None, min_child_weight=None, missing=nan,
              monotone_constraints=None, multi_strategy=None, n_estimators=None,
              n_jobs=None, num_parallel_tree=None, ...)",5,0.05,3,100,FALSE,"{'final_estimator': XGBClassifier(base_score=None, booster=None, callbacks=None,
              colsample_bylevel=None, colsample_bynode=None,
              colsample_bytree=None, device=None, early_stopping_rounds=None,
              enable_categorical=False, eval_metric=None, feature_types=None,
              feature_weights=None, gamma=None, grow_policy=None,
              importance_type=None, interaction_constraints=None,
              learning_rate=None, max_bin=None, max_cat_threshold=None,
              max_cat_to_onehot=None, max_delta_step=None, max_depth=None,
              max_leaves=None, min_child_weight=None, missing=nan,
              monotone_constraints=None, multi_strategy=None, n_estimators=None,
              n_jobs=None, num_parallel_tree=None, ...), 'final_estimator__gamma': 5, 'final_estimator__learning_rate': 0.05, 'final_estimator__max_depth': 3, 'final_estimator__n_estimators': 100, 'passthrough': False}",,0.808627474,0.006023179,66,0.849904536,0.00459568,88
85.1639307,2.240633585,1.026013279,0.021626543,RandomForestClassifier(),FALSE,10,4,10,100,TRUE,"{'final_estimator': RandomForestClassifier(), 'final_estimator__bootstrap': False, 'final_estimator__max_depth': 10, 'final_estimator__min_samples_leaf': 4, 'final_estimator__min_samples_split': 10, 'final_estimator__n_estimators': 100, 'passthrough': True}",0.804075173,0.007753889,119,0.849887272,0.006328412,89
91.59812627,5.765453116,0.993166065,0.086521705,"XGBClassifier(base_score=None, booster=None, callbacks=None,
              colsample_bylevel=None, colsample_bynode=None,
              colsample_bytree=None, device=None, early_stopping_rounds=None,
              enable_categorical=False, eval_metric=None, feature_types=None,
              feature_weights=None, gamma=None, grow_policy=None,
              importance_type=None, interaction_constraints=None,
              learning_rate=None, max_bin=None, max_cat_threshold=None,
              max_cat_to_onehot=None, max_delta_step=None, max_depth=None,
              max_leaves=None, min_child_weight=None, missing=nan,
              monotone_constraints=None, multi_strategy=None, n_estimators=None,
              n_jobs=None, num_parallel_tree=None, ...)",0,0.1,7,300,TRUE,"{'final_estimator': XGBClassifier(base_score=None, booster=None, callbacks=None,
              colsample_bylevel=None, colsample_bynode=None,
              colsample_bytree=None, device=None, early_stopping_rounds=None,
              enable_categorical=False, eval_metric=None, feature_types=None,
              feature_weights=None, gamma=None, grow_policy=None,
              importance_type=None, interaction_constraints=None,
              learning_rate=None, max_bin=None, max_cat_threshold=None,
              max_cat_to_onehot=None, max_delta_step=None, max_depth=None,
              max_leaves=None, min_child_weight=None, missing=nan,
              monotone_constraints=None, multi_strategy=None, n_estimators=None,
              n_jobs=None, num_parallel_tree=None, ...), 'final_estimator__gamma': 0, 'final_estimator__learning_rate': 0.1, 'final_estimator__max_depth': 7, 'final_estimator__n_estimators': 300, 'passthrough': True}",,0.811991264,0.005545305,28,0.849822148,0.004399817,90
98.03726258,3.323578324,0.976803732,0.030331112,RandomForestClassifier(),TRUE,,1,2,100,TRUE,"{'final_estimator': RandomForestClassifier(), 'final_estimator__bootstrap': True, 'final_estimator__max_depth': None, 'final_estimator__min_samples_leaf': 1, 'final_estimator__min_samples_split': 2, 'final_estimator__n_estimators': 100, 'passthrough': True}",0.807440335,0.006896678,82,0.8497793,0.006317946,91
89.08951235,5.714421826,1.010231495,0.066985911,"XGBClassifier(base_score=None, booster=None, callbacks=None,
              colsample_bylevel=None, colsample_bynode=None,
              colsample_bytree=None, device=None, early_stopping_rounds=None,
              enable_categorical=False, eval_metric=None, feature_types=None,
              feature_weights=None, gamma=None, grow_policy=None,
              importance_type=None, interaction_constraints=None,
              learning_rate=None, max_bin=None, max_cat_threshold=None,
              max_cat_to_onehot=None, max_delta_step=None, max_depth=None,
              max_leaves=None, min_child_weight=None, missing=nan,
              monotone_constraints=None, multi_strategy=None, n_estimators=None,
              n_jobs=None, num_parallel_tree=None, ...)",0,0.1,3,100,TRUE,"{'final_estimator': XGBClassifier(base_score=None, booster=None, callbacks=None,
              colsample_bylevel=None, colsample_bynode=None,
              colsample_bytree=None, device=None, early_stopping_rounds=None,
              enable_categorical=False, eval_metric=None, feature_types=None,
              feature_weights=None, gamma=None, grow_policy=None,
              importance_type=None, interaction_constraints=None,
              learning_rate=None, max_bin=None, max_cat_threshold=None,
              max_cat_to_onehot=None, max_delta_step=None, max_depth=None,
              max_leaves=None, min_child_weight=None, missing=nan,
              monotone_constraints=None, multi_strategy=None, n_estimators=None,
              n_jobs=None, num_parallel_tree=None, ...), 'final_estimator__gamma': 0, 'final_estimator__learning_rate': 0.1, 'final_estimator__max_depth': 3, 'final_estimator__n_estimators': 100, 'passthrough': True}",,0.809614243,0.009558844,57,0.84972074,0.006717262,92
96.67375679,7.581510784,1.006931925,0.04661873,"XGBClassifier(base_score=None, booster=None, callbacks=None,
              colsample_bylevel=None, colsample_bynode=None,
              colsample_bytree=None, device=None, early_stopping_rounds=None,
              enable_categorical=False, eval_metric=None, feature_types=None,
              feature_weights=None, gamma=None, grow_policy=None,
              importance_type=None, interaction_constraints=None,
              learning_rate=None, max_bin=None, max_cat_threshold=None,
              max_cat_to_onehot=None, max_delta_step=None, max_depth=None,
              max_leaves=None, min_child_weight=None, missing=nan,
              monotone_constraints=None, multi_strategy=None, n_estimators=None,
              n_jobs=None, num_parallel_tree=None, ...)",0,0.01,7,100,FALSE,"{'final_estimator': XGBClassifier(base_score=None, booster=None, callbacks=None,
              colsample_bylevel=None, colsample_bynode=None,
              colsample_bytree=None, device=None, early_stopping_rounds=None,
              enable_categorical=False, eval_metric=None, feature_types=None,
              feature_weights=None, gamma=None, grow_policy=None,
              importance_type=None, interaction_constraints=None,
              learning_rate=None, max_bin=None, max_cat_threshold=None,
              max_cat_to_onehot=None, max_delta_step=None, max_depth=None,
              max_leaves=None, min_child_weight=None, missing=nan,
              monotone_constraints=None, multi_strategy=None, n_estimators=None,
              n_jobs=None, num_parallel_tree=None, ...), 'final_estimator__gamma': 0, 'final_estimator__learning_rate': 0.01, 'final_estimator__max_depth': 7, 'final_estimator__n_estimators': 100, 'passthrough': False}",,0.802491211,0.01052538,135,0.849703699,0.007615669,93
90.64601436,6.505309814,1.030745649,0.065202708,"XGBClassifier(base_score=None, booster=None, callbacks=None,
              colsample_bylevel=None, colsample_bynode=None,
              colsample_bytree=None, device=None, early_stopping_rounds=None,
              enable_categorical=False, eval_metric=None, feature_types=None,
              feature_weights=None, gamma=None, grow_policy=None,
              importance_type=None, interaction_constraints=None,
              learning_rate=None, max_bin=None, max_cat_threshold=None,
              max_cat_to_onehot=None, max_delta_step=None, max_depth=None,
              max_leaves=None, min_child_weight=None, missing=nan,
              monotone_constraints=None, multi_strategy=None, n_estimators=None,
              n_jobs=None, num_parallel_tree=None, ...)",0,0.1,5,100,TRUE,"{'final_estimator': XGBClassifier(base_score=None, booster=None, callbacks=None,
              colsample_bylevel=None, colsample_bynode=None,
              colsample_bytree=None, device=None, early_stopping_rounds=None,
              enable_categorical=False, eval_metric=None, feature_types=None,
              feature_weights=None, gamma=None, grow_policy=None,
              importance_type=None, interaction_constraints=None,
              learning_rate=None, max_bin=None, max_cat_threshold=None,
              max_cat_to_onehot=None, max_delta_step=None, max_depth=None,
              max_leaves=None, min_child_weight=None, missing=nan,
              monotone_constraints=None, multi_strategy=None, n_estimators=None,
              n_jobs=None, num_parallel_tree=None, ...), 'final_estimator__gamma': 0, 'final_estimator__learning_rate': 0.1, 'final_estimator__max_depth': 5, 'final_estimator__n_estimators': 100, 'passthrough': True}",,0.810210653,0.006753474,44,0.849588752,0.005942058,94
95.29504366,4.549371738,1.108781958,0.080062029,"XGBClassifier(base_score=None, booster=None, callbacks=None,
              colsample_bylevel=None, colsample_bynode=None,
              colsample_bytree=None, device=None, early_stopping_rounds=None,
              enable_categorical=False, eval_metric=None, feature_types=None,
              feature_weights=None, gamma=None, grow_policy=None,
              importance_type=None, interaction_constraints=None,
              learning_rate=None, max_bin=None, max_cat_threshold=None,
              max_cat_to_onehot=None, max_delta_step=None, max_depth=None,
              max_leaves=None, min_child_weight=None, missing=nan,
              monotone_constraints=None, multi_strategy=None, n_estimators=None,
              n_jobs=None, num_parallel_tree=None, ...)",5,0.1,3,100,FALSE,"{'final_estimator': XGBClassifier(base_score=None, booster=None, callbacks=None,
              colsample_bylevel=None, colsample_bynode=None,
              colsample_bytree=None, device=None, early_stopping_rounds=None,
              enable_categorical=False, eval_metric=None, feature_types=None,
              feature_weights=None, gamma=None, grow_policy=None,
              importance_type=None, interaction_constraints=None,
              learning_rate=None, max_bin=None, max_cat_threshold=None,
              max_cat_to_onehot=None, max_delta_step=None, max_depth=None,
              max_leaves=None, min_child_weight=None, missing=nan,
              monotone_constraints=None, multi_strategy=None, n_estimators=None,
              n_jobs=None, num_parallel_tree=None, ...), 'final_estimator__gamma': 5, 'final_estimator__learning_rate': 0.1, 'final_estimator__max_depth': 3, 'final_estimator__n_estimators': 100, 'passthrough': False}",,0.808429258,0.006287581,69,0.849551095,0.004398961,95
90.49511986,1.986745956,1.002985001,0.0488682,RandomForestClassifier(),TRUE,,1,10,100,TRUE,"{'final_estimator': RandomForestClassifier(), 'final_estimator__bootstrap': True, 'final_estimator__max_depth': None, 'final_estimator__min_samples_leaf': 1, 'final_estimator__min_samples_split': 10, 'final_estimator__n_estimators': 100, 'passthrough': True}",0.806648647,0.006429218,92,0.849506502,0.00554816,96
86.61227965,0.876131203,1.052680969,0.087216608,RandomForestClassifier(),TRUE,30,4,2,100,TRUE,"{'final_estimator': RandomForestClassifier(), 'final_estimator__bootstrap': True, 'final_estimator__max_depth': 30, 'final_estimator__min_samples_leaf': 4, 'final_estimator__min_samples_split': 2, 'final_estimator__n_estimators': 100, 'passthrough': True}",0.806649235,0.004373354,91,0.849332888,0.00375217,97
85.48449326,1.052563704,1.063437128,0.033486743,RandomForestClassifier(),TRUE,30,1,10,100,TRUE,"{'final_estimator': RandomForestClassifier(), 'final_estimator__bootstrap': True, 'final_estimator__max_depth': 30, 'final_estimator__min_samples_leaf': 1, 'final_estimator__min_samples_split': 10, 'final_estimator__n_estimators': 100, 'passthrough': True}",0.806248494,0.0124787,96,0.84933187,0.0093489,98
87.93312287,1.989861539,1.03473773,0.043286174,"XGBClassifier(base_score=None, booster=None, callbacks=None,
              colsample_bylevel=None, colsample_bynode=None,
              colsample_bytree=None, device=None, early_stopping_rounds=None,
              enable_categorical=False, eval_metric=None, feature_types=None,
              feature_weights=None, gamma=None, grow_policy=None,
              importance_type=None, interaction_constraints=None,
              learning_rate=None, max_bin=None, max_cat_threshold=None,
              max_cat_to_onehot=None, max_delta_step=None, max_depth=None,
              max_leaves=None, min_child_weight=None, missing=nan,
              monotone_constraints=None, multi_strategy=None, n_estimators=None,
              n_jobs=None, num_parallel_tree=None, ...)",0,0.01,3,300,FALSE,"{'final_estimator': XGBClassifier(base_score=None, booster=None, callbacks=None,
              colsample_bylevel=None, colsample_bynode=None,
              colsample_bytree=None, device=None, early_stopping_rounds=None,
              enable_categorical=False, eval_metric=None, feature_types=None,
              feature_weights=None, gamma=None, grow_policy=None,
              importance_type=None, interaction_constraints=None,
              learning_rate=None, max_bin=None, max_cat_threshold=None,
              max_cat_to_onehot=None, max_delta_step=None, max_depth=None,
              max_leaves=None, min_child_weight=None, missing=nan,
              monotone_constraints=None, multi_strategy=None, n_estimators=None,
              n_jobs=None, num_parallel_tree=None, ...), 'final_estimator__gamma': 0, 'final_estimator__learning_rate': 0.01, 'final_estimator__max_depth': 3, 'final_estimator__n_estimators': 300, 'passthrough': False}",,0.807638158,0.006606358,78,0.84930703,0.004682451,99
88.70800085,3.474790813,1.104645395,0.061250888,"XGBClassifier(base_score=None, booster=None, callbacks=None,
              colsample_bylevel=None, colsample_bynode=None,
              colsample_bytree=None, device=None, early_stopping_rounds=None,
              enable_categorical=False, eval_metric=None, feature_types=None,
              feature_weights=None, gamma=None, grow_policy=None,
              importance_type=None, interaction_constraints=None,
              learning_rate=None, max_bin=None, max_cat_threshold=None,
              max_cat_to_onehot=None, max_delta_step=None, max_depth=None,
              max_leaves=None, min_child_weight=None, missing=nan,
              monotone_constraints=None, multi_strategy=None, n_estimators=None,
              n_jobs=None, num_parallel_tree=None, ...)",5,0.01,3,300,FALSE,"{'final_estimator': XGBClassifier(base_score=None, booster=None, callbacks=None,
              colsample_bylevel=None, colsample_bynode=None,
              colsample_bytree=None, device=None, early_stopping_rounds=None,
              enable_categorical=False, eval_metric=None, feature_types=None,
              feature_weights=None, gamma=None, grow_policy=None,
              importance_type=None, interaction_constraints=None,
              learning_rate=None, max_bin=None, max_cat_threshold=None,
              max_cat_to_onehot=None, max_delta_step=None, max_depth=None,
              max_leaves=None, min_child_weight=None, missing=nan,
              monotone_constraints=None, multi_strategy=None, n_estimators=None,
              n_jobs=None, num_parallel_tree=None, ...), 'final_estimator__gamma': 5, 'final_estimator__learning_rate': 0.01, 'final_estimator__max_depth': 3, 'final_estimator__n_estimators': 300, 'passthrough': False}",,0.807836374,0.006256038,75,0.849292925,0.004571044,100
91.72950835,6.982582291,1.030749846,0.029604583,"XGBClassifier(base_score=None, booster=None, callbacks=None,
              colsample_bylevel=None, colsample_bynode=None,
              colsample_bytree=None, device=None, early_stopping_rounds=None,
              enable_categorical=False, eval_metric=None, feature_types=None,
              feature_weights=None, gamma=None, grow_policy=None,
              importance_type=None, interaction_constraints=None,
              learning_rate=None, max_bin=None, max_cat_threshold=None,
              max_cat_to_onehot=None, max_delta_step=None, max_depth=None,
              max_leaves=None, min_child_weight=None, missing=nan,
              monotone_constraints=None, multi_strategy=None, n_estimators=None,
              n_jobs=None, num_parallel_tree=None, ...)",0,0.05,3,300,FALSE,"{'final_estimator': XGBClassifier(base_score=None, booster=None, callbacks=None,
              colsample_bylevel=None, colsample_bynode=None,
              colsample_bytree=None, device=None, early_stopping_rounds=None,
              enable_categorical=False, eval_metric=None, feature_types=None,
              feature_weights=None, gamma=None, grow_policy=None,
              importance_type=None, interaction_constraints=None,
              learning_rate=None, max_bin=None, max_cat_threshold=None,
              max_cat_to_onehot=None, max_delta_step=None, max_depth=None,
              max_leaves=None, min_child_weight=None, missing=nan,
              monotone_constraints=None, multi_strategy=None, n_estimators=None,
              n_jobs=None, num_parallel_tree=None, ...), 'final_estimator__gamma': 0, 'final_estimator__learning_rate': 0.05, 'final_estimator__max_depth': 3, 'final_estimator__n_estimators': 300, 'passthrough': False}",,0.80961914,0.008792231,53,0.84925854,0.007002045,101
93.62920671,5.98775957,1.062668562,0.090536344,"XGBClassifier(base_score=None, booster=None, callbacks=None,
              colsample_bylevel=None, colsample_bynode=None,
              colsample_bytree=None, device=None, early_stopping_rounds=None,
              enable_categorical=False, eval_metric=None, feature_types=None,
              feature_weights=None, gamma=None, grow_policy=None,
              importance_type=None, interaction_constraints=None,
              learning_rate=None, max_bin=None, max_cat_threshold=None,
              max_cat_to_onehot=None, max_delta_step=None, max_depth=None,
              max_leaves=None, min_child_weight=None, missing=nan,
              monotone_constraints=None, multi_strategy=None, n_estimators=None,
              n_jobs=None, num_parallel_tree=None, ...)",0,0.05,5,300,FALSE,"{'final_estimator': XGBClassifier(base_score=None, booster=None, callbacks=None,
              colsample_bylevel=None, colsample_bynode=None,
              colsample_bytree=None, device=None, early_stopping_rounds=None,
              enable_categorical=False, eval_metric=None, feature_types=None,
              feature_weights=None, gamma=None, grow_policy=None,
              importance_type=None, interaction_constraints=None,
              learning_rate=None, max_bin=None, max_cat_threshold=None,
              max_cat_to_onehot=None, max_delta_step=None, max_depth=None,
              max_leaves=None, min_child_weight=None, missing=nan,
              monotone_constraints=None, multi_strategy=None, n_estimators=None,
              n_jobs=None, num_parallel_tree=None, ...), 'final_estimator__gamma': 0, 'final_estimator__learning_rate': 0.05, 'final_estimator__max_depth': 5, 'final_estimator__n_estimators': 300, 'passthrough': False}",,0.810015571,0.013408462,48,0.849148404,0.010670553,102
87.53395786,3.226619964,1.066266441,0.033229015,"XGBClassifier(base_score=None, booster=None, callbacks=None,
              colsample_bylevel=None, colsample_bynode=None,
              colsample_bytree=None, device=None, early_stopping_rounds=None,
              enable_categorical=False, eval_metric=None, feature_types=None,
              feature_weights=None, gamma=None, grow_policy=None,
              importance_type=None, interaction_constraints=None,
              learning_rate=None, max_bin=None, max_cat_threshold=None,
              max_cat_to_onehot=None, max_delta_step=None, max_depth=None,
              max_leaves=None, min_child_weight=None, missing=nan,
              monotone_constraints=None, multi_strategy=None, n_estimators=None,
              n_jobs=None, num_parallel_tree=None, ...)",0,0.05,3,100,TRUE,"{'final_estimator': XGBClassifier(base_score=None, booster=None, callbacks=None,
              colsample_bylevel=None, colsample_bynode=None,
              colsample_bytree=None, device=None, early_stopping_rounds=None,
              enable_categorical=False, eval_metric=None, feature_types=None,
              feature_weights=None, gamma=None, grow_policy=None,
              importance_type=None, interaction_constraints=None,
              learning_rate=None, max_bin=None, max_cat_threshold=None,
              max_cat_to_onehot=None, max_delta_step=None, max_depth=None,
              max_leaves=None, min_child_weight=None, missing=nan,
              monotone_constraints=None, multi_strategy=None, n_estimators=None,
              n_jobs=None, num_parallel_tree=None, ...), 'final_estimator__gamma': 0, 'final_estimator__learning_rate': 0.05, 'final_estimator__max_depth': 3, 'final_estimator__n_estimators': 100, 'passthrough': True}",,0.807240552,0.007190069,87,0.84910147,0.004843856,103
86.50332079,1.434597569,1.022825956,0.045776029,RandomForestClassifier(),FALSE,30,1,10,100,TRUE,"{'final_estimator': RandomForestClassifier(), 'final_estimator__bootstrap': False, 'final_estimator__max_depth': 30, 'final_estimator__min_samples_leaf': 1, 'final_estimator__min_samples_split': 10, 'final_estimator__n_estimators': 100, 'passthrough': True}",0.806845883,0.005487201,89,0.84909965,0.004183855,104
94.21962099,7.720620469,1.044332075,0.147031123,"XGBClassifier(base_score=None, booster=None, callbacks=None,
              colsample_bylevel=None, colsample_bynode=None,
              colsample_bytree=None, device=None, early_stopping_rounds=None,
              enable_categorical=False, eval_metric=None, feature_types=None,
              feature_weights=None, gamma=None, grow_policy=None,
              importance_type=None, interaction_constraints=None,
              learning_rate=None, max_bin=None, max_cat_threshold=None,
              max_cat_to_onehot=None, max_delta_step=None, max_depth=None,
              max_leaves=None, min_child_weight=None, missing=nan,
              monotone_constraints=None, multi_strategy=None, n_estimators=None,
              n_jobs=None, num_parallel_tree=None, ...)",0,0.1,5,100,FALSE,"{'final_estimator': XGBClassifier(base_score=None, booster=None, callbacks=None,
              colsample_bylevel=None, colsample_bynode=None,
              colsample_bytree=None, device=None, early_stopping_rounds=None,
              enable_categorical=False, eval_metric=None, feature_types=None,
              feature_weights=None, gamma=None, grow_policy=None,
              importance_type=None, interaction_constraints=None,
              learning_rate=None, max_bin=None, max_cat_threshold=None,
              max_cat_to_onehot=None, max_delta_step=None, max_depth=None,
              max_leaves=None, min_child_weight=None, missing=nan,
              monotone_constraints=None, multi_strategy=None, n_estimators=None,
              n_jobs=None, num_parallel_tree=None, ...), 'final_estimator__gamma': 0, 'final_estimator__learning_rate': 0.1, 'final_estimator__max_depth': 5, 'final_estimator__n_estimators': 100, 'passthrough': False}",,0.808824319,0.007999207,65,0.848806694,0.005513392,105
85.9076611,1.54489238,1.022812843,0.007796159,RandomForestClassifier(),TRUE,30,1,2,100,TRUE,"{'final_estimator': RandomForestClassifier(), 'final_estimator__bootstrap': True, 'final_estimator__max_depth': 30, 'final_estimator__min_samples_leaf': 1, 'final_estimator__min_samples_split': 2, 'final_estimator__n_estimators': 100, 'passthrough': True}",0.806845883,0.008530058,90,0.848777752,0.006460885,106
93.84992213,1.900231507,1.026681328,0.029840606,RandomForestClassifier(),TRUE,10,1,10,300,FALSE,"{'final_estimator': RandomForestClassifier(), 'final_estimator__bootstrap': True, 'final_estimator__max_depth': 10, 'final_estimator__min_samples_leaf': 1, 'final_estimator__min_samples_split': 10, 'final_estimator__n_estimators': 300, 'passthrough': False}",0.807835787,0.006051105,77,0.848692406,0.004335003,107
85.66572809,1.487156309,1.037508821,0.217395586,"XGBClassifier(base_score=None, booster=None, callbacks=None,
              colsample_bylevel=None, colsample_bynode=None,
              colsample_bytree=None, device=None, early_stopping_rounds=None,
              enable_categorical=False, eval_metric=None, feature_types=None,
              feature_weights=None, gamma=None, grow_policy=None,
              importance_type=None, interaction_constraints=None,
              learning_rate=None, max_bin=None, max_cat_threshold=None,
              max_cat_to_onehot=None, max_delta_step=None, max_depth=None,
              max_leaves=None, min_child_weight=None, missing=nan,
              monotone_constraints=None, multi_strategy=None, n_estimators=None,
              n_jobs=None, num_parallel_tree=None, ...)",5,0.1,3,100,TRUE,"{'final_estimator': XGBClassifier(base_score=None, booster=None, callbacks=None,
              colsample_bylevel=None, colsample_bynode=None,
              colsample_bytree=None, device=None, early_stopping_rounds=None,
              enable_categorical=False, eval_metric=None, feature_types=None,
              feature_weights=None, gamma=None, grow_policy=None,
              importance_type=None, interaction_constraints=None,
              learning_rate=None, max_bin=None, max_cat_threshold=None,
              max_cat_to_onehot=None, max_delta_step=None, max_depth=None,
              max_leaves=None, min_child_weight=None, missing=nan,
              monotone_constraints=None, multi_strategy=None, n_estimators=None,
              n_jobs=None, num_parallel_tree=None, ...), 'final_estimator__gamma': 5, 'final_estimator__learning_rate': 0.1, 'final_estimator__max_depth': 3, 'final_estimator__n_estimators': 100, 'passthrough': True}",,0.806648451,0.005512245,93,0.848591603,0.004224248,108
87.79518576,5.73104934,1.15847888,0.201233038,"XGBClassifier(base_score=None, booster=None, callbacks=None,
              colsample_bylevel=None, colsample_bynode=None,
              colsample_bytree=None, device=None, early_stopping_rounds=None,
              enable_categorical=False, eval_metric=None, feature_types=None,
              feature_weights=None, gamma=None, grow_policy=None,
              importance_type=None, interaction_constraints=None,
              learning_rate=None, max_bin=None, max_cat_threshold=None,
              max_cat_to_onehot=None, max_delta_step=None, max_depth=None,
              max_leaves=None, min_child_weight=None, missing=nan,
              monotone_constraints=None, multi_strategy=None, n_estimators=None,
              n_jobs=None, num_parallel_tree=None, ...)",0,0.05,7,100,FALSE,"{'final_estimator': XGBClassifier(base_score=None, booster=None, callbacks=None,
              colsample_bylevel=None, colsample_bynode=None,
              colsample_bytree=None, device=None, early_stopping_rounds=None,
              enable_categorical=False, eval_metric=None, feature_types=None,
              feature_weights=None, gamma=None, grow_policy=None,
              importance_type=None, interaction_constraints=None,
              learning_rate=None, max_bin=None, max_cat_threshold=None,
              max_cat_to_onehot=None, max_delta_step=None, max_depth=None,
              max_leaves=None, min_child_weight=None, missing=nan,
              monotone_constraints=None, multi_strategy=None, n_estimators=None,
              n_jobs=None, num_parallel_tree=None, ...), 'final_estimator__gamma': 0, 'final_estimator__learning_rate': 0.05, 'final_estimator__max_depth': 7, 'final_estimator__n_estimators': 100, 'passthrough': False}",,0.808231239,0.004718598,70,0.848483477,0.003128293,109
87.05055947,1.858289003,1.151408195,0.104652113,RandomForestClassifier(),TRUE,10,1,2,300,FALSE,"{'final_estimator': RandomForestClassifier(), 'final_estimator__bootstrap': True, 'final_estimator__max_depth': 10, 'final_estimator__min_samples_leaf': 1, 'final_estimator__min_samples_split': 2, 'final_estimator__n_estimators': 300, 'passthrough': False}",0.807440139,0.007310843,83,0.848415106,0.005624295,110
206.9820881,4.067998565,4.440026283,0.199088288,"SVC(C=20, probability=True)",20,rbf,FALSE,"{'final_estimator': SVC(C=20, probability=True), 'final_estimator__C': 20, 'final_estimator__kernel': 'rbf', 'passthrough': False}",,,,0.8044718,0.003390503,116,0.848397003,0.003379832,111
93.56488361,7.532545057,1.157881594,0.15070636,"XGBClassifier(base_score=None, booster=None, callbacks=None,
              colsample_bylevel=None, colsample_bynode=None,
              colsample_bytree=None, device=None, early_stopping_rounds=None,
              enable_categorical=False, eval_metric=None, feature_types=None,
              feature_weights=None, gamma=None, grow_policy=None,
              importance_type=None, interaction_constraints=None,
              learning_rate=None, max_bin=None, max_cat_threshold=None,
              max_cat_to_onehot=None, max_delta_step=None, max_depth=None,
              max_leaves=None, min_child_weight=None, missing=nan,
              monotone_constraints=None, multi_strategy=None, n_estimators=None,
              n_jobs=None, num_parallel_tree=None, ...)",0,0.05,3,300,TRUE,"{'final_estimator': XGBClassifier(base_score=None, booster=None, callbacks=None,
              colsample_bylevel=None, colsample_bynode=None,
              colsample_bytree=None, device=None, early_stopping_rounds=None,
              enable_categorical=False, eval_metric=None, feature_types=None,
              feature_weights=None, gamma=None, grow_policy=None,
              importance_type=None, interaction_constraints=None,
              learning_rate=None, max_bin=None, max_cat_threshold=None,
              max_cat_to_onehot=None, max_delta_step=None, max_depth=None,
              max_leaves=None, min_child_weight=None, missing=nan,
              monotone_constraints=None, multi_strategy=None, n_estimators=None,
              n_jobs=None, num_parallel_tree=None, ...), 'final_estimator__gamma': 0, 'final_estimator__learning_rate': 0.05, 'final_estimator__max_depth': 3, 'final_estimator__n_estimators': 300, 'passthrough': True}",,0.809418378,0.008019976,58,0.848324446,0.006266189,112
89.59963102,4.541104584,1.016859484,0.067792481,"XGBClassifier(base_score=None, booster=None, callbacks=None,
              colsample_bylevel=None, colsample_bynode=None,
              colsample_bytree=None, device=None, early_stopping_rounds=None,
              enable_categorical=False, eval_metric=None, feature_types=None,
              feature_weights=None, gamma=None, grow_policy=None,
              importance_type=None, interaction_constraints=None,
              learning_rate=None, max_bin=None, max_cat_threshold=None,
              max_cat_to_onehot=None, max_delta_step=None, max_depth=None,
              max_leaves=None, min_child_weight=None, missing=nan,
              monotone_constraints=None, multi_strategy=None, n_estimators=None,
              n_jobs=None, num_parallel_tree=None, ...)",5,0.05,3,100,TRUE,"{'final_estimator': XGBClassifier(base_score=None, booster=None, callbacks=None,
              colsample_bylevel=None, colsample_bynode=None,
              colsample_bytree=None, device=None, early_stopping_rounds=None,
              enable_categorical=False, eval_metric=None, feature_types=None,
              feature_weights=None, gamma=None, grow_policy=None,
              importance_type=None, interaction_constraints=None,
              learning_rate=None, max_bin=None, max_cat_threshold=None,
              max_cat_to_onehot=None, max_delta_step=None, max_depth=None,
              max_leaves=None, min_child_weight=None, missing=nan,
              monotone_constraints=None, multi_strategy=None, n_estimators=None,
              n_jobs=None, num_parallel_tree=None, ...), 'final_estimator__gamma': 5, 'final_estimator__learning_rate': 0.05, 'final_estimator__max_depth': 3, 'final_estimator__n_estimators': 100, 'passthrough': True}",,0.806053804,0.005935436,97,0.84824996,0.004315086,113
90.28465052,6.254824561,1.079123878,0.065492104,"XGBClassifier(base_score=None, booster=None, callbacks=None,
              colsample_bylevel=None, colsample_bynode=None,
              colsample_bytree=None, device=None, early_stopping_rounds=None,
              enable_categorical=False, eval_metric=None, feature_types=None,
              feature_weights=None, gamma=None, grow_policy=None,
              importance_type=None, interaction_constraints=None,
              learning_rate=None, max_bin=None, max_cat_threshold=None,
              max_cat_to_onehot=None, max_delta_step=None, max_depth=None,
              max_leaves=None, min_child_weight=None, missing=nan,
              monotone_constraints=None, multi_strategy=None, n_estimators=None,
              n_jobs=None, num_parallel_tree=None, ...)",5,0.05,3,300,TRUE,"{'final_estimator': XGBClassifier(base_score=None, booster=None, callbacks=None,
              colsample_bylevel=None, colsample_bynode=None,
              colsample_bytree=None, device=None, early_stopping_rounds=None,
              enable_categorical=False, eval_metric=None, feature_types=None,
              feature_weights=None, gamma=None, grow_policy=None,
              importance_type=None, interaction_constraints=None,
              learning_rate=None, max_bin=None, max_cat_threshold=None,
              max_cat_to_onehot=None, max_delta_step=None, max_depth=None,
              max_leaves=None, min_child_weight=None, missing=nan,
              monotone_constraints=None, multi_strategy=None, n_estimators=None,
              n_jobs=None, num_parallel_tree=None, ...), 'final_estimator__gamma': 5, 'final_estimator__learning_rate': 0.05, 'final_estimator__max_depth': 3, 'final_estimator__n_estimators': 300, 'passthrough': True}",,0.805658156,0.006175865,103,0.848035267,0.004504743,114
86.14027948,2.06067641,1.143623877,0.131016024,RandomForestClassifier(),TRUE,10,1,2,100,FALSE,"{'final_estimator': RandomForestClassifier(), 'final_estimator__bootstrap': True, 'final_estimator__max_depth': 10, 'final_estimator__min_samples_leaf': 1, 'final_estimator__min_samples_split': 2, 'final_estimator__n_estimators': 100, 'passthrough': False}",0.806053804,0.008109468,98,0.84770653,0.005633297,115
91.63815799,5.599753286,1.405987978,0.459890147,"XGBClassifier(base_score=None, booster=None, callbacks=None,
              colsample_bylevel=None, colsample_bynode=None,
              colsample_bytree=None, device=None, early_stopping_rounds=None,
              enable_categorical=False, eval_metric=None, feature_types=None,
              feature_weights=None, gamma=None, grow_policy=None,
              importance_type=None, interaction_constraints=None,
              learning_rate=None, max_bin=None, max_cat_threshold=None,
              max_cat_to_onehot=None, max_delta_step=None, max_depth=None,
              max_leaves=None, min_child_weight=None, missing=nan,
              monotone_constraints=None, multi_strategy=None, n_estimators=None,
              n_jobs=None, num_parallel_tree=None, ...)",5,0.1,3,300,TRUE,"{'final_estimator': XGBClassifier(base_score=None, booster=None, callbacks=None,
              colsample_bylevel=None, colsample_bynode=None,
              colsample_bytree=None, device=None, early_stopping_rounds=None,
              enable_categorical=False, eval_metric=None, feature_types=None,
              feature_weights=None, gamma=None, grow_policy=None,
              importance_type=None, interaction_constraints=None,
              learning_rate=None, max_bin=None, max_cat_threshold=None,
              max_cat_to_onehot=None, max_delta_step=None, max_depth=None,
              max_leaves=None, min_child_weight=None, missing=nan,
              monotone_constraints=None, multi_strategy=None, n_estimators=None,
              n_jobs=None, num_parallel_tree=None, ...), 'final_estimator__gamma': 5, 'final_estimator__learning_rate': 0.1, 'final_estimator__max_depth': 3, 'final_estimator__n_estimators': 300, 'passthrough': True}",,0.805263488,0.005598518,106,0.847528768,0.004365234,116
87.32539668,1.106904291,1.090594912,0.058103242,RandomForestClassifier(),TRUE,10,4,2,300,FALSE,"{'final_estimator': RandomForestClassifier(), 'final_estimator__bootstrap': True, 'final_estimator__max_depth': 10, 'final_estimator__min_samples_leaf': 4, 'final_estimator__min_samples_split': 2, 'final_estimator__n_estimators': 300, 'passthrough': False}",0.806450627,0.007010116,95,0.847524451,0.005323985,117
92.51125717,6.432113742,1.075405216,0.137967552,"XGBClassifier(base_score=None, booster=None, callbacks=None,
              colsample_bylevel=None, colsample_bynode=None,
              colsample_bytree=None, device=None, early_stopping_rounds=None,
              enable_categorical=False, eval_metric=None, feature_types=None,
              feature_weights=None, gamma=None, grow_policy=None,
              importance_type=None, interaction_constraints=None,
              learning_rate=None, max_bin=None, max_cat_threshold=None,
              max_cat_to_onehot=None, max_delta_step=None, max_depth=None,
              max_leaves=None, min_child_weight=None, missing=nan,
              monotone_constraints=None, multi_strategy=None, n_estimators=None,
              n_jobs=None, num_parallel_tree=None, ...)",0,0.1,7,100,FALSE,"{'final_estimator': XGBClassifier(base_score=None, booster=None, callbacks=None,
              colsample_bylevel=None, colsample_bynode=None,
              colsample_bytree=None, device=None, early_stopping_rounds=None,
              enable_categorical=False, eval_metric=None, feature_types=None,
              feature_weights=None, gamma=None, grow_policy=None,
              importance_type=None, interaction_constraints=None,
              learning_rate=None, max_bin=None, max_cat_threshold=None,
              max_cat_to_onehot=None, max_delta_step=None, max_depth=None,
              max_leaves=None, min_child_weight=None, missing=nan,
              monotone_constraints=None, multi_strategy=None, n_estimators=None,
              n_jobs=None, num_parallel_tree=None, ...), 'final_estimator__gamma': 0, 'final_estimator__learning_rate': 0.1, 'final_estimator__max_depth': 7, 'final_estimator__n_estimators': 100, 'passthrough': False}",,0.807442881,0.008711494,81,0.847362295,0.007102094,118
86.81373978,2.584625156,1.025621557,0.04644891,RandomForestClassifier(),FALSE,30,4,2,100,TRUE,"{'final_estimator': RandomForestClassifier(), 'final_estimator__bootstrap': False, 'final_estimator__max_depth': 30, 'final_estimator__min_samples_leaf': 4, 'final_estimator__min_samples_split': 2, 'final_estimator__n_estimators': 100, 'passthrough': True}",0.804074586,0.007113431,120,0.84724142,0.006053684,119
950.5137083,367.5889853,116.3928355,222.6817208,"SVC(C=20, probability=True)",1,rbf,FALSE,"{'final_estimator': SVC(C=20, probability=True), 'final_estimator__C': 1, 'final_estimator__kernel': 'rbf', 'passthrough': False}",,,,0.801106639,0.007603894,145,0.84706397,0.005249886,120
98.66078315,5.154743197,1.107950068,0.057011785,"XGBClassifier(base_score=None, booster=None, callbacks=None,
              colsample_bylevel=None, colsample_bynode=None,
              colsample_bytree=None, device=None, early_stopping_rounds=None,
              enable_categorical=False, eval_metric=None, feature_types=None,
              feature_weights=None, gamma=None, grow_policy=None,
              importance_type=None, interaction_constraints=None,
              learning_rate=None, max_bin=None, max_cat_threshold=None,
              max_cat_to_onehot=None, max_delta_step=None, max_depth=None,
              max_leaves=None, min_child_weight=None, missing=nan,
              monotone_constraints=None, multi_strategy=None, n_estimators=None,
              n_jobs=None, num_parallel_tree=None, ...)",0,0.01,7,300,FALSE,"{'final_estimator': XGBClassifier(base_score=None, booster=None, callbacks=None,
              colsample_bylevel=None, colsample_bynode=None,
              colsample_bytree=None, device=None, early_stopping_rounds=None,
              enable_categorical=False, eval_metric=None, feature_types=None,
              feature_weights=None, gamma=None, grow_policy=None,
              importance_type=None, interaction_constraints=None,
              learning_rate=None, max_bin=None, max_cat_threshold=None,
              max_cat_to_onehot=None, max_delta_step=None, max_depth=None,
              max_leaves=None, min_child_weight=None, missing=nan,
              monotone_constraints=None, multi_strategy=None, n_estimators=None,
              n_jobs=None, num_parallel_tree=None, ...), 'final_estimator__gamma': 0, 'final_estimator__learning_rate': 0.01, 'final_estimator__max_depth': 7, 'final_estimator__n_estimators': 300, 'passthrough': False}",,0.805462095,0.008994507,104,0.847046285,0.007055359,121
87.27375565,1.061949224,1.028586721,0.083799953,"XGBClassifier(base_score=None, booster=None, callbacks=None,
              colsample_bylevel=None, colsample_bynode=None,
              colsample_bytree=None, device=None, early_stopping_rounds=None,
              enable_categorical=False, eval_metric=None, feature_types=None,
              feature_weights=None, gamma=None, grow_policy=None,
              importance_type=None, interaction_constraints=None,
              learning_rate=None, max_bin=None, max_cat_threshold=None,
              max_cat_to_onehot=None, max_delta_step=None, max_depth=None,
              max_leaves=None, min_child_weight=None, missing=nan,
              monotone_constraints=None, multi_strategy=None, n_estimators=None,
              n_jobs=None, num_parallel_tree=None, ...)",0,0.1,3,300,TRUE,"{'final_estimator': XGBClassifier(base_score=None, booster=None, callbacks=None,
              colsample_bylevel=None, colsample_bynode=None,
              colsample_bytree=None, device=None, early_stopping_rounds=None,
              enable_categorical=False, eval_metric=None, feature_types=None,
              feature_weights=None, gamma=None, grow_policy=None,
              importance_type=None, interaction_constraints=None,
              learning_rate=None, max_bin=None, max_cat_threshold=None,
              max_cat_to_onehot=None, max_delta_step=None, max_depth=None,
              max_leaves=None, min_child_weight=None, missing=nan,
              monotone_constraints=None, multi_strategy=None, n_estimators=None,
              n_jobs=None, num_parallel_tree=None, ...), 'final_estimator__gamma': 0, 'final_estimator__learning_rate': 0.1, 'final_estimator__max_depth': 3, 'final_estimator__n_estimators': 300, 'passthrough': True}",,0.808033219,0.004494097,73,0.846844373,0.003987127,122
212.69008,3.212739309,4.718601131,0.632647906,"SVC(C=20, probability=True)",40,rbf,FALSE,"{'final_estimator': SVC(C=20, probability=True), 'final_estimator__C': 40, 'final_estimator__kernel': 'rbf', 'passthrough': False}",,,,0.801899893,0.002957207,140,0.846182925,0.003484499,123
88.94892206,2.119962823,0.998528719,0.03249799,RandomForestClassifier(),TRUE,10,1,10,100,FALSE,"{'final_estimator': RandomForestClassifier(), 'final_estimator__bootstrap': True, 'final_estimator__max_depth': 10, 'final_estimator__min_samples_leaf': 1, 'final_estimator__min_samples_split': 10, 'final_estimator__n_estimators': 100, 'passthrough': False}",0.804472388,0.00908242,115,0.846076676,0.007623401,124
89.29803967,3.964747471,1.017827845,0.020531331,RandomForestClassifier(),TRUE,30,4,10,300,FALSE,"{'final_estimator': RandomForestClassifier(), 'final_estimator__bootstrap': True, 'final_estimator__max_depth': 30, 'final_estimator__min_samples_leaf': 4, 'final_estimator__min_samples_split': 10, 'final_estimator__n_estimators': 300, 'passthrough': False}",0.80565894,0.00689977,102,0.845753152,0.005082901,125
86.7005209,1.137437599,1.105946016,0.068414389,RandomForestClassifier(),TRUE,10,4,10,300,FALSE,"{'final_estimator': RandomForestClassifier(), 'final_estimator__bootstrap': True, 'final_estimator__max_depth': 10, 'final_estimator__min_samples_leaf': 4, 'final_estimator__min_samples_split': 10, 'final_estimator__n_estimators': 300, 'passthrough': False}",0.803284465,0.007271183,126,0.845512873,0.0054371,126
205.8166219,2.190411167,4.372380066,0.188722704,"SVC(C=20, probability=True)",60,rbf,FALSE,"{'final_estimator': SVC(C=20, probability=True), 'final_estimator__C': 60, 'final_estimator__kernel': 'rbf', 'passthrough': False}",,,,0.800910186,0.004403264,146,0.845475257,0.004621329,127
88.24206648,1.851651459,1.043104601,0.030904184,RandomForestClassifier(),TRUE,,4,10,300,FALSE,"{'final_estimator': RandomForestClassifier(), 'final_estimator__bootstrap': True, 'final_estimator__max_depth': None, 'final_estimator__min_samples_leaf': 4, 'final_estimator__min_samples_split': 10, 'final_estimator__n_estimators': 300, 'passthrough': False}",0.805460724,0.006128458,105,0.845392069,0.003667022,128
84.25931726,1.032691717,1.061590433,0.028934241,RandomForestClassifier(),FALSE,10,4,2,100,FALSE,"{'final_estimator': RandomForestClassifier(), 'final_estimator__bootstrap': False, 'final_estimator__max_depth': 10, 'final_estimator__min_samples_leaf': 4, 'final_estimator__min_samples_split': 2, 'final_estimator__n_estimators': 100, 'passthrough': False}",0.803878328,0.006851376,121,0.845242125,0.00617935,129
88.2897121,2.425777702,1.027363014,0.02555153,RandomForestClassifier(),TRUE,10,4,2,100,FALSE,"{'final_estimator': RandomForestClassifier(), 'final_estimator__bootstrap': True, 'final_estimator__max_depth': 10, 'final_estimator__min_samples_leaf': 4, 'final_estimator__min_samples_split': 2, 'final_estimator__n_estimators': 100, 'passthrough': False}",0.803679917,0.008291174,124,0.844997616,0.006432522,130
95.13416905,7.556810025,1.133349466,0.08546387,"XGBClassifier(base_score=None, booster=None, callbacks=None,
              colsample_bylevel=None, colsample_bynode=None,
              colsample_bytree=None, device=None, early_stopping_rounds=None,
              enable_categorical=False, eval_metric=None, feature_types=None,
              feature_weights=None, gamma=None, grow_policy=None,
              importance_type=None, interaction_constraints=None,
              learning_rate=None, max_bin=None, max_cat_threshold=None,
              max_cat_to_onehot=None, max_delta_step=None, max_depth=None,
              max_leaves=None, min_child_weight=None, missing=nan,
              monotone_constraints=None, multi_strategy=None, n_estimators=None,
              n_jobs=None, num_parallel_tree=None, ...)",0,0.1,3,300,FALSE,"{'final_estimator': XGBClassifier(base_score=None, booster=None, callbacks=None,
              colsample_bylevel=None, colsample_bynode=None,
              colsample_bytree=None, device=None, early_stopping_rounds=None,
              enable_categorical=False, eval_metric=None, feature_types=None,
              feature_weights=None, gamma=None, grow_policy=None,
              importance_type=None, interaction_constraints=None,
              learning_rate=None, max_bin=None, max_cat_threshold=None,
              max_cat_to_onehot=None, max_delta_step=None, max_depth=None,
              max_leaves=None, min_child_weight=None, missing=nan,
              monotone_constraints=None, multi_strategy=None, n_estimators=None,
              n_jobs=None, num_parallel_tree=None, ...), 'final_estimator__gamma': 0, 'final_estimator__learning_rate': 0.1, 'final_estimator__max_depth': 3, 'final_estimator__n_estimators': 300, 'passthrough': False}",,0.804867056,0.004954861,110,0.844966849,0.003873732,131
84.93594437,1.247279728,1.073840857,0.042659176,RandomForestClassifier(),TRUE,10,4,10,100,FALSE,"{'final_estimator': RandomForestClassifier(), 'final_estimator__bootstrap': True, 'final_estimator__max_depth': 10, 'final_estimator__min_samples_leaf': 4, 'final_estimator__min_samples_split': 10, 'final_estimator__n_estimators': 100, 'passthrough': False}",0.802887838,0.009107504,128,0.844726376,0.006753712,132
86.42190533,1.404565502,1.048185825,0.027478291,RandomForestClassifier(),FALSE,10,4,10,100,FALSE,"{'final_estimator': RandomForestClassifier(), 'final_estimator__bootstrap': False, 'final_estimator__max_depth': 10, 'final_estimator__min_samples_leaf': 4, 'final_estimator__min_samples_split': 10, 'final_estimator__n_estimators': 100, 'passthrough': False}",0.803482681,0.004964531,125,0.84471526,0.003985296,133
92.51583076,1.37599983,1.009206486,0.038321216,RandomForestClassifier(),TRUE,,4,2,300,FALSE,"{'final_estimator': RandomForestClassifier(), 'final_estimator__bootstrap': True, 'final_estimator__max_depth': None, 'final_estimator__min_samples_leaf': 4, 'final_estimator__min_samples_split': 2, 'final_estimator__n_estimators': 300, 'passthrough': False}",0.804473171,0.006318592,114,0.844490926,0.005423305,134
85.95669961,1.363060553,1.023144388,0.02045618,RandomForestClassifier(),FALSE,10,1,10,100,FALSE,"{'final_estimator': RandomForestClassifier(), 'final_estimator__bootstrap': False, 'final_estimator__max_depth': 10, 'final_estimator__min_samples_leaf': 1, 'final_estimator__min_samples_split': 10, 'final_estimator__n_estimators': 100, 'passthrough': False}",0.802296716,0.009898086,136,0.844381176,0.008430798,135
85.74561319,2.305212878,1.047219276,0.03081509,RandomForestClassifier(),FALSE,10,4,10,300,FALSE,"{'final_estimator': RandomForestClassifier(), 'final_estimator__bootstrap': False, 'final_estimator__max_depth': 10, 'final_estimator__min_samples_leaf': 4, 'final_estimator__min_samples_split': 10, 'final_estimator__n_estimators': 300, 'passthrough': False}",0.802096542,0.0090488,139,0.843928961,0.007386867,136
86.62148209,1.299001614,1.077557707,0.045180158,RandomForestClassifier(),TRUE,30,4,2,300,FALSE,"{'final_estimator': RandomForestClassifier(), 'final_estimator__bootstrap': True, 'final_estimator__max_depth': 30, 'final_estimator__min_samples_leaf': 4, 'final_estimator__min_samples_split': 2, 'final_estimator__n_estimators': 300, 'passthrough': False}",0.803681092,0.005061596,122,0.843853965,0.004692128,137
86.05807776,2.471897995,1.005429983,0.037780612,RandomForestClassifier(),TRUE,30,4,10,100,FALSE,"{'final_estimator': RandomForestClassifier(), 'final_estimator__bootstrap': True, 'final_estimator__max_depth': 30, 'final_estimator__min_samples_leaf': 4, 'final_estimator__min_samples_split': 10, 'final_estimator__n_estimators': 100, 'passthrough': False}",0.803680505,0.006940719,123,0.843816369,0.005671841,138
87.47672853,2.580863948,1.07756424,0.038622658,RandomForestClassifier(),FALSE,10,4,2,300,FALSE,"{'final_estimator': RandomForestClassifier(), 'final_estimator__bootstrap': False, 'final_estimator__max_depth': 10, 'final_estimator__min_samples_leaf': 4, 'final_estimator__min_samples_split': 2, 'final_estimator__n_estimators': 300, 'passthrough': False}",0.801701286,0.009178391,142,0.843655806,0.007733403,139
89.21617217,1.352731946,1.000429344,0.036859081,RandomForestClassifier(),TRUE,,4,10,100,FALSE,"{'final_estimator': RandomForestClassifier(), 'final_estimator__bootstrap': True, 'final_estimator__max_depth': None, 'final_estimator__min_samples_leaf': 4, 'final_estimator__min_samples_split': 10, 'final_estimator__n_estimators': 100, 'passthrough': False}",0.802690014,0.005123348,130,0.843271847,0.003419773,140
85.8673913,0.439263514,1.074117517,0.035411127,RandomForestClassifier(),TRUE,30,1,10,300,FALSE,"{'final_estimator': RandomForestClassifier(), 'final_estimator__bootstrap': True, 'final_estimator__max_depth': 30, 'final_estimator__min_samples_leaf': 1, 'final_estimator__min_samples_split': 10, 'final_estimator__n_estimators': 300, 'passthrough': False}",0.802295149,0.005964623,137,0.842897522,0.004607084,141
88.35963192,0.769880886,1.058165932,0.027230165,RandomForestClassifier(),FALSE,10,1,2,300,FALSE,"{'final_estimator': RandomForestClassifier(), 'final_estimator__bootstrap': False, 'final_estimator__max_depth': 10, 'final_estimator__min_samples_leaf': 1, 'final_estimator__min_samples_split': 2, 'final_estimator__n_estimators': 300, 'passthrough': False}",0.80090999,0.007907066,147,0.842630675,0.006902364,142
208.7745358,2.797816307,4.259654856,0.322222944,"SVC(C=20, probability=True)",20,linear,FALSE,"{'final_estimator': SVC(C=20, probability=True), 'final_estimator__C': 20, 'final_estimator__kernel': 'linear', 'passthrough': False}",,,,0.798335537,0.00819728,154,0.842512782,0.005322979,143
85.70413651,1.472577328,1.045040083,0.034427008,RandomForestClassifier(),TRUE,30,4,2,100,FALSE,"{'final_estimator': RandomForestClassifier(), 'final_estimator__bootstrap': True, 'final_estimator__max_depth': 30, 'final_estimator__min_samples_leaf': 4, 'final_estimator__min_samples_split': 2, 'final_estimator__n_estimators': 100, 'passthrough': False}",0.80189813,0.010453006,141,0.842445411,0.008003398,144
223.9459636,1.360012261,5.146131372,0.481153347,"SVC(C=20, probability=True)",1,rbf,TRUE,"{'final_estimator': SVC(C=20, probability=True), 'final_estimator__C': 1, 'final_estimator__kernel': 'rbf', 'passthrough': True}",,,,0.79655473,0.005577975,163,0.842396757,0.003467672,145
500.4542695,582.1968888,4.001015568,0.458061833,"SVC(C=20, probability=True)",60,linear,FALSE,"{'final_estimator': SVC(C=20, probability=True), 'final_estimator__C': 60, 'final_estimator__kernel': 'linear', 'passthrough': False}",,,,0.798137517,0.008519086,156,0.842334529,0.005604997,146
199.2184612,4.225157384,4.348587704,0.395479302,"SVC(C=20, probability=True)",40,linear,FALSE,"{'final_estimator': SVC(C=20, probability=True), 'final_estimator__C': 40, 'final_estimator__kernel': 'linear', 'passthrough': False}",,,,0.798137517,0.008519086,157,0.842287303,0.005564463,147
89.70388856,2.688244641,1.041553259,0.058482745,RandomForestClassifier(),FALSE,10,1,2,100,FALSE,"{'final_estimator': RandomForestClassifier(), 'final_estimator__bootstrap': False, 'final_estimator__max_depth': 10, 'final_estimator__min_samples_leaf': 1, 'final_estimator__min_samples_split': 2, 'final_estimator__n_estimators': 100, 'passthrough': False}",0.799922046,0.010301673,150,0.842107879,0.008954673,148
89.84480596,2.530275103,1.09938817,0.031985739,RandomForestClassifier(),TRUE,,1,10,300,FALSE,"{'final_estimator': RandomForestClassifier(), 'final_estimator__bootstrap': True, 'final_estimator__max_depth': None, 'final_estimator__min_samples_leaf': 1, 'final_estimator__min_samples_split': 10, 'final_estimator__n_estimators': 300, 'passthrough': False}",0.801305246,0.006775538,143,0.842100083,0.004775064,149
91.01578827,2.165186602,1.013654661,0.059894547,RandomForestClassifier(),TRUE,,1,10,100,FALSE,"{'final_estimator': RandomForestClassifier(), 'final_estimator__bootstrap': True, 'final_estimator__max_depth': None, 'final_estimator__min_samples_leaf': 1, 'final_estimator__min_samples_split': 10, 'final_estimator__n_estimators': 100, 'passthrough': False}",0.802691189,0.006733837,129,0.842074177,0.00511254,150
86.78893833,1.003263195,1.05374403,0.013760834,RandomForestClassifier(),FALSE,10,1,10,300,FALSE,"{'final_estimator': RandomForestClassifier(), 'final_estimator__bootstrap': False, 'final_estimator__max_depth': 10, 'final_estimator__min_samples_leaf': 1, 'final_estimator__min_samples_split': 10, 'final_estimator__n_estimators': 300, 'passthrough': False}",0.799920479,0.008029889,152,0.842041285,0.006599542,151
209.0443351,1.021557317,4.800073051,0.469122378,"SVC(C=20, probability=True)",1,linear,FALSE,"{'final_estimator': SVC(C=20, probability=True), 'final_estimator__C': 1, 'final_estimator__kernel': 'linear', 'passthrough': False}",,,,0.797147418,0.009068141,160,0.84159043,0.005900947,152
87.22488794,2.742829257,1.075690603,0.104319777,RandomForestClassifier(),TRUE,,4,2,100,FALSE,"{'final_estimator': RandomForestClassifier(), 'final_estimator__bootstrap': True, 'final_estimator__max_depth': None, 'final_estimator__min_samples_leaf': 4, 'final_estimator__min_samples_split': 2, 'final_estimator__n_estimators': 100, 'passthrough': False}",0.800711383,0.008817992,148,0.841403159,0.006636282,153
84.84195647,1.41657032,1.045223427,0.033151696,RandomForestClassifier(),TRUE,30,1,10,100,FALSE,"{'final_estimator': RandomForestClassifier(), 'final_estimator__bootstrap': True, 'final_estimator__max_depth': 30, 'final_estimator__min_samples_leaf': 1, 'final_estimator__min_samples_split': 10, 'final_estimator__n_estimators': 100, 'passthrough': False}",0.80130505,0.009498119,144,0.841165463,0.006902148,154
96.8817894,9.542151252,1.091744661,0.062880741,"XGBClassifier(base_score=None, booster=None, callbacks=None,
              colsample_bylevel=None, colsample_bynode=None,
              colsample_bytree=None, device=None, early_stopping_rounds=None,
              enable_categorical=False, eval_metric=None, feature_types=None,
              feature_weights=None, gamma=None, grow_policy=None,
              importance_type=None, interaction_constraints=None,
              learning_rate=None, max_bin=None, max_cat_threshold=None,
              max_cat_to_onehot=None, max_delta_step=None, max_depth=None,
              max_leaves=None, min_child_weight=None, missing=nan,
              monotone_constraints=None, multi_strategy=None, n_estimators=None,
              n_jobs=None, num_parallel_tree=None, ...)",0,0.1,7,300,FALSE,"{'final_estimator': XGBClassifier(base_score=None, booster=None, callbacks=None,
              colsample_bylevel=None, colsample_bynode=None,
              colsample_bytree=None, device=None, early_stopping_rounds=None,
              enable_categorical=False, eval_metric=None, feature_types=None,
              feature_weights=None, gamma=None, grow_policy=None,
              importance_type=None, interaction_constraints=None,
              learning_rate=None, max_bin=None, max_cat_threshold=None,
              max_cat_to_onehot=None, max_delta_step=None, max_depth=None,
              max_leaves=None, min_child_weight=None, missing=nan,
              monotone_constraints=None, multi_strategy=None, n_estimators=None,
              n_jobs=None, num_parallel_tree=None, ...), 'final_estimator__gamma': 0, 'final_estimator__learning_rate': 0.1, 'final_estimator__max_depth': 7, 'final_estimator__n_estimators': 300, 'passthrough': False}",,0.802493365,0.006933814,132,0.841084952,0.005304969,155
91.97288175,1.918743637,1.018317175,0.013154176,RandomForestClassifier(),TRUE,,1,2,300,FALSE,"{'final_estimator': RandomForestClassifier(), 'final_estimator__bootstrap': True, 'final_estimator__max_depth': None, 'final_estimator__min_samples_leaf': 1, 'final_estimator__min_samples_split': 2, 'final_estimator__n_estimators': 300, 'passthrough': False}",0.800120653,0.012434461,149,0.840259271,0.010411796,156
82.7237937,0.907104368,1.019484711,0.021128415,RandomForestClassifier(),FALSE,,4,2,100,FALSE,"{'final_estimator': RandomForestClassifier(), 'final_estimator__bootstrap': False, 'final_estimator__max_depth': None, 'final_estimator__min_samples_leaf': 4, 'final_estimator__min_samples_split': 2, 'final_estimator__n_estimators': 100, 'passthrough': False}",0.799921066,0.013463207,151,0.839363662,0.011207722,157
86.34275389,1.700560223,1.004206514,0.044345789,RandomForestClassifier(),TRUE,30,1,2,100,FALSE,"{'final_estimator': RandomForestClassifier(), 'final_estimator__bootstrap': True, 'final_estimator__max_depth': 30, 'final_estimator__min_samples_leaf': 1, 'final_estimator__min_samples_split': 2, 'final_estimator__n_estimators': 100, 'passthrough': False}",0.79952581,0.006311617,153,0.838908334,0.005324078,158
250.0949393,6.403165746,3.862793636,0.341978963,"SVC(C=20, probability=True)",20,poly,FALSE,"{'final_estimator': SVC(C=20, probability=True), 'final_estimator__C': 20, 'final_estimator__kernel': 'poly', 'passthrough': False}",,,,0.796158494,0.004859474,165,0.838487998,0.004357834,159
880.8943684,717.1879285,4.005508804,0.427805426,"SVC(C=20, probability=True)",40,poly,FALSE,"{'final_estimator': SVC(C=20, probability=True), 'final_estimator__C': 40, 'final_estimator__kernel': 'poly', 'passthrough': False}",,,,0.795960083,0.006139765,166,0.838152192,0.005361934,160
218.9388516,2.545679469,4.069978571,0.383165503,"SVC(C=20, probability=True)",1,linear,TRUE,"{'final_estimator': SVC(C=20, probability=True), 'final_estimator__C': 1, 'final_estimator__kernel': 'linear', 'passthrough': True}",,,,0.794575511,0.005260507,170,0.838146663,0.004656333,161
89.26353655,3.718797008,1.064397335,0.103277868,"XGBClassifier(base_score=None, booster=None, callbacks=None,
              colsample_bylevel=None, colsample_bynode=None,
              colsample_bytree=None, device=None, early_stopping_rounds=None,
              enable_categorical=False, eval_metric=None, feature_types=None,
              feature_weights=None, gamma=None, grow_policy=None,
              importance_type=None, interaction_constraints=None,
              learning_rate=None, max_bin=None, max_cat_threshold=None,
              max_cat_to_onehot=None, max_delta_step=None, max_depth=None,
              max_leaves=None, min_child_weight=None, missing=nan,
              monotone_constraints=None, multi_strategy=None, n_estimators=None,
              n_jobs=None, num_parallel_tree=None, ...)",0,0.05,7,300,FALSE,"{'final_estimator': XGBClassifier(base_score=None, booster=None, callbacks=None,
              colsample_bylevel=None, colsample_bynode=None,
              colsample_bytree=None, device=None, early_stopping_rounds=None,
              enable_categorical=False, eval_metric=None, feature_types=None,
              feature_weights=None, gamma=None, grow_policy=None,
              importance_type=None, interaction_constraints=None,
              learning_rate=None, max_bin=None, max_cat_threshold=None,
              max_cat_to_onehot=None, max_delta_step=None, max_depth=None,
              max_leaves=None, min_child_weight=None, missing=nan,
              monotone_constraints=None, multi_strategy=None, n_estimators=None,
              n_jobs=None, num_parallel_tree=None, ...), 'final_estimator__gamma': 0, 'final_estimator__learning_rate': 0.05, 'final_estimator__max_depth': 7, 'final_estimator__n_estimators': 300, 'passthrough': False}",,0.796954882,0.009380062,161,0.838036577,0.00814716,162
433.6507671,274.0506958,4.163522625,0.345924573,"SVC(C=20, probability=True)",1,poly,FALSE,"{'final_estimator': SVC(C=20, probability=True), 'final_estimator__C': 1, 'final_estimator__kernel': 'poly', 'passthrough': False}",,,,0.796552967,0.008403846,164,0.83795096,0.006727467,163
265.8342396,24.04376086,2.01730237,0.40074737,"SVC(C=20, probability=True)",60,poly,FALSE,"{'final_estimator': SVC(C=20, probability=True), 'final_estimator__C': 60, 'final_estimator__kernel': 'poly', 'passthrough': False}",,,,0.795366415,0.006358109,167,0.837860065,0.005478299,164
89.6850697,1.096687807,1.19787631,0.080170849,RandomForestClassifier(),FALSE,,4,10,300,FALSE,"{'final_estimator': RandomForestClassifier(), 'final_estimator__bootstrap': False, 'final_estimator__max_depth': None, 'final_estimator__min_samples_leaf': 4, 'final_estimator__min_samples_split': 10, 'final_estimator__n_estimators': 300, 'passthrough': False}",0.797349747,0.013956625,158,0.837851184,0.011393792,165
72.14662728,1.39559691,0.729147053,0.092604189,RandomForestClassifier(),FALSE,30,4,10,300,FALSE,"{'final_estimator': RandomForestClassifier(), 'final_estimator__bootstrap': False, 'final_estimator__max_depth': 30, 'final_estimator__min_samples_leaf': 4, 'final_estimator__min_samples_split': 10, 'final_estimator__n_estimators': 300, 'passthrough': False}",0.798142022,0.010443127,155,0.83773168,0.009262949,166
88.01751866,0.399247571,1.046358871,0.026592496,RandomForestClassifier(),TRUE,30,1,2,300,FALSE,"{'final_estimator': RandomForestClassifier(), 'final_estimator__bootstrap': True, 'final_estimator__max_depth': 30, 'final_estimator__min_samples_leaf': 1, 'final_estimator__min_samples_split': 2, 'final_estimator__n_estimators': 300, 'passthrough': False}",0.797150748,0.005680137,159,0.837414991,0.004859047,167
93.75026145,12.38447439,1.011941242,0.065631306,"XGBClassifier(base_score=None, booster=None, callbacks=None,
              colsample_bylevel=None, colsample_bynode=None,
              colsample_bytree=None, device=None, early_stopping_rounds=None,
              enable_categorical=False, eval_metric=None, feature_types=None,
              feature_weights=None, gamma=None, grow_policy=None,
              importance_type=None, interaction_constraints=None,
              learning_rate=None, max_bin=None, max_cat_threshold=None,
              max_cat_to_onehot=None, max_delta_step=None, max_depth=None,
              max_leaves=None, min_child_weight=None, missing=nan,
              monotone_constraints=None, multi_strategy=None, n_estimators=None,
              n_jobs=None, num_parallel_tree=None, ...)",0,0.1,5,300,FALSE,"{'final_estimator': XGBClassifier(base_score=None, booster=None, callbacks=None,
              colsample_bylevel=None, colsample_bynode=None,
              colsample_bytree=None, device=None, early_stopping_rounds=None,
              enable_categorical=False, eval_metric=None, feature_types=None,
              feature_weights=None, gamma=None, grow_policy=None,
              importance_type=None, interaction_constraints=None,
              learning_rate=None, max_bin=None, max_cat_threshold=None,
              max_cat_to_onehot=None, max_delta_step=None, max_depth=None,
              max_leaves=None, min_child_weight=None, missing=nan,
              monotone_constraints=None, multi_strategy=None, n_estimators=None,
              n_jobs=None, num_parallel_tree=None, ...), 'final_estimator__gamma': 0, 'final_estimator__learning_rate': 0.1, 'final_estimator__max_depth': 5, 'final_estimator__n_estimators': 300, 'passthrough': False}",,0.796951357,0.010363224,162,0.837005282,0.00783874,168
260.9405243,2.565980411,3.928331995,0.145395104,"SVC(C=20, probability=True)",40,linear,TRUE,"{'final_estimator': SVC(C=20, probability=True), 'final_estimator__C': 40, 'final_estimator__kernel': 'linear', 'passthrough': True}",,,,0.791803038,0.008888002,179,0.83589139,0.006557334,169
240.2842396,3.65654872,4.217503929,0.491676163,"SVC(C=20, probability=True)",20,linear,TRUE,"{'final_estimator': SVC(C=20, probability=True), 'final_estimator__C': 20, 'final_estimator__kernel': 'linear', 'passthrough': True}",,,,0.791803234,0.007853288,178,0.835834032,0.00587994,170
83.96496658,2.330603243,1.021687126,0.023039309,RandomForestClassifier(),FALSE,,4,10,100,FALSE,"{'final_estimator': RandomForestClassifier(), 'final_estimator__bootstrap': False, 'final_estimator__max_depth': None, 'final_estimator__min_samples_leaf': 4, 'final_estimator__min_samples_split': 10, 'final_estimator__n_estimators': 100, 'passthrough': False}",0.794775294,0.010518329,168,0.83535367,0.008675655,171
85.85245156,2.093161623,1.056787729,0.048437809,RandomForestClassifier(),FALSE,30,4,2,300,FALSE,"{'final_estimator': RandomForestClassifier(), 'final_estimator__bootstrap': False, 'final_estimator__max_depth': 30, 'final_estimator__min_samples_leaf': 4, 'final_estimator__min_samples_split': 2, 'final_estimator__n_estimators': 300, 'passthrough': False}",0.794381017,0.011851637,171,0.834788535,0.010284712,172
84.95441976,1.289640874,1.077004147,0.028654505,RandomForestClassifier(),FALSE,30,4,2,100,FALSE,"{'final_estimator': RandomForestClassifier(), 'final_estimator__bootstrap': False, 'final_estimator__max_depth': 30, 'final_estimator__min_samples_leaf': 4, 'final_estimator__min_samples_split': 2, 'final_estimator__n_estimators': 100, 'passthrough': False}",0.794379058,0.010088034,172,0.83476805,0.008311044,173
85.11777635,2.202541715,1.05645647,0.023174592,RandomForestClassifier(),FALSE,,4,2,300,FALSE,"{'final_estimator': RandomForestClassifier(), 'final_estimator__bootstrap': False, 'final_estimator__max_depth': None, 'final_estimator__min_samples_leaf': 4, 'final_estimator__min_samples_split': 2, 'final_estimator__n_estimators': 300, 'passthrough': False}",0.793588938,0.010385547,174,0.834643107,0.008861103,174
1753.35702,5.950405437,4.481852818,0.576032465,"SVC(C=20, probability=True)",60,linear,TRUE,"{'final_estimator': SVC(C=20, probability=True), 'final_estimator__C': 60, 'final_estimator__kernel': 'linear', 'passthrough': True}",,,,0.790418466,0.007100069,181,0.83462298,0.004849715,175
99.51031284,1.409736913,0.977349997,0.031816559,RandomForestClassifier(),TRUE,,1,2,100,FALSE,"{'final_estimator': RandomForestClassifier(), 'final_estimator__bootstrap': True, 'final_estimator__max_depth': None, 'final_estimator__min_samples_leaf': 1, 'final_estimator__min_samples_split': 2, 'final_estimator__n_estimators': 100, 'passthrough': False}",0.794578841,0.011487456,169,0.834540112,0.009415647,176
84.15908332,0.352155179,0.980493927,0.026014996,RandomForestClassifier(),FALSE,30,4,10,100,FALSE,"{'final_estimator': RandomForestClassifier(), 'final_estimator__bootstrap': False, 'final_estimator__max_depth': 30, 'final_estimator__min_samples_leaf': 4, 'final_estimator__min_samples_split': 10, 'final_estimator__n_estimators': 100, 'passthrough': False}",0.793391309,0.012852261,175,0.834150131,0.010766317,177
85.17871256,0.925177846,1.073920155,0.026835339,RandomForestClassifier(),FALSE,,1,10,300,FALSE,"{'final_estimator': RandomForestClassifier(), 'final_estimator__bootstrap': False, 'final_estimator__max_depth': None, 'final_estimator__min_samples_leaf': 1, 'final_estimator__min_samples_split': 10, 'final_estimator__n_estimators': 300, 'passthrough': False}",0.79279725,0.009963128,176,0.83286109,0.00837315,178
89.20414858,3.122233199,1.050815105,0.039434028,RandomForestClassifier(),FALSE,30,1,10,100,FALSE,"{'final_estimator': RandomForestClassifier(), 'final_estimator__bootstrap': False, 'final_estimator__max_depth': 30, 'final_estimator__min_samples_leaf': 1, 'final_estimator__min_samples_split': 10, 'final_estimator__n_estimators': 100, 'passthrough': False}",0.792205541,0.014883265,177,0.832222084,0.0133326,179
88.38438978,3.177856294,1.122676659,0.017218919,RandomForestClassifier(),FALSE,30,1,10,300,FALSE,"{'final_estimator': RandomForestClassifier(), 'final_estimator__bootstrap': False, 'final_estimator__max_depth': 30, 'final_estimator__min_samples_leaf': 1, 'final_estimator__min_samples_split': 10, 'final_estimator__n_estimators': 300, 'passthrough': False}",0.791016639,0.011431169,180,0.8316471,0.009767769,180
86.3297852,0.278193914,1.432792187,0.038120005,KNeighborsClassifier(),manhattan,3,distance,TRUE,"{'final_estimator': KNeighborsClassifier(), 'final_estimator__metric': 'manhattan', 'final_estimator__n_neighbors': 3, 'final_estimator__weights': 'distance', 'passthrough': True}",,,0.794184564,0.010012883,173,0.830248006,0.00981655,181
89.15227075,2.544235186,1.005081224,0.075741353,KNeighborsClassifier(),euclidean,9,uniform,FALSE,"{'final_estimator': KNeighborsClassifier(), 'final_estimator__metric': 'euclidean', 'final_estimator__n_neighbors': 9, 'final_estimator__weights': 'uniform', 'passthrough': False}",,,0.786069278,0.004832381,185,0.829537393,0.005014137,182
84.02232285,1.220898851,1.022056532,0.048050645,RandomForestClassifier(),FALSE,,1,10,100,FALSE,"{'final_estimator': RandomForestClassifier(), 'final_estimator__bootstrap': False, 'final_estimator__max_depth': None, 'final_estimator__min_samples_leaf': 1, 'final_estimator__min_samples_split': 10, 'final_estimator__n_estimators': 100, 'passthrough': False}",0.789037812,0.01451946,182,0.829408339,0.012067697,183
83.7467515,1.731390303,1.44016552,0.05330358,KNeighborsClassifier(),manhattan,7,distance,TRUE,"{'final_estimator': KNeighborsClassifier(), 'final_estimator__metric': 'manhattan', 'final_estimator__n_neighbors': 7, 'final_estimator__weights': 'distance', 'passthrough': True}",,,0.788245537,0.003906888,184,0.828863606,0.004786045,184
220.7896882,3.309897858,5.080975819,0.522817857,"SVC(C=20, probability=True)",20,rbf,TRUE,"{'final_estimator': SVC(C=20, probability=True), 'final_estimator__C': 20, 'final_estimator__kernel': 'rbf', 'passthrough': True}",,,,0.785272889,0.007497131,186,0.828401406,0.005952049,185
1517.956441,369.8357959,4.489472342,0.204901403,"SVC(C=20, probability=True)",1,poly,TRUE,"{'final_estimator': SVC(C=20, probability=True), 'final_estimator__C': 1, 'final_estimator__kernel': 'poly', 'passthrough': True}",,,,0.784680005,0.010302831,187,0.828372969,0.008477148,186
67.40341301,7.371275902,0.657859373,0.049811468,KNeighborsClassifier(),manhattan,9,distance,FALSE,"{'final_estimator': KNeighborsClassifier(), 'final_estimator__metric': 'manhattan', 'final_estimator__n_neighbors': 9, 'final_estimator__weights': 'distance', 'passthrough': False}",,,0.78389106,0.004303473,189,0.827605431,0.004941802,187
86.72339625,1.760070921,1.03981967,0.096968175,KNeighborsClassifier(),euclidean,9,distance,FALSE,"{'final_estimator': KNeighborsClassifier(), 'final_estimator__metric': 'euclidean', 'final_estimator__n_neighbors': 9, 'final_estimator__weights': 'distance', 'passthrough': False}",,,0.783099568,0.007159512,192,0.826914654,0.006811109,188
83.88184934,1.328240052,1.025470686,0.059813533,KNeighborsClassifier(),manhattan,9,uniform,FALSE,"{'final_estimator': KNeighborsClassifier(), 'final_estimator__metric': 'manhattan', 'final_estimator__n_neighbors': 9, 'final_estimator__weights': 'uniform', 'passthrough': False}",,,0.783495608,0.002702033,191,0.826832452,0.002748779,189
84.8371594,0.581892338,1.547001934,0.056465753,KNeighborsClassifier(),manhattan,5,distance,TRUE,"{'final_estimator': KNeighborsClassifier(), 'final_estimator__metric': 'manhattan', 'final_estimator__n_neighbors': 5, 'final_estimator__weights': 'distance', 'passthrough': True}",,,0.788246516,0.007690159,183,0.826743559,0.008538905,190
83.18246145,1.459120384,1.161203623,0.103224574,KNeighborsClassifier(),manhattan,9,distance,TRUE,"{'final_estimator': KNeighborsClassifier(), 'final_estimator__metric': 'manhattan', 'final_estimator__n_neighbors': 9, 'final_estimator__weights': 'distance', 'passthrough': True}",,,0.782508055,0.005954148,194,0.825891724,0.006648523,191
89.56614804,3.948197779,0.984279966,0.075082268,KNeighborsClassifier(),euclidean,7,uniform,FALSE,"{'final_estimator': KNeighborsClassifier(), 'final_estimator__metric': 'euclidean', 'final_estimator__n_neighbors': 7, 'final_estimator__weights': 'uniform', 'passthrough': False}",,,0.781119958,0.006789105,197,0.824548485,0.006917927,192
84.88777184,0.890099653,1.057753086,0.02705667,RandomForestClassifier(),FALSE,,1,2,300,FALSE,"{'final_estimator': RandomForestClassifier(), 'final_estimator__bootstrap': False, 'final_estimator__max_depth': None, 'final_estimator__min_samples_leaf': 1, 'final_estimator__min_samples_split': 2, 'final_estimator__n_estimators': 300, 'passthrough': False}",0.783693628,0.006614163,190,0.824154075,0.006194352,193
87.64328179,2.483287633,1.047733831,0.032296614,KNeighborsClassifier(),euclidean,5,uniform,FALSE,"{'final_estimator': KNeighborsClassifier(), 'final_estimator__metric': 'euclidean', 'final_estimator__n_neighbors': 5, 'final_estimator__weights': 'uniform', 'passthrough': False}",,,0.781514626,0.01023881,195,0.824137809,0.008327068,194
85.02912526,0.940123635,1.000471497,0.019938987,KNeighborsClassifier(),manhattan,7,uniform,FALSE,"{'final_estimator': KNeighborsClassifier(), 'final_estimator__metric': 'manhattan', 'final_estimator__n_neighbors': 7, 'final_estimator__weights': 'uniform', 'passthrough': False}",,,0.781122112,0.006975365,196,0.823621686,0.007735984,195
86.75022559,1.95162125,1.061657715,0.050791388,RandomForestClassifier(),FALSE,30,1,2,300,FALSE,"{'final_estimator': RandomForestClassifier(), 'final_estimator__bootstrap': False, 'final_estimator__max_depth': 30, 'final_estimator__min_samples_leaf': 1, 'final_estimator__min_samples_split': 2, 'final_estimator__n_estimators': 300, 'passthrough': False}",0.782903703,0.010959647,193,0.822705056,0.009605421,196
87.024754,0.680537758,1.454476357,0.065795584,KNeighborsClassifier(),manhattan,3,uniform,TRUE,"{'final_estimator': KNeighborsClassifier(), 'final_estimator__metric': 'manhattan', 'final_estimator__n_neighbors': 3, 'final_estimator__weights': 'uniform', 'passthrough': True}",,,0.78448649,0.008284435,188,0.822471635,0.008339611,197
82.41598363,0.931324995,0.994890976,0.041160395,RandomForestClassifier(),FALSE,,1,2,100,FALSE,"{'final_estimator': RandomForestClassifier(), 'final_estimator__bootstrap': False, 'final_estimator__max_depth': None, 'final_estimator__min_samples_leaf': 1, 'final_estimator__min_samples_split': 2, 'final_estimator__n_estimators': 100, 'passthrough': False}",0.78092468,0.01212876,198,0.821706488,0.010780048,198
83.92202458,2.182062252,1.018973351,0.034818761,RandomForestClassifier(),FALSE,30,1,2,100,FALSE,"{'final_estimator': RandomForestClassifier(), 'final_estimator__bootstrap': False, 'final_estimator__max_depth': 30, 'final_estimator__min_samples_leaf': 1, 'final_estimator__min_samples_split': 2, 'final_estimator__n_estimators': 100, 'passthrough': False}",0.780529228,0.011574623,199,0.821369026,0.010716233,199
87.49069152,1.266434821,1.069178104,0.1320775,KNeighborsClassifier(),euclidean,5,distance,FALSE,"{'final_estimator': KNeighborsClassifier(), 'final_estimator__metric': 'euclidean', 'final_estimator__n_neighbors': 5, 'final_estimator__weights': 'distance', 'passthrough': False}",,,0.777555797,0.010705019,201,0.820847189,0.008445367,200
89.25909071,1.89306358,0.947811794,0.038595222,KNeighborsClassifier(),euclidean,7,distance,FALSE,"{'final_estimator': KNeighborsClassifier(), 'final_estimator__metric': 'euclidean', 'final_estimator__n_neighbors': 7, 'final_estimator__weights': 'distance', 'passthrough': False}",,,0.776567069,0.007215624,205,0.820486622,0.006990597,201
84.28215671,1.211611899,0.986901188,0.028596184,KNeighborsClassifier(),manhattan,7,distance,FALSE,"{'final_estimator': KNeighborsClassifier(), 'final_estimator__metric': 'manhattan', 'final_estimator__n_neighbors': 7, 'final_estimator__weights': 'distance', 'passthrough': False}",,,0.776767243,0.006115871,204,0.820441737,0.006340392,202
85.6237061,1.511143748,0.997844601,0.033431683,KNeighborsClassifier(),manhattan,5,uniform,FALSE,"{'final_estimator': KNeighborsClassifier(), 'final_estimator__metric': 'manhattan', 'final_estimator__n_neighbors': 5, 'final_estimator__weights': 'uniform', 'passthrough': False}",,,0.777360324,0.008991483,202,0.820415771,0.007485233,203
85.84808125,1.122298772,1.515364027,0.070316066,KNeighborsClassifier(),manhattan,7,uniform,TRUE,"{'final_estimator': KNeighborsClassifier(), 'final_estimator__metric': 'manhattan', 'final_estimator__n_neighbors': 7, 'final_estimator__weights': 'uniform', 'passthrough': True}",,,0.776767831,0.004188779,203,0.8199213,0.005427966,204
219.5028742,2.983232111,4.968150616,0.377425341,"SVC(C=20, probability=True)",40,rbf,TRUE,"{'final_estimator': SVC(C=20, probability=True), 'final_estimator__C': 40, 'final_estimator__kernel': 'rbf', 'passthrough': True}",,,,0.775974773,0.007466874,206,0.819098001,0.007760509,205
87.11896272,1.199542096,1.03517704,0.063807918,KNeighborsClassifier(),euclidean,9,distance,TRUE,"{'final_estimator': KNeighborsClassifier(), 'final_estimator__metric': 'euclidean', 'final_estimator__n_neighbors': 9, 'final_estimator__weights': 'distance', 'passthrough': True}",,,0.769841447,0.005787337,214,0.818345198,0.005232341,206
86.38517766,2.224406232,1.486113262,0.113287804,KNeighborsClassifier(),manhattan,5,uniform,TRUE,"{'final_estimator': KNeighborsClassifier(), 'final_estimator__metric': 'manhattan', 'final_estimator__n_neighbors': 5, 'final_estimator__weights': 'uniform', 'passthrough': True}",,,0.77756089,0.008255994,200,0.81799091,0.009340272,207
85.83386717,1.299688089,0.943545771,0.043705097,KNeighborsClassifier(),manhattan,5,distance,FALSE,"{'final_estimator': KNeighborsClassifier(), 'final_estimator__metric': 'manhattan', 'final_estimator__n_neighbors': 5, 'final_estimator__weights': 'distance', 'passthrough': False}",,,0.774984869,0.008734571,208,0.817922829,0.007285976,208
84.88178148,0.946524397,1.13754158,0.047150814,KNeighborsClassifier(),manhattan,3,uniform,FALSE,"{'final_estimator': KNeighborsClassifier(), 'final_estimator__metric': 'manhattan', 'final_estimator__n_neighbors': 3, 'final_estimator__weights': 'uniform', 'passthrough': False}",,,0.775974577,0.003576156,207,0.817701859,0.0034845,209
83.91008005,0.766747654,1.400999737,0.012614823,KNeighborsClassifier(),manhattan,9,uniform,TRUE,"{'final_estimator': KNeighborsClassifier(), 'final_estimator__metric': 'manhattan', 'final_estimator__n_neighbors': 9, 'final_estimator__weights': 'uniform', 'passthrough': True}",,,0.771425801,0.007657128,211,0.817534425,0.007916431,210
85.38743229,2.269688969,1.058841515,0.042244017,KNeighborsClassifier(),euclidean,9,uniform,TRUE,"{'final_estimator': KNeighborsClassifier(), 'final_estimator__metric': 'euclidean', 'final_estimator__n_neighbors': 9, 'final_estimator__weights': 'uniform', 'passthrough': True}",,,0.767861837,0.006010784,215,0.817131993,0.005150594,211
100.6025389,2.784008416,0.97870574,0.065480222,KNeighborsClassifier(),euclidean,3,uniform,FALSE,"{'final_estimator': KNeighborsClassifier(), 'final_estimator__metric': 'euclidean', 'final_estimator__n_neighbors': 3, 'final_estimator__weights': 'uniform', 'passthrough': False}",,,0.773205042,0.007412407,209,0.815409634,0.007174787,212
87.17772574,1.432798713,1.043326235,0.02635464,KNeighborsClassifier(),euclidean,7,distance,TRUE,"{'final_estimator': KNeighborsClassifier(), 'final_estimator__metric': 'euclidean', 'final_estimator__n_neighbors': 7, 'final_estimator__weights': 'distance', 'passthrough': True}",,,0.766477069,0.004924708,216,0.815078983,0.004841038,213
85.01801691,1.157029828,1.05355401,0.060561853,KNeighborsClassifier(),manhattan,3,distance,FALSE,"{'final_estimator': KNeighborsClassifier(), 'final_estimator__metric': 'manhattan', 'final_estimator__n_neighbors': 3, 'final_estimator__weights': 'distance', 'passthrough': False}",,,0.772411395,0.007436863,210,0.813573296,0.007076298,214
223.5287167,5.435856075,4.893984985,0.245356514,"SVC(C=20, probability=True)",60,rbf,TRUE,"{'final_estimator': SVC(C=20, probability=True), 'final_estimator__C': 60, 'final_estimator__kernel': 'rbf', 'passthrough': True}",,,,0.770631763,0.00541394,213,0.813193165,0.005164994,215
92.48138485,1.977914836,0.955361366,0.027391875,KNeighborsClassifier(),euclidean,3,distance,FALSE,"{'final_estimator': KNeighborsClassifier(), 'final_estimator__metric': 'euclidean', 'final_estimator__n_neighbors': 3, 'final_estimator__weights': 'distance', 'passthrough': False}",,,0.770633135,0.008235803,212,0.812152015,0.007332344,216
90.91055255,0.947123097,1.027074575,0.040691346,KNeighborsClassifier(),euclidean,7,uniform,TRUE,"{'final_estimator': KNeighborsClassifier(), 'final_estimator__metric': 'euclidean', 'final_estimator__n_neighbors': 7, 'final_estimator__weights': 'uniform', 'passthrough': True}",,,0.762123571,0.006036954,217,0.811676298,0.006024171,217
89.74175515,1.565585842,1.002535152,0.060541128,KNeighborsClassifier(),euclidean,5,distance,TRUE,"{'final_estimator': KNeighborsClassifier(), 'final_estimator__metric': 'euclidean', 'final_estimator__n_neighbors': 5, 'final_estimator__weights': 'distance', 'passthrough': True}",,,0.756978582,0.00795099,219,0.804854501,0.007355885,218
93.09909101,7.421053085,1.054757071,0.048448842,KNeighborsClassifier(),euclidean,3,distance,TRUE,"{'final_estimator': KNeighborsClassifier(), 'final_estimator__metric': 'euclidean', 'final_estimator__n_neighbors': 3, 'final_estimator__weights': 'distance', 'passthrough': True}",,,0.757375209,0.013097663,218,0.803488906,0.012341833,219
91.15106397,2.554126292,1.04638257,0.054387165,KNeighborsClassifier(),euclidean,5,uniform,TRUE,"{'final_estimator': KNeighborsClassifier(), 'final_estimator__metric': 'euclidean', 'final_estimator__n_neighbors': 5, 'final_estimator__weights': 'uniform', 'passthrough': True}",,,0.752426085,0.008042025,220,0.801675777,0.007286603,220
100.9473572,3.178332728,1.067155457,0.18118234,KNeighborsClassifier(),euclidean,3,uniform,TRUE,"{'final_estimator': KNeighborsClassifier(), 'final_estimator__metric': 'euclidean', 'final_estimator__n_neighbors': 3, 'final_estimator__weights': 'uniform', 'passthrough': True}",,,0.751833397,0.012572632,221,0.799100765,0.012430849,221
241.5598404,1.54740287,3.834310532,0.285345871,"SVC(C=20, probability=True)",20,poly,TRUE,"{'final_estimator': SVC(C=20, probability=True), 'final_estimator__C': 20, 'final_estimator__kernel': 'poly', 'passthrough': True}",,,,0.739956714,0.006910466,222,0.784563657,0.006392761,222
240.4354058,2.396468176,3.881473732,0.723481261,"SVC(C=20, probability=True)",60,poly,TRUE,"{'final_estimator': SVC(C=20, probability=True), 'final_estimator__C': 60, 'final_estimator__kernel': 'poly', 'passthrough': True}",,,,0.730458031,0.008676371,223,0.775538347,0.008988051,223
257.964568,1.733319651,3.851617575,0.479727307,"SVC(C=20, probability=True)",40,poly,TRUE,"{'final_estimator': SVC(C=20, probability=True), 'final_estimator__C': 40, 'final_estimator__kernel': 'poly', 'passthrough': True}",,,,0.730258836,0.012116707,224,0.775353741,0.012292315,224
